# Blender v2.82 (sub 7) OBJ File: 'ARROW.blend'
# www.blender.org
mtllib ARROW.mtl
o Cube.001
v 69.459686 0.090802 -6.104691
v 67.002151 0.009960 -0.354880
v 69.714836 0.076681 -6.006421
v 67.245804 -0.000195 -0.290402
v 69.254646 0.084904 -5.453974
v 69.238075 0.075184 -4.937240
v 69.594704 0.055075 -4.588526
v 69.707413 0.041794 -4.230268
v 69.536751 0.034580 -3.787099
v 68.744522 0.016372 -2.264364
v 68.476997 0.001843 -1.436630
v 67.507133 0.024903 -1.188369
v 69.390587 0.077433 -5.396365
v 69.423790 0.069654 -5.006465
v 69.781570 0.048619 -4.625272
v 69.898506 0.032208 -4.157434
v 69.846786 0.018877 -3.624632
v 68.913422 0.012202 -2.278619
v 68.625450 -0.006136 -1.330922
v 67.626289 0.017054 -1.054480
v 69.674316 0.036122 -3.985915
v 69.897873 0.023857 -3.851764
v 68.846596 0.022564 -2.622848
v 68.938377 0.019284 -2.600949
v 69.047821 0.021532 -3.062470
v 69.149620 0.017215 -3.013232
v 69.116272 0.025491 -3.191001
v 69.212685 0.021227 -3.143678
v 69.149307 0.021872 -3.234071
v 69.222954 0.018475 -3.192824
v 69.147202 0.022972 -3.265830
v 69.250458 0.019285 -3.247280
v 69.153145 0.024209 -3.328714
v 69.327011 0.017784 -3.341382
v 69.419754 0.033087 -3.655287
v 69.777237 0.017130 -3.530068
v 69.298958 0.027637 -3.515048
v 69.648338 0.008492 -3.334102
v 69.375824 0.031490 -3.602306
v 69.736565 0.014948 -3.467124
v 69.353813 0.029130 -3.578004
v 69.702522 0.012866 -3.384163
v 69.674072 0.009546 -3.397849
v 69.550957 0.015558 -3.470943
v 69.645187 0.017039 -3.487598
v 69.640053 0.004347 -3.339302
v 69.462837 0.015740 -3.427256
v 69.321098 0.067222 -4.724536
v 69.585960 0.060535 -4.840515
v 69.267456 0.070604 -4.787722
v 69.516510 0.063667 -4.876805
v 69.482040 0.060854 -4.672920
v 69.681404 0.054889 -4.741631
v 69.641434 0.050929 -4.489662
v 69.839333 0.043863 -4.516531
v 69.066689 0.039747 -3.148377
v 69.230652 0.032829 -3.080096
v 68.718323 0.011255 -2.037309
v 69.135056 -0.006733 -2.122966
v 68.945656 0.009679 -2.837148
v 69.034760 0.007632 -2.808414
v 68.706482 0.005660 -1.805285
v 69.061440 -0.002992 -1.815431
v 68.716827 0.008170 -1.915583
v 69.129524 -0.001474 -2.033814
v 68.979759 0.005135 -2.128599
v 69.055260 0.001820 -2.045883
v 68.631821 0.001985 -1.609471
v 68.877983 -0.007239 -1.558059
v 68.308571 0.004805 -1.355466
v 68.407242 -0.003164 -1.194128
v 68.248589 0.006103 -1.335434
v 68.334419 -0.002122 -1.150322
v 68.181915 0.008102 -1.333464
v 68.266251 0.000149 -1.156630
v 68.026466 0.013373 -1.351189
v 68.059547 0.006380 -1.151771
v 67.951363 0.016620 -1.385334
v 67.982544 0.012688 -1.150173
v 67.861664 0.020582 -1.429162
v 67.943275 0.026876 -1.188022
v 67.697433 0.023272 -1.342755
v 67.822235 0.018115 -1.168128
v 69.221931 0.080421 -5.186794
v 69.382484 0.073961 -5.193789
v 69.419281 0.092339 -5.858532
v 69.508171 0.087067 -5.807549
v 69.325279 0.089770 -5.677643
v 69.429840 0.083013 -5.610862
v 69.443810 0.093383 -5.999686
v 69.602043 0.086099 -5.922075
v 69.657318 0.076391 -6.000133
v 69.487991 0.084520 -6.090925
v 69.532684 0.087579 -5.984260
v 67.309349 0.023969 -0.931922
v 67.415810 0.017861 -0.847322
v 67.156410 0.018425 -0.565014
v 67.253654 0.013947 -0.523303
v 67.209740 0.021633 -0.734618
v 67.307152 0.016485 -0.674907
v 67.067795 0.016162 -0.445722
v 67.234695 0.008999 -0.393393
v 67.037712 0.003495 -0.344273
v 67.218819 -0.004217 -0.298654
v 67.148781 0.009271 -0.393043
v 68.823883 0.036698 -2.602996
v 68.949142 0.032061 -2.574526
v 68.813522 0.025800 -2.546380
v 68.913933 0.022132 -2.525333
v 68.775604 0.019896 -2.419675
v 68.883797 0.016633 -2.406895
v 67.590668 0.045784 -1.094700
v 68.580864 0.022634 -1.362525
v 68.952194 0.043082 -1.809444
v 68.803658 0.026303 -1.572938
v 68.377876 0.025603 -1.242741
v 68.308983 0.026723 -1.206205
v 68.241272 0.028911 -1.209981
v 68.050247 0.034848 -1.212028
v 67.974091 0.037847 -1.219774
v 67.920204 0.041789 -1.254694
v 67.785149 0.043649 -1.219219
v 67.384064 0.046059 -0.872470
v 67.230705 0.038029 -0.560525
v 67.278175 0.044389 -0.692445
v 69.618156 0.046487 -3.744260
v 69.757782 0.055364 -4.210820
v 69.643967 0.069461 -4.597676
v 69.287033 0.089729 -4.954868
v 69.290588 0.098159 -5.438522
v 69.733154 0.048993 -3.950464
v 69.530640 0.043117 -3.617361
v 69.390717 0.081549 -4.754364
v 69.332947 0.084865 -4.810531
v 69.534569 0.075369 -4.690412
v 69.693581 0.065156 -4.496234
v 69.264313 0.094305 -5.188193
v 69.433540 0.103604 -5.816879
v 69.353043 0.103394 -5.659793
v 69.502312 0.037707 -3.556538
v 69.451797 0.029878 -3.524507
v 69.380180 0.026471 -3.469763
v 69.249168 0.022566 -3.354989
v 68.876747 0.033949 -2.273470
v 68.956596 0.040537 -1.980240
v 68.920502 0.040621 -2.104770
v 68.849197 0.027358 -2.386183
v 68.850166 0.010464 -2.631549
v 68.938042 0.008138 -2.611534
v 69.048721 0.012913 -3.051015
v 69.135674 0.010213 -3.010356
v 68.993774 0.023943 -2.822156
v 69.087769 0.023018 -3.031117
v 68.896126 0.023585 -2.622956
v 68.968071 0.020456 -2.830664
v 68.874359 0.020171 -2.627989
v 69.069382 0.020310 -3.039619
v 69.016235 0.019124 -2.815492
v 69.108719 0.019103 -3.021702
v 68.916504 0.018932 -2.618817
v 67.569862 0.037964 -1.118010
v 68.555016 0.014836 -1.380982
v 68.841484 0.027533 -2.271106
v 68.866150 0.033793 -2.086549
v 68.886520 0.034773 -1.807274
v 68.888245 0.034432 -1.961611
v 68.760963 0.018128 -1.582060
v 68.360603 0.017803 -1.270779
v 68.293922 0.018968 -1.238337
v 68.226463 0.021109 -1.240688
v 68.044266 0.026881 -1.246625
v 67.968407 0.029601 -1.260692
v 67.905754 0.032528 -1.297140
v 67.763344 0.035614 -1.249712
v 67.365448 0.037939 -0.887292
v 67.216461 0.032690 -0.567379
v 67.261116 0.036104 -0.702979
v 68.827148 0.023470 -2.388328
v 69.048851 0.028120 -3.084272
v 69.174866 0.022658 -3.026454
v 67.535835 0.026565 -1.156143
v 68.512726 0.003474 -1.411167
v 68.788963 0.017186 -2.267581
v 68.786140 0.017273 -2.060064
v 68.789116 0.014701 -1.806318
v 68.795494 0.015900 -1.936861
v 68.691048 0.005064 -1.596989
v 68.332359 0.006438 -1.316654
v 68.269295 0.007675 -1.290917
v 68.202263 0.009739 -1.290934
v 68.034515 0.015240 -1.303239
v 67.959061 0.018246 -1.328155
v 67.881798 0.021732 -1.368590
v 67.727600 0.024603 -1.300102
v 67.335007 0.026049 -0.911525
v 67.193436 0.022863 -0.578499
v 67.233223 0.023943 -0.720192
v 68.798080 0.018874 -2.390983
v 67.547066 0.033687 -1.143581
v 68.526657 0.010583 -1.401204
v 68.806244 0.023964 -2.268641
v 68.812408 0.026069 -2.068631
v 68.821068 0.024659 -1.806538
v 68.825928 0.025355 -1.944861
v 68.714012 0.012730 -1.592014
v 68.341698 0.013549 -1.301560
v 68.277451 0.014762 -1.273631
v 68.210281 0.016851 -1.274411
v 68.037811 0.022441 -1.284634
v 67.962227 0.025353 -1.306002
v 67.889740 0.028656 -1.345134
v 67.739395 0.031598 -1.283532
v 67.345062 0.033331 -0.903508
v 67.201759 0.027623 -0.574513
v 67.242455 0.031314 -0.714471
v 68.808388 0.021705 -2.389980
v 67.521301 0.034340 -1.172523
v 68.494568 0.011264 -1.424060
v 68.766312 0.025422 -2.265686
v 68.751434 0.022802 -2.048095
v 68.746773 0.018671 -1.805549
v 68.755196 0.020546 -1.925653
v 68.660774 0.012108 -1.603188
v 68.320358 0.014228 -1.336430
v 68.258881 0.015497 -1.313634
v 68.192032 0.017527 -1.312627
v 68.030632 0.022909 -1.327727
v 67.955360 0.026039 -1.357401
v 67.871681 0.029771 -1.399586
v 67.712311 0.032549 -1.321858
v 67.322044 0.033608 -0.921805
v 67.183884 0.027261 -0.583025
v 67.221382 0.031384 -0.727394
v 68.785873 0.025485 -2.391875
v 67.610085 0.032606 -1.072792
v 68.605148 0.009434 -1.345297
v 68.995110 0.020798 -1.773728
v 68.844101 0.010796 -1.564784
v 68.393898 0.012405 -1.216276
v 68.322868 0.013483 -1.175792
v 68.254913 0.015716 -1.180943
v 68.055374 0.021812 -1.179240
v 67.978722 0.026905 -1.182110
v 67.932671 0.037301 -1.219215
v 67.805328 0.032503 -1.191606
v 67.401382 0.033170 -0.858747
v 67.243744 0.028879 -0.554410
v 67.293991 0.031660 -0.682855
v 67.236099 -0.002521 -0.282329
v 67.207405 0.011469 -0.381699
v 67.087959 0.018749 -0.416025
v 67.010963 0.008354 -0.339898
v 69.668503 0.036283 -3.717963
v 69.788719 0.046158 -4.199146
v 69.674225 0.060766 -4.603880
v 69.317101 0.081184 -4.966372
v 69.312531 0.089298 -5.429333
v 69.769394 0.039349 -3.928787
v 69.603798 0.034343 -3.609108
v 69.433693 0.072815 -4.773495
v 69.373344 0.076091 -4.825274
v 69.566856 0.066753 -4.701831
v 69.725632 0.056361 -4.500827
v 69.290276 0.085609 -5.189543
v 69.445999 0.097957 -5.809238
v 69.369865 0.094650 -5.649107
v 69.760628 0.026791 -3.669742
v 69.845444 0.038486 -4.177602
v 69.729691 0.054026 -4.614948
v 69.372223 0.074720 -4.987106
v 69.352844 0.082256 -5.412320
v 69.835777 0.030880 -3.888993
v 69.692696 0.026260 -3.575634
v 69.512367 0.066007 -4.808144
v 69.447319 0.069208 -4.851919
v 69.626045 0.060159 -4.722413
v 69.784378 0.049440 -4.508955
v 69.337906 0.078868 -5.191757
v 69.467628 0.092497 -5.795895
v 69.400841 0.087820 -5.629364
v 69.713631 0.031120 -3.694347
v 69.816498 0.041887 -4.188603
v 69.701385 0.056951 -4.609318
v 69.344093 0.077505 -4.976546
v 69.332268 0.085336 -5.421010
v 69.801910 0.034688 -3.909301
v 69.647133 0.029215 -3.592796
v 69.472229 0.068967 -4.790488
v 69.409576 0.072207 -4.838345
v 69.595848 0.063010 -4.711931
v 69.754402 0.052458 -4.504824
v 69.313599 0.081794 -5.190642
v 69.456520 0.094109 -5.802756
v 69.385025 0.090791 -5.639446
v 69.807861 0.030186 -3.644926
v 69.874626 0.042809 -4.166389
v 69.758224 0.058824 -4.620367
v 69.400581 0.079658 -4.997455
v 69.373650 0.086900 -5.403418
v 69.869888 0.034797 -3.868474
v 69.738403 0.027831 -3.558349
v 69.552750 0.070770 -4.825589
v 69.485298 0.073933 -4.865281
v 69.656479 0.065032 -4.732683
v 69.814590 0.054145 -4.512875
v 69.362450 0.083665 -5.192660
v 69.478874 0.095410 -5.788910
v 69.416885 0.092573 -5.619070
v 69.474258 0.088426 -6.110324
v 69.475716 0.094786 -6.007427
v 69.683479 0.077790 -5.998948
v 69.588730 0.088465 -5.950699
v 69.458534 0.053240 -6.105719
v 67.000938 -0.029497 -0.355960
v 69.713898 0.046257 -6.007254
v 67.244644 -0.037879 -0.291435
v 67.248032 -0.019146 -0.290076
v 69.456139 0.072153 -6.106664
v 69.714371 0.061469 -6.006838
v 66.997803 -0.009623 -0.356538
v 69.253143 0.036144 -5.455309
v 69.236328 0.018598 -4.938789
v 69.592941 -0.002348 -4.590098
v 69.705643 -0.015628 -4.231840
v 69.535004 -0.022178 -3.788653
v 68.742828 -0.038589 -2.265869
v 68.475311 -0.052920 -1.438130
v 67.505447 -0.029859 -1.189868
v 69.389191 0.032085 -5.397607
v 69.422150 0.016479 -5.007921
v 69.779907 -0.005391 -4.626750
v 69.896843 -0.021802 -4.158914
v 69.845146 -0.034469 -3.626093
v 68.911690 -0.044035 -2.280159
v 68.623795 -0.059873 -1.332393
v 67.624634 -0.036682 -1.055951
v 69.245682 0.060872 -5.458124
v 69.225983 0.047122 -4.933836
v 69.582535 0.026650 -4.587095
v 69.694984 0.013559 -4.235456
v 69.517143 0.007047 -3.797692
v 68.739380 -0.010985 -2.264799
v 68.472702 -0.025365 -1.439838
v 67.503525 -0.002308 -1.192231
v 69.393326 0.054613 -5.395527
v 69.427666 0.042970 -5.008943
v 69.785469 0.021494 -4.626939
v 69.902512 0.005003 -4.156331
v 69.853813 -0.008150 -3.621252
v 68.910698 -0.015162 -2.304858
v 68.628769 -0.033213 -1.328703
v 67.628792 -0.010019 -1.051473
v 69.672554 -0.021300 -3.987487
v 69.896210 -0.030153 -3.853243
v 69.659927 0.008049 -3.994807
v 69.902702 -0.003415 -3.849108
v 68.844933 -0.031434 -2.624326
v 68.936707 -0.035004 -2.602436
v 68.822670 -0.003574 -2.629083
v 68.960823 -0.008736 -2.595886
v 69.046577 -0.018738 -3.063572
v 69.148369 -0.023386 -3.014344
v 69.022018 0.002518 -3.075666
v 69.175186 -0.004230 -3.001427
v 69.114876 -0.019864 -3.192243
v 69.211288 -0.024128 -3.144920
v 69.091476 0.003879 -3.203453
v 69.236092 -0.002517 -3.132469
v 69.148148 -0.015934 -3.235106
v 69.221794 -0.019330 -3.193859
v 69.130318 0.003818 -3.244901
v 69.240784 -0.001277 -3.183030
v 69.146027 -0.015164 -3.266875
v 69.249290 -0.018851 -3.248324
v 69.121506 0.004783 -3.270209
v 69.277451 -0.000853 -3.239739
v 69.151993 -0.013324 -3.329741
v 69.325943 -0.016915 -3.342332
v 69.131950 0.006026 -3.327370
v 69.338196 -0.000580 -3.317986
v 69.418098 -0.020705 -3.656760
v 69.775673 -0.033622 -3.531458
v 69.396355 0.007104 -3.663982
v 69.797134 -0.009105 -3.522633
v 69.297630 -0.015516 -3.516229
v 69.647217 -0.027805 -3.335096
v 69.282272 0.006809 -3.524955
v 69.650078 -0.009768 -3.333114
v 69.374260 -0.019310 -3.603697
v 69.735107 -0.032389 -3.468420
v 69.351578 0.007051 -3.611726
v 69.760071 -0.009726 -3.458276
v 69.352394 -0.016933 -3.579265
v 69.701118 -0.032757 -3.385413
v 69.333649 0.006989 -3.589274
v 69.708900 -0.010256 -3.381398
v 69.672951 -0.026952 -3.398848
v 69.549820 -0.021379 -3.471955
v 69.643814 -0.027736 -3.488824
v 69.639221 -0.022880 -3.340047
v 69.461784 -0.018533 -3.428194
v 69.319328 0.009800 -4.726109
v 69.584297 0.006525 -4.841994
v 69.304214 0.038812 -4.718319
v 69.591827 0.033404 -4.844187
v 69.265686 0.013182 -4.789294
v 69.514847 0.009657 -4.878284
v 69.251526 0.042209 -4.783130
v 69.521980 0.036530 -4.879797
v 69.480270 0.003432 -4.674492
v 69.679741 0.000879 -4.743110
v 69.469109 0.032400 -4.669559
v 69.685623 0.027776 -4.744107
v 69.639664 -0.006494 -4.491235
v 69.837669 -0.010147 -4.518010
v 69.628593 0.022541 -4.488828
v 69.843506 0.016722 -4.517948
v 69.064438 -0.033355 -3.150379
v 69.228401 -0.040272 -3.082098
v 69.024574 0.004925 -3.166449
v 69.270515 -0.005451 -3.064027
v 68.716606 -0.044292 -2.038830
v 69.133804 -0.047298 -2.124077
v 68.710915 -0.016378 -2.035845
v 69.149208 -0.026966 -2.141938
v 68.944962 -0.012965 -2.837768
v 69.033974 -0.017973 -2.809115
v 68.940140 -0.001397 -2.840623
v 69.040817 -0.005433 -2.806420
v 68.704750 -0.050675 -1.806827
v 69.059586 -0.063316 -1.817083
v 68.697647 -0.022265 -1.805925
v 69.076370 -0.033598 -1.817887
v 68.715103 -0.047781 -1.917115
v 69.127815 -0.057073 -2.035336
v 68.708374 -0.019629 -1.914263
v 69.148163 -0.029669 -2.042069
v 68.978081 -0.049272 -2.130089
v 69.053513 -0.055132 -2.047443
v 68.630119 -0.053129 -1.610980
v 68.876305 -0.061878 -1.559555
v 68.625244 -0.025363 -1.611421
v 68.884018 -0.034810 -1.557370
v 68.306885 -0.049957 -1.356966
v 68.405586 -0.056901 -1.195599
v 68.305435 -0.022403 -1.359967
v 68.409172 -0.030241 -1.190354
v 68.246902 -0.048659 -1.336933
v 68.332764 -0.055858 -1.151793
v 68.245750 -0.021098 -1.340487
v 68.335991 -0.029206 -1.145884
v 68.180229 -0.046660 -1.334964
v 68.264595 -0.053587 -1.158101
v 68.179108 -0.019106 -1.338325
v 68.267784 -0.026927 -1.152423
v 68.024780 -0.041389 -1.352689
v 68.057892 -0.047356 -1.153242
v 68.024857 -0.013858 -1.356575
v 68.059647 -0.020669 -1.146933
v 67.949677 -0.038142 -1.386833
v 67.980644 -0.048997 -1.151862
v 67.949783 -0.010587 -1.391613
v 67.982803 -0.018417 -1.142797
v 67.859978 -0.034180 -1.430662
v 67.940643 -0.058654 -1.190364
v 67.858879 -0.006579 -1.435771
v 67.945587 -0.016366 -1.175864
v 67.695747 -0.031490 -1.344255
v 67.820335 -0.043570 -1.169817
v 67.693680 -0.003907 -1.347628
v 67.825111 -0.013024 -1.162444
v 69.220322 0.028015 -5.188229
v 69.380974 0.024967 -5.195130
v 69.211426 0.054505 -5.187092
v 69.385796 0.049344 -5.194635
v 69.417694 0.040733 -5.859945
v 69.506653 0.037736 -5.808901
v 69.407379 0.067077 -5.866482
v 69.516708 0.062019 -5.804689
v 69.323723 0.039182 -5.679029
v 69.428391 0.035838 -5.612154
v 69.318184 0.064781 -5.682373
v 69.431763 0.059298 -5.609818
v 69.442352 0.045903 -6.000986
v 69.600594 0.039192 -5.923359
v 69.431419 0.070194 -6.007334
v 69.613396 0.062147 -5.918092
v 69.656502 0.049737 -6.000863
v 69.487144 0.057008 -6.091678
v 69.531387 0.045381 -5.985415
v 67.307663 -0.030793 -0.933422
v 67.414154 -0.035875 -0.848794
v 67.306030 -0.003282 -0.934639
v 67.417961 -0.009163 -0.845693
v 67.154739 -0.035927 -0.566503
v 67.251999 -0.039721 -0.524773
v 67.145012 -0.008365 -0.567974
v 67.262039 -0.013314 -0.518834
v 67.208054 -0.033129 -0.736118
v 67.305504 -0.037251 -0.676378
v 67.206635 -0.005640 -0.736756
v 67.309052 -0.010512 -0.673974
v 67.066223 -0.034747 -0.447116
v 67.233162 -0.040728 -0.394755
v 67.053032 -0.008777 -0.449529
v 67.245125 -0.016362 -0.388483
v 67.036804 -0.025820 -0.345076
v 67.217964 -0.031760 -0.299408
v 67.147400 -0.035737 -0.394275
v 68.821358 -0.045209 -2.605239
v 68.946625 -0.049845 -2.576769
v 68.791306 -0.003097 -2.611235
v 68.979195 -0.010051 -2.568530
v 68.811592 -0.036807 -2.548095
v 68.912003 -0.040475 -2.527047
v 68.789925 -0.004544 -2.556826
v 68.940544 -0.010046 -2.525255
v 68.773895 -0.035520 -2.421192
v 68.882065 -0.039617 -2.408435
v 68.768188 -0.007452 -2.426216
v 68.897507 -0.011872 -2.410192
v 67.587379 -0.060926 -1.097621
v 68.577583 -0.084077 -1.365447
v 68.947701 -0.102846 -1.813440
v 68.800079 -0.089924 -1.576121
v 68.374596 -0.081108 -1.245663
v 68.305702 -0.079987 -1.209127
v 68.237991 -0.077799 -1.212903
v 68.046959 -0.071862 -1.214950
v 67.970772 -0.069746 -1.222720
v 67.916809 -0.068453 -1.257712
v 67.781837 -0.063944 -1.222165
v 67.380783 -0.060651 -0.875392
v 67.227676 -0.060276 -0.563217
v 67.274895 -0.062320 -0.695367
v 69.615448 -0.041391 -3.746666
v 69.755051 -0.033311 -4.213248
v 69.641243 -0.019214 -4.600104
v 69.284332 0.002057 -4.957270
v 69.288177 0.019880 -5.440666
v 69.730431 -0.039682 -3.952892
v 69.528091 -0.039590 -3.619626
v 69.387985 -0.007126 -4.756792
v 69.330215 -0.003810 -4.812959
v 69.531837 -0.013306 -4.692840
v 69.690849 -0.023519 -4.498662
v 69.261772 0.011649 -5.190456
v 69.431160 0.026353 -5.818995
v 69.350563 0.022921 -5.661997
v 69.500053 -0.035783 -3.558550
v 69.450058 -0.026626 -3.526054
v 69.378693 -0.021821 -3.471085
v 69.247978 -0.016153 -3.356050
v 68.873741 -0.063736 -2.276145
v 68.952538 -0.091242 -1.983849
v 68.916718 -0.082298 -2.108136
v 68.846840 -0.049311 -2.388283
v 68.849258 -0.019119 -2.632359
v 68.937073 -0.023296 -2.612395
v 68.839752 -0.003941 -2.634855
v 68.948776 -0.008018 -2.608569
v 69.047989 -0.010831 -3.051665
v 69.134880 -0.015708 -3.011066
v 69.038643 0.001505 -3.057343
v 69.147842 -0.003286 -3.005186
v 68.992081 -0.030959 -2.823659
v 69.086311 -0.024389 -3.032416
v 68.894310 -0.035491 -2.624573
v 68.966660 -0.025438 -2.831921
v 68.872803 -0.030475 -2.629376
v 69.068138 -0.020096 -3.040726
v 69.014786 -0.027901 -2.816779
v 69.107445 -0.022290 -3.022836
v 68.914925 -0.032332 -2.620221
v 67.567139 -0.050579 -1.120434
v 68.552292 -0.073707 -1.383406
v 68.838936 -0.055304 -2.273374
v 68.862854 -0.073148 -2.089477
v 68.882660 -0.090646 -1.810709
v 68.884659 -0.081975 -1.964798
v 68.757980 -0.078653 -1.584710
v 68.357880 -0.070740 -1.273204
v 68.291191 -0.069575 -1.240761
v 68.223740 -0.067434 -1.243113
v 68.041542 -0.061662 -1.249049
v 67.965683 -0.058942 -1.263117
v 67.903030 -0.056015 -1.299565
v 67.760620 -0.052929 -1.252136
v 67.362724 -0.050604 -0.889716
v 67.213806 -0.053705 -0.569746
v 67.258392 -0.052439 -0.705404
v 68.825073 -0.043964 -2.390174
v 69.047241 -0.024176 -3.085704
v 69.173248 -0.029639 -3.027886
v 69.016548 0.003338 -3.099442
v 69.205559 -0.004856 -3.012715
v 67.533943 -0.035042 -1.157830
v 68.510834 -0.058134 -1.412854
v 68.787140 -0.041956 -2.269201
v 68.783974 -0.053215 -2.061994
v 68.786667 -0.064708 -1.808493
v 68.793182 -0.059158 -1.938916
v 68.689034 -0.060520 -1.598785
v 68.330460 -0.055169 -1.318341
v 68.267395 -0.053932 -1.292604
v 68.200363 -0.051868 -1.292621
v 68.032616 -0.046367 -1.304927
v 67.957169 -0.043361 -1.329842
v 67.879906 -0.039876 -1.370278
v 67.725700 -0.037004 -1.301789
v 67.333107 -0.035558 -0.913212
v 67.191444 -0.041889 -0.580272
v 67.231331 -0.037663 -0.721879
v 68.796341 -0.037451 -2.392525
v 67.544693 -0.043517 -1.145695
v 68.524284 -0.066620 -1.403318
v 68.803978 -0.049715 -2.270658
v 68.809662 -0.063128 -2.071074
v 68.817955 -0.076584 -1.809310
v 68.822990 -0.070013 -1.947472
v 68.711472 -0.069844 -1.594275
v 68.339317 -0.063655 -1.303674
v 68.275070 -0.062442 -1.275745
v 68.207901 -0.060352 -1.276525
v 68.035431 -0.054762 -1.286748
v 67.959846 -0.051850 -1.308116
v 67.887360 -0.048547 -1.347248
v 67.737015 -0.045605 -1.285646
v 67.342690 -0.043872 -0.905622
v 67.199455 -0.047362 -0.576567
v 67.240074 -0.045889 -0.716585
v 68.806458 -0.040961 -2.391696
v 67.518982 -0.041002 -1.174586
v 68.492249 -0.064077 -1.426123
v 68.764030 -0.048875 -2.267720
v 68.748970 -0.057246 -2.050287
v 68.744164 -0.066104 -1.807870
v 68.752655 -0.061924 -1.927912
v 68.658394 -0.065341 -1.605309
v 68.318039 -0.061113 -1.338493
v 68.256561 -0.059845 -1.315697
v 68.189713 -0.057815 -1.314690
v 68.028313 -0.052432 -1.329790
v 67.953041 -0.049302 -1.359464
v 67.869362 -0.045571 -1.401649
v 67.709991 -0.042793 -1.323921
v 67.319725 -0.041732 -0.923869
v 67.181648 -0.045437 -0.585016
v 67.219063 -0.043957 -0.729457
v 68.783752 -0.043241 -2.393757
v 67.607536 -0.050184 -1.075059
v 68.602600 -0.073357 -1.347564
v 68.991844 -0.085228 -1.776632
v 68.841385 -0.077402 -1.567199
v 68.391350 -0.070386 -1.218543
v 68.320320 -0.069308 -1.178059
v 68.252365 -0.067075 -1.183210
v 68.052826 -0.060978 -1.181507
v 67.976006 -0.061185 -1.184522
v 67.929474 -0.066686 -1.222062
v 67.802620 -0.055586 -1.194019
v 67.398834 -0.049620 -0.861015
v 67.241241 -0.052293 -0.556633
v 67.291443 -0.051130 -0.685122
v 67.235085 -0.035405 -0.283230
v 67.205757 -0.042151 -0.383167
v 67.086143 -0.040188 -0.417639
v 67.009811 -0.029257 -0.340928
v 69.666283 -0.035753 -3.719936
v 69.786476 -0.026676 -4.201141
v 69.671982 -0.012068 -4.605874
v 69.314888 0.009354 -4.968339
v 69.310608 0.026860 -5.431043
v 69.767151 -0.033484 -3.930781
v 69.601639 -0.035794 -3.611028
v 69.431450 -0.000018 -4.775490
v 69.371101 0.003257 -4.827269
v 69.564613 -0.006080 -4.703825
v 69.723389 -0.016473 -4.502821
v 69.288216 0.018794 -5.191373
v 69.443932 0.030797 -5.811078
v 69.367874 0.030018 -5.650877
v 69.758736 -0.034593 -3.671423
v 69.843529 -0.023695 -4.179305
v 69.727776 -0.008155 -4.616651
v 69.370338 0.013542 -4.988781
v 69.351250 0.030470 -5.413737
v 69.833870 -0.031300 -3.890696
v 69.690811 -0.035034 -3.577313
v 69.510452 0.003826 -4.809847
v 69.445404 0.007027 -4.853621
v 69.624130 -0.002022 -4.724115
v 69.782463 -0.012741 -4.510658
v 69.336182 0.022706 -5.193295
v 69.465836 0.034180 -5.797492
v 69.399178 0.033841 -5.630842
v 69.711609 -0.034673 -3.696149
v 69.814453 -0.024703 -4.190426
v 69.699333 -0.009639 -4.611141
v 69.342072 0.011918 -4.978343
v 69.330544 0.029141 -5.422549
v 69.799858 -0.031903 -3.911124
v 69.645180 -0.034239 -3.594533
v 69.470184 0.002377 -4.792312
v 69.407532 0.005616 -4.840168
v 69.593796 -0.003580 -4.713754
v 69.752350 -0.014132 -4.506648
v 69.311737 0.021223 -5.192301
v 69.454659 0.033631 -5.804412
v 69.383232 0.032403 -5.641045
v 69.805634 -0.042236 -3.646909
v 69.872368 -0.030410 -4.168395
v 69.755974 -0.014395 -4.622372
v 69.398361 0.007442 -4.999433
v 69.371719 0.024076 -5.405138
v 69.867638 -0.038422 -3.870479
v 69.736305 -0.040353 -3.560217
v 69.550491 -0.002449 -4.827594
v 69.483040 0.000714 -4.867286
v 69.654228 -0.008187 -4.734688
v 69.812340 -0.019074 -4.514880
v 69.360382 0.016465 -5.194500
v 69.476868 0.030203 -5.790696
v 69.414886 0.027556 -5.620851
v 69.473236 0.055020 -6.111239
v 69.474121 0.042967 -6.008846
v 69.682526 0.046671 -5.999800
v 69.587212 0.039218 -5.952047
v 69.027756 0.010679 -3.008494
v 69.115303 0.008367 -2.970540
v 69.023026 0.000747 -3.012115
v 69.121780 -0.003502 -2.967977
v 69.069366 0.023901 -2.991049
v 69.046623 0.020628 -3.001052
v 69.093956 0.019181 -2.980830
v 69.027130 -0.009640 -3.009050
v 69.114586 -0.014793 -2.971174
v 69.067818 -0.026329 -2.992424
v 69.045341 -0.021122 -3.002195
v 69.092636 -0.023695 -2.982004
v 68.866005 0.008723 -2.671577
v 68.958565 0.006513 -2.649340
v 68.860435 -0.003500 -2.674217
v 68.964798 -0.007447 -2.647416
v 68.914955 0.024634 -2.660127
v 68.888710 0.020682 -2.666884
v 68.938789 0.019194 -2.655192
v 68.865242 -0.016169 -2.672259
v 68.957726 -0.020872 -2.650090
v 68.913101 -0.035661 -2.661778
v 68.887154 -0.029740 -2.668264
v 68.937210 -0.031974 -2.656593
v 67.242668 -0.001596 -0.282279
v 67.023361 0.014602 -0.390400
v 67.241814 0.005330 -0.328691
v 69.714775 0.074780 -6.006474
v 69.466644 0.089708 -6.111913
v 66.995682 0.000398 -0.348785
v 67.248131 -0.009357 -0.282666
v 69.459610 0.082155 -6.113275
v 67.016243 -0.009195 -0.392898
v 67.246025 -0.018059 -0.327519
v 69.285110 0.087381 -5.571362
v 69.225548 0.077867 -5.053631
v 69.550385 0.057600 -4.630919
v 69.677544 0.046597 -4.372061
v 69.611328 0.035128 -3.880328
v 68.758850 0.018506 -2.352342
v 68.562729 0.001330 -1.513494
v 67.605415 0.024315 -1.277404
v 69.405014 0.080104 -5.502832
v 69.394943 0.072128 -5.096882
v 69.735519 0.051451 -4.676907
v 69.871674 0.038409 -4.353723
v 69.876038 0.021023 -3.725255
v 68.892975 0.015192 -2.345448
v 68.754631 -0.007175 -1.436143
v 67.731499 0.016255 -1.125387
v 69.277107 0.063138 -5.576178
v 69.214470 0.050706 -5.051771
v 69.538307 0.029157 -4.628930
v 69.664932 0.018277 -4.373958
v 69.594452 0.007207 -3.890482
v 68.754227 -0.009001 -2.353944
v 68.557426 -0.025887 -1.516042
v 67.601639 -0.002879 -1.281696
v 69.407341 0.057089 -5.501724
v 69.398438 0.046327 -5.098679
v 69.739372 0.024333 -4.678808
v 69.875755 0.011240 -4.353998
v 69.881905 -0.006254 -3.722069
v 68.899345 -0.013604 -2.348979
v 68.759163 -0.034324 -1.434718
v 67.734222 -0.011342 -1.121682
v 67.504326 0.012502 -1.191436
v 68.473587 -0.010555 -1.439124
v 68.740372 0.003948 -2.264430
v 69.519943 0.021748 -3.796060
v 69.696884 0.028498 -4.234495
v 69.584404 0.041612 -4.586962
v 69.227837 0.061851 -4.933954
v 69.247093 0.073336 -5.457346
v 67.513275 0.032672 -1.181531
v 68.484581 0.009606 -1.431185
v 68.753899 0.023998 -2.264822
v 69.575294 0.043590 -3.766778
v 69.731300 0.051616 -4.220991
v 69.618073 0.065282 -4.592752
v 69.261299 0.085432 -4.945471
v 69.271713 0.094228 -5.446594
v 67.628830 0.004774 -1.051537
v 68.628708 -0.018420 -1.328668
v 68.916946 -0.004504 -2.286717
v 69.853279 0.006488 -3.621366
v 69.902359 0.019813 -4.156156
v 69.785332 0.036293 -4.626419
v 69.427528 0.057526 -5.008326
v 69.393272 0.066925 -5.395373
v 69.707718 0.038243 -4.100933
v 69.906914 0.027399 -3.991278
v 69.694801 0.010084 -4.108346
v 69.911118 0.000163 -3.989243
v 69.902451 0.011403 -3.849128
v 69.702209 0.045613 -3.969082
v 69.662079 0.022967 -3.993383
v 68.852852 0.014941 -2.627441
v 68.933823 0.012399 -2.608347
v 68.833946 -0.003830 -2.632399
v 68.952133 -0.008253 -2.603736
v 68.958275 0.006849 -2.596232
v 68.892677 0.025379 -2.612010
v 68.826057 0.011660 -2.627913
v 69.046852 0.024163 -3.069111
v 69.158188 0.019294 -3.015703
v 69.018356 0.002835 -3.083122
v 69.185417 -0.004503 -3.002963
v 69.172157 0.007513 -3.002682
v 69.098351 0.022667 -3.037705
v 69.025551 0.013826 -3.073683
v 69.137100 0.021868 -3.212675
v 69.212860 0.018361 -3.169792
v 69.117569 0.003636 -3.223919
v 69.231216 -0.001624 -3.159595
v 69.233482 0.010656 -3.133590
v 69.164581 0.026760 -3.167247
v 69.094887 0.016786 -3.201617
v 69.151970 0.022474 -3.251165
v 69.234962 0.018963 -3.216288
v 69.130722 0.004228 -3.260310
v 69.255348 -0.001051 -3.207664
v 69.238815 0.009698 -3.184021
v 69.186218 0.023009 -3.213370
v 69.132950 0.014581 -3.243314
v 69.140190 0.023373 -3.284366
v 69.276596 0.019179 -3.291060
v 69.111450 0.005419 -3.282133
v 69.309303 -0.000679 -3.281910
v 69.274025 0.010409 -3.241236
v 69.198006 0.023721 -3.257529
v 69.124985 0.015769 -3.269423
v 69.220428 0.025924 -3.421057
v 69.203720 0.006502 -3.425430
v 69.347481 0.007757 -3.333045
v 69.197029 0.024049 -3.335924
v 69.134880 0.017407 -3.327289
v 69.469673 0.033873 -3.710865
v 69.814331 0.017535 -3.563280
v 69.447876 0.007068 -3.720591
v 69.823700 -0.008910 -3.559638
v 69.794975 0.004809 -3.523271
v 69.467728 0.041413 -3.638376
v 69.399605 0.020986 -3.662604
v 69.339554 0.028498 -3.562219
v 69.670807 0.012117 -3.351520
v 69.321465 0.006946 -3.574017
v 69.673958 -0.010042 -3.349933
v 69.284668 0.019402 -3.523443
v 69.333214 0.028764 -3.495346
v 69.644989 -0.000502 -3.330107
v 69.391182 0.032375 -3.621596
v 69.742546 0.017007 -3.505157
v 69.366783 0.007092 -3.630286
v 69.777603 -0.009357 -3.491473
v 69.354927 0.020468 -3.610265
v 69.427048 0.037840 -3.583306
v 69.757446 0.003719 -3.459098
v 69.364204 0.030250 -3.588967
v 69.726189 0.013416 -3.424435
v 69.341652 0.007017 -3.599297
v 69.738159 -0.010103 -3.419914
v 69.708420 0.002899 -3.381463
v 69.395355 0.031639 -3.555256
v 69.336487 0.020022 -3.587584
v 69.688461 0.016339 -3.390866
v 69.690033 0.021181 -3.482930
v 69.640388 0.008028 -3.332985
v 69.655518 0.008244 -3.360268
v 69.512550 0.015633 -3.452719
v 69.676758 0.011202 -3.442840
v 69.591965 0.016017 -3.487089
v 69.394066 0.015926 -3.388520
v 69.283302 0.069069 -4.749478
v 69.552223 0.062013 -4.856565
v 69.266174 0.040681 -4.743799
v 69.558189 0.034873 -4.860012
v 69.591446 0.048204 -4.843415
v 69.354073 0.077401 -4.738526
v 69.306671 0.053773 -4.718784
v 69.253105 0.072665 -4.848768
v 69.469307 0.066492 -4.928811
v 69.239159 0.044276 -4.844721
v 69.473953 0.039426 -4.931573
v 69.521645 0.051331 -4.879111
v 69.298485 0.080752 -4.798398
v 69.253868 0.057167 -4.783391
v 69.395775 0.064315 -4.702330
v 69.629547 0.058104 -4.800739
v 69.380768 0.035876 -4.697175
v 69.634628 0.030985 -4.803967
v 69.471077 0.047366 -4.669666
v 69.506950 0.071122 -4.681086
v 69.685448 0.042574 -4.743485
v 69.618668 0.053348 -4.552427
v 69.812599 0.046728 -4.591108
v 69.606064 0.024934 -4.550880
v 69.816673 0.019599 -4.592825
v 69.843338 0.031524 -4.517459
v 69.666161 0.061061 -4.492672
v 69.630547 0.037499 -4.488620
v 69.089928 0.034062 -3.171992
v 69.226189 0.028249 -3.112909
v 69.054909 0.004571 -3.187610
v 69.259300 -0.004148 -3.098986
v 69.030350 0.025726 -3.163739
v 69.148842 0.041771 -3.114087
v 69.266037 0.015782 -3.065585
v 68.729507 0.013746 -2.148212
v 68.723152 -0.013693 -2.147670
v 69.142433 -0.016576 -2.138517
v 68.732513 0.019921 -2.041790
v 68.712189 -0.001515 -2.035716
v 68.992249 0.010245 -2.934316
v 69.080269 0.008090 -2.900595
v 68.987106 -0.000178 -2.937943
v 69.086510 -0.004323 -2.898326
v 68.941162 0.004038 -2.839523
v 68.955330 0.015530 -2.834231
v 69.039490 0.001103 -2.806734
v 68.716507 0.007065 -1.868954
v 69.101692 0.000164 -1.933228
v 68.707626 -0.020857 -1.868569
v 69.125366 -0.031780 -1.939351
v 68.699104 -0.007366 -1.805533
v 68.723724 0.014948 -1.805294
v 69.074860 -0.018363 -1.817267
v 68.715347 0.009447 -1.964026
v 69.141472 -0.002966 -2.101571
v 68.707321 -0.018282 -1.962290
v 69.154564 -0.027890 -2.114212
v 68.709778 -0.004745 -1.914115
v 68.733246 0.017188 -1.919760
v 69.146187 -0.014736 -2.040725
v 69.092163 0.006920 -2.025633
v 69.010979 0.003177 -2.071385
v 69.108963 -0.005645 -2.097828
v 68.944336 0.007774 -2.204150
v 68.679405 0.003709 -1.713500
v 68.985016 -0.005955 -1.687565
v 68.671471 -0.023953 -1.714880
v 68.993431 -0.034607 -1.687785
v 68.883621 -0.019955 -1.557143
v 68.644241 0.010046 -1.606698
v 68.626419 -0.010535 -1.610864
v 68.384392 0.003284 -1.385160
v 68.502403 -0.004567 -1.249876
v 68.380806 -0.023926 -1.389055
v 68.504875 -0.031641 -1.246831
v 68.409279 -0.015448 -1.190514
v 68.313698 0.012569 -1.347273
v 68.306175 -0.007593 -1.359092
v 68.268257 0.005657 -1.341257
v 68.356277 -0.002464 -1.162418
v 68.265366 -0.021547 -1.346164
v 68.357910 -0.029544 -1.158155
v 68.246452 -0.006289 -1.339543
v 68.253075 0.013854 -1.326066
v 68.336151 -0.014412 -1.146126
v 68.226776 0.006692 -1.332411
v 68.316223 -0.001524 -1.151689
v 68.223854 -0.020510 -1.337362
v 68.317902 -0.028608 -1.147373
v 68.267944 -0.012134 -1.152636
v 68.186333 0.015866 -1.324505
v 68.179810 -0.004296 -1.337404
v 68.104195 0.010688 -1.340513
v 68.164108 0.003292 -1.156549
v 68.101959 -0.016533 -1.345539
v 68.164955 -0.023769 -1.152144
v 68.025406 0.000955 -1.355589
v 68.028351 0.021185 -1.341115
v 68.059982 -0.005880 -1.147225
v 67.980537 0.015138 -1.364012
v 68.003647 0.008450 -1.146326
v 67.979156 -0.012088 -1.369830
v 68.003494 -0.019109 -1.140785
v 67.983086 -0.001117 -1.143824
v 67.953178 0.024382 -1.373359
v 67.950333 0.004223 -1.390516
v 67.915352 0.018576 -1.416270
v 67.968521 0.021108 -1.169317
v 67.913246 -0.008604 -1.422943
v 67.969795 -0.017580 -1.158728
v 67.859581 0.008225 -1.434632
v 67.866035 0.028246 -1.416489
v 67.945503 0.008460 -1.178739
v 67.785988 0.022095 -1.399325
v 67.894234 0.023926 -1.188702
v 67.782600 -0.005069 -1.405153
v 67.897049 -0.014782 -1.179127
v 67.825066 0.004280 -1.163260
v 67.703873 0.030973 -1.333771
v 67.694496 0.010899 -1.346706
v 69.232483 0.082670 -5.323519
v 69.382332 0.075527 -5.293536
v 69.222656 0.057964 -5.326018
v 69.385406 0.052061 -5.293415
v 69.385696 0.062701 -5.194248
v 69.242043 0.090189 -5.187366
v 69.213058 0.068025 -5.186773
v 69.443413 0.092241 -5.927464
v 69.546661 0.087361 -5.875134
v 69.424080 0.068586 -5.940375
v 69.564667 0.062311 -5.869299
v 69.409187 0.080773 -5.865199
v 69.436089 0.100096 -5.841524
v 69.515961 0.075688 -5.804758
v 69.374504 0.091587 -5.775098
v 69.467682 0.085464 -5.716080
v 69.367355 0.065938 -5.779896
v 69.470169 0.060995 -5.714972
v 69.431831 0.072133 -5.609677
v 69.338486 0.099342 -5.669129
v 69.319374 0.077776 -5.681511
v 69.450577 0.094076 -6.066092
v 69.658676 0.084458 -5.964292
v 69.444649 0.071486 -6.069389
v 69.663475 0.061833 -5.962911
v 69.433304 0.084092 -6.006077
v 69.464478 0.095389 -5.992498
v 69.612312 0.076141 -5.918289
v 69.674126 0.078475 -6.001563
v 69.556793 0.090366 -5.950629
v 69.498444 0.087306 -6.046343
v 69.608414 0.081926 -5.987667
v 67.401871 0.024715 -1.063174
v 67.514168 0.017759 -0.954165
v 67.398415 -0.002516 -1.066458
v 67.516479 -0.009289 -0.951853
v 67.418045 0.005623 -0.845584
v 67.314857 0.031824 -0.927520
v 67.306801 0.011533 -0.933987
v 67.181847 0.020031 -0.645678
v 67.278206 0.015195 -0.595411
v 67.177727 -0.007188 -0.647752
v 67.280884 -0.011829 -0.594237
v 67.146790 0.006392 -0.567292
v 67.174873 0.025416 -0.565485
v 67.261345 0.001502 -0.519080
v 67.247902 0.022944 -0.825406
v 67.349037 0.017417 -0.756014
v 67.244713 -0.004320 -0.827769
v 67.351036 -0.009591 -0.754810
v 67.207375 0.009178 -0.736176
v 67.214806 0.029536 -0.731445
v 67.309166 0.004271 -0.673778
v 67.122757 0.017122 -0.500747
v 67.233215 0.012466 -0.461339
v 67.100250 -0.008702 -0.505344
v 67.250206 -0.014784 -0.451835
v 67.244171 -0.001784 -0.388784
v 67.089081 0.019572 -0.435992
v 67.055229 0.005749 -0.448740
v 67.022072 0.007500 -0.338762
v 67.187408 0.013737 -0.403045
v 67.196449 0.002227 -0.340028
v 67.079071 0.007460 -0.369915
v 68.834366 0.031742 -2.614930
v 68.946861 0.027578 -2.588703
v 68.805107 -0.003214 -2.622475
v 68.973915 -0.009489 -2.583091
v 68.795944 0.020307 -2.609701
v 68.886703 0.040523 -2.588593
v 68.976006 0.013642 -2.568775
v 68.819756 0.033029 -2.584463
v 68.937378 0.028690 -2.558296
v 68.789497 -0.003552 -2.592576
v 68.965935 -0.010059 -2.553327
v 68.937653 0.008093 -2.524878
v 68.860779 0.028536 -2.530322
v 68.793312 0.013365 -2.555133
v 68.796837 0.021242 -2.483163
v 68.888840 0.018028 -2.467205
v 68.781799 -0.005924 -2.497307
v 68.913879 -0.010629 -2.473992
v 68.769485 0.008020 -2.425068
v 68.785728 0.025366 -2.407132
v 68.896164 0.003745 -2.409450
v 67.600357 0.040941 -1.083780
v 68.592972 0.017780 -1.353927
v 68.986549 0.031953 -1.804915
v 68.823792 0.020540 -1.568838
v 68.385880 0.020750 -1.229560
v 68.315933 0.021849 -1.191063
v 68.248093 0.024060 -1.195523
v 68.052841 0.030076 -1.195708
v 67.976456 0.033952 -1.200926
v 67.926521 0.040614 -1.236607
v 67.795235 0.039653 -1.205360
v 67.392715 0.041359 -0.865613
v 67.229980 0.033348 -0.545307
v 67.286079 0.039769 -0.687639
v 67.250076 0.042373 -0.613094
v 67.318924 0.045437 -0.776512
v 67.693787 0.044753 -1.170952
v 67.862717 0.042874 -1.247826
v 67.953842 0.039841 -1.239550
v 67.997421 0.036528 -1.211971
v 68.146599 0.031883 -1.212081
v 68.289688 0.027318 -1.206229
v 68.330170 0.026350 -1.216383
v 68.696777 0.022304 -1.459059
v 68.892509 0.035897 -1.694218
v 68.467133 0.024164 -1.290523
v 67.480637 0.046216 -0.986777
v 69.647446 0.042378 -3.728940
v 69.775803 0.051834 -4.203991
v 69.661591 0.066228 -4.601229
v 69.304550 0.086583 -4.961499
v 69.303391 0.094830 -5.433137
v 69.754257 0.045209 -3.937826
v 69.584625 0.037920 -3.603315
v 69.415726 0.078293 -4.765424
v 69.356461 0.081586 -4.819042
v 69.553375 0.072182 -4.696993
v 69.712242 0.061865 -4.498852
v 69.279442 0.091072 -5.188928
v 69.449699 0.101013 -5.827075
v 69.362869 0.100132 -5.653538
v 69.316872 0.100727 -5.553060
v 69.398254 0.105010 -5.755918
v 69.270248 0.092180 -5.064486
v 69.728706 0.060531 -4.366835
v 69.599190 0.072067 -4.642480
v 69.353981 0.083299 -4.776986
v 69.457283 0.078766 -4.727572
v 69.680908 0.047510 -3.839417
v 69.272064 0.096142 -5.315274
v 69.310028 0.087115 -4.869218
v 69.669777 0.067692 -4.562082
v 69.760201 0.051485 -4.071875
v 69.562248 0.045289 -3.671312
v 69.584946 0.030400 -3.525525
v 69.524879 0.039990 -3.578873
v 69.508781 0.025888 -3.493639
v 69.428123 0.023921 -3.445529
v 69.277504 0.021596 -3.343300
v 69.304283 0.023742 -3.406038
v 69.426529 0.028022 -3.506679
v 69.475769 0.033799 -3.539711
v 68.897385 0.026662 -2.275393
v 69.005775 0.025328 -2.000113
v 68.953430 0.027931 -2.116802
v 68.859177 0.024530 -2.399712
v 68.938286 0.040888 -2.040313
v 68.898712 0.037921 -2.187257
v 68.859665 0.030248 -2.344037
v 68.972260 0.041821 -1.906010
v 68.851173 0.008787 -2.639882
v 68.943810 0.006513 -2.618837
v 68.845024 -0.003896 -2.642433
v 68.950668 -0.007851 -2.616768
v 68.947044 0.000283 -2.608985
v 68.866600 0.016283 -2.628448
v 68.841385 0.003557 -2.633967
v 69.050560 0.017023 -3.055755
v 69.139809 0.013653 -3.013062
v 69.030563 0.002012 -3.066774
v 69.161407 -0.003747 -3.003603
v 69.040199 0.007510 -3.055981
v 69.064140 0.017310 -3.043132
v 69.145935 0.003642 -3.005831
v 69.005348 0.022533 -2.818765
v 69.097572 0.021542 -3.027669
v 68.904922 0.021765 -2.620443
v 69.083908 0.023779 -3.024084
v 68.949120 0.024273 -2.729018
v 68.981216 0.023296 -2.826360
v 68.886192 0.022386 -2.624515
v 69.080093 0.022134 -3.035625
v 68.874062 0.020645 -2.635620
v 69.012962 0.020514 -2.927203
v 69.026527 0.013900 -2.811701
v 69.117279 0.015802 -3.018725
v 68.922531 0.014838 -2.616142
v 69.060547 0.019144 -2.909307
v 68.923248 0.019160 -2.624786
v 67.580795 0.043103 -1.105765
v 68.568596 0.019963 -1.371280
v 68.858734 0.032240 -2.272222
v 68.892479 0.040055 -2.095243
v 68.918510 0.042086 -1.807740
v 68.919434 0.041095 -1.969932
v 68.783379 0.023717 -1.577244
v 68.369690 0.022931 -1.256057
v 68.301849 0.024073 -1.221469
v 68.234261 0.026238 -1.224567
v 68.047432 0.032097 -1.228466
v 67.971436 0.034783 -1.239099
v 67.913437 0.037701 -1.274384
v 67.774826 0.040685 -1.233582
v 67.375237 0.043235 -0.879496
v 67.218163 0.034702 -0.550833
v 67.270088 0.041486 -0.697430
v 68.835526 0.025365 -2.397566
v 68.897408 0.036102 -1.893963
v 68.831886 0.024409 -2.345599
v 68.853706 0.031266 -2.176788
v 68.877190 0.034142 -2.019376
v 67.233627 0.034582 -0.621895
v 67.301224 0.037217 -0.788714
v 67.671783 0.037000 -1.197405
v 67.843712 0.034101 -1.284830
v 67.944321 0.030949 -1.282811
v 67.993156 0.028539 -1.249734
v 68.135994 0.023985 -1.244016
v 68.273994 0.019561 -1.237606
v 68.314728 0.018576 -1.247434
v 68.663445 0.014523 -1.472635
v 68.839012 0.026906 -1.698891
v 68.446526 0.016344 -1.314073
v 67.461014 0.038242 -1.005802
v 69.053978 0.035693 -3.114862
v 69.206688 0.029197 -3.049333
v 69.014786 0.004287 -3.132149
v 69.243851 -0.005456 -3.033855
v 69.202087 0.010350 -3.014110
v 69.111977 0.029311 -3.055255
v 69.020950 0.018202 -3.097224
v 67.540718 0.029097 -1.150683
v 68.518784 0.006000 -1.406839
v 68.796478 0.019568 -2.268059
v 68.797577 0.020535 -2.063814
v 68.803024 0.018469 -1.806430
v 68.808746 0.019449 -1.940364
v 68.701042 0.007833 -1.594836
v 68.336411 0.008965 -1.310090
v 68.272827 0.010192 -1.283397
v 68.205742 0.012267 -1.283746
v 68.035934 0.017807 -1.295144
v 67.960426 0.020771 -1.318513
v 67.885239 0.024178 -1.358380
v 67.732719 0.027080 -1.292894
v 67.339371 0.028651 -0.908045
v 67.194412 0.024204 -0.562131
v 67.237228 0.026584 -0.717714
v 68.805389 0.020046 -2.400468
v 68.799530 0.016071 -1.880570
v 68.792305 0.017233 -2.347608
v 68.786469 0.017461 -2.161468
v 68.789619 0.016457 -1.989590
v 67.206779 0.022746 -0.636258
v 67.272278 0.025163 -0.808657
v 67.635788 0.025804 -1.240747
v 67.812386 0.023272 -1.346810
v 67.928535 0.019922 -1.355038
v 67.986206 0.016956 -1.311597
v 68.118675 0.012459 -1.296272
v 68.248352 0.008266 -1.288948
v 68.289482 0.007254 -1.298245
v 68.608894 0.003053 -1.494830
v 68.752640 0.010030 -1.706903
v 68.412819 0.004946 -1.352600
v 67.428925 0.026591 -1.036919
v 67.557617 0.035710 -1.131745
v 68.539787 0.012595 -1.391844
v 68.822556 0.025659 -2.269780
v 68.837280 0.029687 -2.076922
v 68.851364 0.029383 -1.806877
v 68.854767 0.029599 -1.952611
v 68.735741 0.015272 -1.587406
v 68.350449 0.015562 -1.287313
v 68.285072 0.016752 -1.257295
v 68.217773 0.018865 -1.258802
v 68.040794 0.024539 -1.267042
v 67.965088 0.027363 -1.285031
v 67.897148 0.030492 -1.322921
v 67.750481 0.033500 -1.267878
v 67.354500 0.035507 -0.896002
v 67.204575 0.029168 -0.557295
v 67.251091 0.033574 -0.709151
v 68.817909 0.022632 -2.399259
v 67.439522 0.033795 -1.026651
v 68.423943 0.012067 -1.339909
v 68.780991 0.018943 -1.704190
v 68.626839 0.010198 -1.487479
v 68.297844 0.014351 -1.281538
v 68.256844 0.015354 -1.272066
v 68.124443 0.019622 -1.279091
v 67.988586 0.024138 -1.291276
v 67.933807 0.026922 -1.331327
v 67.822739 0.030207 -1.326450
v 67.647667 0.032860 -1.226482
v 67.281853 0.032499 -0.802043
v 67.215805 0.029666 -0.631419
v 68.818359 0.025634 -1.999237
v 68.808556 0.025369 -2.166385
v 68.805481 0.022584 -2.346848
v 68.831642 0.026015 -1.884856
v 67.529266 0.030164 -1.163549
v 68.504517 0.007080 -1.416996
v 68.778725 0.020994 -2.266722
v 68.770447 0.019857 -2.054648
v 68.769966 0.016579 -1.805968
v 68.777267 0.018084 -1.931790
v 68.677361 0.008332 -1.599790
v 68.326935 0.010044 -1.325595
v 68.264587 0.011295 -1.301189
v 68.197639 0.013344 -1.300742
v 68.032761 0.018792 -1.314312
v 67.957390 0.021853 -1.341379
v 67.877228 0.025450 -1.382606
v 67.720688 0.028279 -1.309939
v 67.329147 0.029551 -0.916172
v 67.187256 0.024558 -0.565481
v 67.227875 0.027391 -0.723447
v 68.796562 0.022112 -2.401229
v 68.756989 0.020059 -1.874344
v 68.775368 0.026123 -2.348152
v 68.757362 0.024180 -2.154397
v 68.751587 0.021475 -1.976172
v 67.195427 0.029607 -0.642207
v 67.259979 0.032651 -0.817057
v 67.620392 0.033668 -1.259412
v 67.799042 0.031297 -1.373651
v 67.922005 0.027860 -1.386374
v 67.983551 0.024651 -1.338387
v 68.111473 0.020177 -1.318847
v 68.237495 0.016086 -1.311121
v 68.278801 0.015063 -1.320186
v 68.585358 0.010796 -1.504217
v 68.715141 0.015403 -1.710068
v 68.398430 0.012721 -1.369152
v 67.415237 0.034256 -1.050220
v 67.619453 0.025382 -1.062215
v 68.616875 0.002200 -1.336984
v 69.029480 0.011656 -1.805165
v 68.863640 0.002144 -1.560870
v 68.401619 0.005171 -1.203494
v 68.329567 0.006229 -1.161100
v 68.261490 0.008484 -1.166916
v 68.057823 0.014657 -1.163398
v 67.980927 0.020856 -1.163971
v 67.938637 0.034653 -1.202320
v 67.815056 0.026355 -1.178331
v 67.409729 0.026086 -0.852131
v 67.240623 0.022679 -0.535430
v 67.301613 0.024653 -0.678238
v 67.498924 0.033186 -0.969001
v 68.486359 0.010985 -1.268384
v 68.940735 0.016311 -1.686100
v 68.728271 0.008755 -1.446548
v 68.344421 0.013126 -1.187011
v 68.304169 0.014079 -1.176545
v 68.156181 0.018781 -1.181859
v 68.000870 0.023741 -1.176281
v 67.961792 0.032945 -1.201915
v 67.879807 0.035860 -1.216223
v 67.714333 0.031738 -1.146167
v 67.335350 0.032644 -0.765314
v 67.265289 0.030301 -0.605163
v 67.228317 -0.002026 -0.286511
v 67.215538 0.012884 -0.397928
v 67.221291 0.006847 -0.331571
v 67.121063 0.017933 -0.421722
v 67.002884 0.009231 -0.344351
v 67.048256 0.016707 -0.378368
v 69.690353 0.033076 -3.706535
v 69.802162 0.043384 -4.194055
v 69.687370 0.058213 -4.606535
v 69.330162 0.078697 -4.971323
v 69.322083 0.086673 -5.425318
v 69.785133 0.036386 -3.919360
v 69.624832 0.031075 -3.591952
v 69.452354 0.070246 -4.781752
v 69.390884 0.073504 -4.831629
v 69.580887 0.064235 -4.706746
v 69.739555 0.053765 -4.502784
v 69.301559 0.083056 -5.190096
v 69.458885 0.095631 -5.821481
v 69.377197 0.092075 -5.644444
v 69.620644 0.035180 -3.648725
v 69.792465 0.042073 -4.054194
v 69.701180 0.058970 -4.568603
v 69.345062 0.078466 -4.882486
v 69.296272 0.087335 -5.310591
v 69.723862 0.037567 -3.814326
v 69.495186 0.070110 -4.743837
v 69.397621 0.074506 -4.794666
v 69.629166 0.063421 -4.650192
v 69.760139 0.051553 -4.364052
v 69.297646 0.083601 -5.071751
v 69.412971 0.096885 -5.746568
v 69.336197 0.091898 -5.542089
v 69.784248 0.028686 -3.657329
v 69.860039 0.040845 -4.171990
v 69.743965 0.056623 -4.617652
v 69.386406 0.077387 -4.992275
v 69.363251 0.084776 -5.407863
v 69.852844 0.033036 -3.878728
v 69.705780 0.027421 -3.562135
v 69.532562 0.068586 -4.816861
v 69.466316 0.071768 -4.858595
v 69.641266 0.062793 -4.727542
v 69.799492 0.051990 -4.510910
v 69.350189 0.081464 -5.192204
v 69.478378 0.094358 -5.809513
v 69.408867 0.090394 -5.624212
v 69.371735 0.084914 -5.521825
v 69.439835 0.090397 -5.729424
v 69.347916 0.077074 -5.084756
v 69.817772 0.044298 -4.358727
v 69.684113 0.056772 -4.664011
v 69.477501 0.067587 -4.826668
v 69.564613 0.063443 -4.773257
v 69.802490 0.028550 -3.768306
v 69.340721 0.080390 -5.301800
v 69.409264 0.071810 -4.906440
v 69.758751 0.052181 -4.580246
v 69.851601 0.034027 -4.021691
v 69.720261 0.025739 -3.605577
v 69.737106 0.028260 -3.682064
v 69.830948 0.039491 -4.183122
v 69.715515 0.054793 -4.612152
v 69.358131 0.075417 -4.981846
v 69.342537 0.083100 -5.416684
v 69.818825 0.032088 -3.899166
v 69.665039 0.027442 -3.577168
v 69.492279 0.066791 -4.799335
v 69.428429 0.070012 -4.845151
v 69.610924 0.060889 -4.717191
v 69.769371 0.050253 -4.506909
v 69.325729 0.079635 -5.191218
v 69.468529 0.093182 -5.815577
v 69.392914 0.088610 -5.634425
v 69.353600 0.087964 -5.532173
v 69.426109 0.093059 -5.738189
v 69.322266 0.079891 -5.078137
v 69.788368 0.047486 -4.361457
v 69.656075 0.059651 -4.656979
v 69.436752 0.070604 -4.810362
v 69.529190 0.066331 -4.758268
v 69.762375 0.032637 -3.791789
v 69.318039 0.083420 -5.306297
v 69.376503 0.074692 -4.894238
v 69.729370 0.055131 -4.574323
v 69.821426 0.037619 -4.038281
v 69.669403 0.029908 -3.627610
v 69.830345 0.027053 -3.633165
v 69.888458 0.040113 -4.161148
v 69.771759 0.056356 -4.623094
v 69.414032 0.077267 -5.002543
v 69.383484 0.084466 -5.399280
v 69.886086 0.031906 -3.858772
v 69.744415 0.025661 -3.545304
v 69.571945 0.068284 -4.834078
v 69.503349 0.071430 -4.871815
v 69.670914 0.062599 -4.737735
v 69.828926 0.051632 -4.514884
v 69.374069 0.081259 -5.193222
v 69.491348 0.093936 -5.808332
v 69.424431 0.090168 -5.614265
v 69.771339 0.028711 -3.583349
v 69.882011 0.038159 -4.004890
v 69.788361 0.056954 -4.585959
v 69.442253 0.076651 -4.918430
v 69.363640 0.085084 -5.297091
v 69.842842 0.032188 -3.744611
v 69.600273 0.068278 -4.788035
v 69.518494 0.072294 -4.842763
v 69.712395 0.061617 -4.670833
v 69.847412 0.048833 -4.355785
v 69.373802 0.081981 -5.091162
v 69.453781 0.094875 -5.720462
v 69.390114 0.089587 -5.511265
v 69.481720 0.088059 -6.104442
v 69.494064 0.093963 -5.982467
v 69.473549 0.094336 -6.059281
v 69.692009 0.078338 -5.996622
v 69.584503 0.089227 -5.933383
v 69.635742 0.085469 -5.975260
v 67.241585 -0.036734 -0.283241
v 67.021881 -0.033485 -0.391716
v 67.240387 -0.041046 -0.329960
v 69.713959 0.048158 -6.007202
v 69.465561 0.054297 -6.112882
v 66.995056 -0.019903 -0.349341
v 67.247513 -0.029314 -0.283213
v 69.459000 0.062332 -6.113817
v 69.283600 0.038221 -5.572709
v 69.223862 0.023057 -5.055132
v 69.548615 0.000178 -4.632491
v 69.675774 -0.010826 -4.373633
v 69.609566 -0.022211 -3.881898
v 68.757149 -0.036786 -2.353856
v 68.561043 -0.053477 -1.514994
v 67.603729 -0.030447 -1.278903
v 69.403603 0.034356 -5.504085
v 69.393364 0.020730 -5.098289
v 69.733856 -0.002560 -4.678386
v 69.870010 -0.015601 -4.355202
v 69.874374 -0.032904 -3.726731
v 68.891205 -0.042105 -2.347017
v 68.752975 -0.061025 -1.437618
v 67.729813 -0.038475 -1.126886
v 67.503410 -0.017161 -1.192248
v 68.472679 -0.040218 -1.439937
v 68.739456 -0.025949 -2.265248
v 69.519028 -0.007866 -3.796871
v 69.695961 -0.001498 -4.235316
v 69.583481 0.011616 -4.587783
v 69.226929 0.032335 -4.934762
v 69.246323 0.048321 -5.458031
v 67.511086 -0.038353 -1.183476
v 68.482391 -0.061420 -1.433130
v 68.751724 -0.046740 -2.266759
v 69.572884 -0.034637 -3.768920
v 69.728867 -0.027392 -4.223155
v 69.615639 -0.013726 -4.594916
v 69.258896 0.007407 -4.947608
v 69.269592 0.025399 -5.448479
v 67.627922 -0.024760 -1.052346
v 68.627800 -0.047954 -1.329477
v 68.916252 -0.027160 -2.287337
v 69.852379 -0.022699 -3.622165
v 69.901451 -0.009756 -4.156966
v 69.784424 0.006724 -4.627228
v 69.426628 0.028437 -5.009123
v 69.392517 0.042337 -5.396046
v 69.705948 -0.019179 -4.102506
v 69.905251 -0.026611 -3.992757
v 69.901535 -0.018166 -3.849938
v 69.699776 -0.033394 -3.971246
v 69.661156 -0.007029 -3.994205
v 68.851654 -0.023970 -2.628507
v 68.932594 -0.027457 -2.609438
v 68.957321 -0.024092 -2.597079
v 68.890739 -0.037664 -2.613736
v 68.825111 -0.019028 -2.628753
v 69.045464 -0.020938 -3.070346
v 69.156799 -0.025849 -3.016939
v 69.171440 -0.015679 -3.003318
v 69.096909 -0.024330 -3.038992
v 69.024841 -0.009077 -3.074310
v 69.135918 -0.016349 -3.213722
v 69.211685 -0.019856 -3.170839
v 69.232674 -0.015423 -3.134305
v 69.162979 -0.025398 -3.168675
v 69.094086 -0.009294 -3.202331
v 69.150795 -0.015762 -3.252212
v 69.233788 -0.019272 -3.217335
v 69.238152 -0.012040 -3.184616
v 69.184883 -0.020468 -3.214561
v 69.132286 -0.007157 -3.243909
v 69.139038 -0.014119 -3.285392
v 69.275452 -0.017958 -3.292077
v 69.273346 -0.011784 -3.241844
v 69.196678 -0.019488 -3.258712
v 69.124298 -0.006424 -3.270030
v 69.219193 -0.014120 -3.422153
v 69.346977 -0.008636 -3.333494
v 69.195808 -0.015468 -3.337006
v 69.134178 -0.005501 -3.327916
v 69.467972 -0.021518 -3.712382
v 69.812729 -0.034490 -3.564705
v 69.794121 -0.022804 -3.524028
v 69.465439 -0.032876 -3.640410
v 69.398743 -0.007007 -3.663370
v 69.338173 -0.016290 -3.563446
v 69.669456 -0.031847 -3.352724
v 69.283890 -0.005972 -3.524138
v 69.331718 -0.019821 -3.496676
v 69.644424 -0.018854 -3.330609
v 69.389565 -0.020081 -3.623032
v 69.741013 -0.032729 -3.506518
v 69.354095 -0.006605 -3.611006
v 69.424965 -0.029826 -3.585159
v 69.756630 -0.022921 -3.459828
v 69.362717 -0.018088 -3.590291
v 69.724777 -0.032558 -3.425694
v 69.707611 -0.023334 -3.382181
v 69.393669 -0.023231 -3.556758
v 69.335670 -0.006267 -3.588304
v 69.686874 -0.034987 -3.392271
v 69.688309 -0.034876 -3.484465
v 69.639313 -0.026914 -3.333942
v 69.654442 -0.026567 -3.361221
v 69.511452 -0.020089 -3.453697
v 69.675606 -0.026307 -3.443867
v 69.590744 -0.023474 -3.488170
v 69.393066 -0.016609 -3.389411
v 69.281540 0.011647 -4.751051
v 69.550560 0.008003 -4.858044
v 69.590538 0.018635 -4.844225
v 69.351639 -0.001606 -4.740690
v 69.305748 0.023776 -4.719605
v 69.251343 0.015347 -4.850338
v 69.467651 0.012586 -4.930287
v 69.520737 0.021762 -4.879921
v 69.296051 0.001745 -4.800562
v 69.252945 0.027171 -4.784213
v 69.394012 0.006893 -4.703902
v 69.627884 0.004094 -4.802218
v 69.470154 0.017370 -4.670487
v 69.504517 -0.007886 -4.683249
v 69.684532 0.013005 -4.744295
v 69.616898 -0.004074 -4.554000
v 69.810936 -0.007282 -4.592587
v 69.842430 0.001955 -4.518269
v 69.663727 -0.017947 -4.494835
v 69.629623 0.007503 -4.489441
v 69.088020 -0.027826 -3.173687
v 69.224289 -0.033639 -3.114604
v 69.029053 -0.016308 -3.164890
v 69.146248 -0.042296 -3.116389
v 69.264740 -0.026251 -3.066736
v 68.727806 -0.041399 -2.149722
v 69.141800 -0.037092 -2.139079
v 68.730247 -0.053556 -2.043802
v 68.711273 -0.031276 -2.036531
v 68.991592 -0.011081 -2.934900
v 69.079521 -0.016187 -2.901259
v 68.940819 -0.006937 -2.839823
v 68.954254 -0.019551 -2.835192
v 69.039085 -0.011849 -2.807088
v 68.714775 -0.049210 -1.870495
v 69.099762 -0.062495 -1.934943
v 68.698181 -0.037226 -1.806350
v 68.721382 -0.060991 -1.807373
v 69.073921 -0.048721 -1.818099
v 68.713631 -0.046315 -1.965553
v 69.139946 -0.052617 -2.102931
v 68.708862 -0.034557 -1.914932
v 68.730949 -0.057550 -1.921807
v 69.145271 -0.044503 -2.041540
v 69.089989 -0.063590 -2.027564
v 69.009270 -0.052367 -2.072906
v 69.107651 -0.048153 -2.098992
v 68.942696 -0.045594 -2.205612
v 68.677681 -0.052084 -1.715028
v 68.983276 -0.062656 -1.689117
v 68.882706 -0.049602 -1.557955
v 68.642021 -0.062077 -1.608673
v 68.625504 -0.040242 -1.611678
v 68.382706 -0.051478 -1.386659
v 68.500748 -0.058304 -1.251348
v 68.408371 -0.044982 -1.191323
v 68.311508 -0.058457 -1.349218
v 68.305260 -0.037256 -1.359904
v 68.266571 -0.049105 -1.342756
v 68.354622 -0.056200 -1.163889
v 68.245537 -0.035952 -1.340355
v 68.250893 -0.057172 -1.328011
v 68.335236 -0.043946 -1.146935
v 68.225090 -0.048070 -1.333910
v 68.314568 -0.055261 -1.153160
v 68.267036 -0.041668 -1.153445
v 68.184143 -0.055159 -1.326450
v 68.178894 -0.033959 -1.338217
v 68.102509 -0.044075 -1.342012
v 68.162453 -0.050445 -1.158021
v 68.024498 -0.028708 -1.356402
v 68.026169 -0.049841 -1.343060
v 68.059074 -0.035414 -1.148034
v 67.978851 -0.039624 -1.365512
v 68.001961 -0.046280 -1.147824
v 67.982025 -0.035619 -1.144769
v 67.950989 -0.046644 -1.375304
v 67.949417 -0.025440 -1.391328
v 67.913666 -0.036186 -1.417770
v 67.966164 -0.055480 -1.171414
v 67.858665 -0.021438 -1.435444
v 67.863853 -0.042780 -1.418434
v 67.943985 -0.040945 -1.180092
v 67.784302 -0.032668 -1.400825
v 67.891876 -0.052662 -1.190799
v 67.824005 -0.030222 -1.164204
v 67.701683 -0.040052 -1.335716
v 67.693581 -0.018763 -1.347519
v 69.230942 0.032600 -5.324890
v 69.380890 0.028869 -5.294813
v 69.384872 0.036016 -5.194979
v 69.239792 0.017075 -5.189369
v 69.212219 0.040913 -5.187515
v 69.441902 0.043117 -5.928809
v 69.545166 0.038772 -5.876465
v 69.408340 0.053245 -5.865953
v 69.433960 0.031040 -5.843415
v 69.515129 0.048445 -5.805504
v 69.372910 0.039674 -5.776519
v 69.466187 0.036821 -5.717412
v 69.431038 0.046494 -5.610380
v 69.336304 0.028366 -5.671072
v 69.318573 0.051710 -5.682225
v 69.449173 0.048427 -6.067342
v 69.657295 0.039655 -5.965518
v 69.432449 0.056157 -6.006842
v 69.462837 0.042240 -5.993954
v 69.611458 0.048278 -5.919052
v 69.673141 0.046706 -6.002432
v 69.555222 0.039283 -5.952028
v 69.497330 0.051152 -6.047333
v 69.607330 0.046546 -5.988636
v 67.400185 -0.030047 -1.064674
v 67.512512 -0.035977 -0.955636
v 67.417130 -0.023910 -0.846393
v 67.312675 -0.039201 -0.929464
v 67.305885 -0.018129 -0.934799
v 67.180161 -0.034680 -0.647176
v 67.276550 -0.038532 -0.596883
v 67.145882 -0.023219 -0.568103
v 67.172729 -0.044003 -0.567386
v 67.260437 -0.028023 -0.519888
v 67.246216 -0.031818 -0.826905
v 67.347382 -0.036319 -0.757485
v 67.206459 -0.020485 -0.736989
v 67.212616 -0.041489 -0.733390
v 67.308258 -0.025263 -0.674587
v 67.121117 -0.036073 -0.502203
v 67.231590 -0.040378 -0.462786
v 67.243279 -0.030816 -0.389579
v 67.087250 -0.039986 -0.437624
v 67.054329 -0.023432 -0.449540
v 67.020943 -0.029151 -0.339766
v 67.185692 -0.042015 -0.404572
v 67.195320 -0.034545 -0.341035
v 67.077888 -0.030912 -0.370965
v 68.832146 -0.040262 -2.616902
v 68.944641 -0.044461 -2.590675
v 68.794495 -0.026790 -2.610991
v 68.883804 -0.053670 -2.591173
v 68.974556 -0.033454 -2.570065
v 68.817436 -0.042312 -2.586526
v 68.935059 -0.046649 -2.560359
v 68.936539 -0.027966 -2.525866
v 68.858566 -0.043316 -2.532290
v 68.792198 -0.022694 -2.556121
v 68.795120 -0.034695 -2.484694
v 68.887115 -0.038020 -2.468739
v 68.768532 -0.023014 -2.425918
v 68.783646 -0.042279 -2.408984
v 68.895203 -0.027393 -2.410302
v 67.597328 -0.057292 -1.086470
v 68.589943 -0.080453 -1.356617
v 68.982674 -0.094114 -1.808367
v 68.820518 -0.085642 -1.571746
v 68.382858 -0.077484 -1.232249
v 68.312904 -0.076384 -1.193753
v 68.245071 -0.074174 -1.198212
v 68.049820 -0.068157 -1.198398
v 67.973351 -0.067040 -1.203691
v 67.923157 -0.068659 -1.239599
v 67.792130 -0.061340 -1.208125
v 67.389687 -0.056873 -0.868303
v 67.227211 -0.056399 -0.547764
v 67.283051 -0.058464 -0.690328
v 67.246834 -0.062923 -0.615977
v 67.315636 -0.061273 -0.779434
v 67.690498 -0.062068 -1.173877
v 67.859352 -0.066376 -1.250818
v 67.950478 -0.069408 -1.242542
v 67.994133 -0.070292 -1.214896
v 68.143311 -0.074827 -1.215003
v 68.286400 -0.079392 -1.209152
v 68.326889 -0.080361 -1.219305
v 68.693459 -0.085596 -1.462014
v 68.888374 -0.098316 -1.697894
v 68.463844 -0.082547 -1.293445
v 67.477356 -0.060494 -0.989699
v 69.644913 -0.039933 -3.731194
v 69.773239 -0.031274 -4.206267
v 69.659035 -0.016880 -4.603505
v 69.302017 0.004478 -4.963747
v 69.301147 0.022117 -5.435128
v 69.751701 -0.037899 -3.940102
v 69.582275 -0.038497 -3.605407
v 69.413170 -0.004815 -4.767700
v 69.353905 -0.001522 -4.821319
v 69.550812 -0.010926 -4.699269
v 69.709686 -0.021243 -4.501127
v 69.277069 0.013982 -5.191038
v 69.447464 0.028500 -5.829061
v 69.360565 0.025226 -5.655590
v 69.314445 0.021967 -5.555217
v 69.395752 0.023787 -5.758142
v 69.267609 0.006639 -5.066828
v 69.725975 -0.028144 -4.369263
v 69.596466 -0.016608 -4.644909
v 69.351250 -0.005376 -4.779414
v 69.454552 -0.009909 -4.730001
v 69.678177 -0.041065 -3.841842
v 69.269600 0.016290 -5.317460
v 69.307297 -0.001434 -4.871643
v 69.667046 -0.020983 -4.564510
v 69.757469 -0.037190 -4.074304
v 69.559601 -0.040748 -3.673668
v 69.582924 -0.035276 -3.527323
v 69.522476 -0.038225 -3.581015
v 69.507126 -0.027841 -3.495111
v 69.426666 -0.023553 -3.446829
v 69.276299 -0.017566 -3.344373
v 69.303001 -0.017921 -3.407179
v 69.424927 -0.024199 -3.508109
v 69.473770 -0.031177 -3.541491
v 68.894791 -0.057637 -2.277701
v 69.002594 -0.078021 -2.002943
v 68.950386 -0.071017 -2.119512
v 68.856995 -0.046367 -2.401653
v 68.934341 -0.087181 -2.043820
v 68.895279 -0.073759 -2.190315
v 68.857033 -0.055140 -2.346375
v 68.967964 -0.097542 -1.909826
v 68.850372 -0.017054 -2.640590
v 68.942940 -0.021633 -2.619607
v 68.946541 -0.016161 -2.609435
v 68.865295 -0.026097 -2.629609
v 68.840919 -0.011564 -2.634381
v 69.049583 -0.014780 -3.056626
v 69.138794 -0.019242 -3.013963
v 69.039825 -0.004650 -3.056314
v 69.063103 -0.016592 -3.044061
v 69.145515 -0.010037 -3.006205
v 69.003716 -0.030450 -2.820216
v 69.096176 -0.023709 -3.028908
v 68.903198 -0.034354 -2.621980
v 69.082397 -0.025295 -3.025428
v 68.947342 -0.033634 -2.730604
v 68.979599 -0.029312 -2.827801
v 68.884468 -0.033599 -2.626049
v 69.078712 -0.022791 -3.036856
v 68.872490 -0.030512 -2.637021
v 69.011627 -0.022977 -2.928394
v 69.025375 -0.023534 -2.812726
v 69.116180 -0.019689 -3.019697
v 68.921188 -0.028769 -2.617336
v 69.059174 -0.025515 -2.910530
v 68.921654 -0.032647 -2.626205
v 67.577713 -0.057042 -1.108507
v 68.565514 -0.080182 -1.374023
v 68.855865 -0.060994 -2.274775
v 68.888771 -0.080533 -2.098545
v 68.914139 -0.099876 -1.811628
v 68.915398 -0.090077 -1.973524
v 68.779999 -0.085864 -1.580245
v 68.366608 -0.077214 -1.258799
v 68.298767 -0.076072 -1.224211
v 68.231178 -0.073907 -1.227310
v 68.044350 -0.068048 -1.231208
v 67.968353 -0.065472 -1.241844
v 67.910347 -0.062886 -1.277139
v 67.771736 -0.059570 -1.236328
v 67.372154 -0.056910 -0.882238
v 67.215355 -0.056720 -0.553337
v 67.267006 -0.058658 -0.700172
v 68.833328 -0.045862 -2.399516
v 68.893593 -0.087900 -1.897359
v 68.829666 -0.047527 -2.347569
v 68.850739 -0.064931 -2.179422
v 68.873749 -0.077848 -2.022443
v 67.230911 -0.053666 -0.624312
v 67.298500 -0.051326 -0.791138
v 67.669060 -0.051543 -1.199830
v 67.840981 -0.054442 -1.287254
v 67.941597 -0.057594 -1.285236
v 67.990433 -0.060004 -1.252159
v 68.133270 -0.064558 -1.246440
v 68.271271 -0.068982 -1.240030
v 68.312004 -0.069967 -1.249859
v 68.660690 -0.075050 -1.475087
v 68.835548 -0.085812 -1.701977
v 68.443794 -0.072199 -1.316498
v 67.458290 -0.050301 -1.008227
v 69.051949 -0.030366 -3.116671
v 69.204659 -0.036861 -3.051142
v 69.201157 -0.019721 -3.014934
v 69.110130 -0.030830 -3.056902
v 69.020020 -0.011868 -3.098047
v 67.538643 -0.038164 -1.152524
v 68.516716 -0.061261 -1.408681
v 68.794495 -0.044765 -2.269821
v 68.795189 -0.056964 -2.065937
v 68.800323 -0.069312 -1.808833
v 68.806198 -0.063317 -1.942631
v 68.698830 -0.064012 -1.596803
v 68.334343 -0.058295 -1.311932
v 68.270760 -0.057069 -1.285239
v 68.203667 -0.054994 -1.285588
v 68.033859 -0.049454 -1.296986
v 67.958351 -0.046489 -1.320355
v 67.883171 -0.043083 -1.360222
v 67.730652 -0.040181 -1.294736
v 67.337303 -0.038609 -0.909887
v 67.192314 -0.044179 -0.564003
v 67.235161 -0.040677 -0.719556
v 68.803581 -0.038550 -2.402072
v 68.797112 -0.062654 -1.882726
v 68.790611 -0.037833 -2.349116
v 68.784454 -0.047878 -2.163257
v 68.787369 -0.056469 -1.991587
v 67.204865 -0.039433 -0.637960
v 67.270386 -0.036443 -0.810344
v 67.633896 -0.035803 -1.242434
v 67.810493 -0.038335 -1.348497
v 67.926643 -0.041686 -1.356725
v 67.984314 -0.044651 -1.313284
v 68.116783 -0.049149 -1.297959
v 68.246452 -0.053341 -1.290635
v 68.287590 -0.054353 -1.299932
v 68.606987 -0.059052 -1.496530
v 68.750389 -0.063246 -1.708910
v 68.410919 -0.056662 -1.354287
v 67.427032 -0.035015 -1.038606
v 67.555077 -0.046829 -1.134005
v 68.537247 -0.069944 -1.394104
v 68.820152 -0.052345 -2.271916
v 68.834282 -0.067809 -2.079592
v 68.847900 -0.083136 -1.809958
v 68.851532 -0.075593 -1.955492
v 68.732994 -0.073965 -1.589850
v 68.347908 -0.066977 -1.289574
v 68.282532 -0.065787 -1.259556
v 68.215233 -0.063673 -1.261063
v 68.038254 -0.057999 -1.269302
v 67.962547 -0.055176 -1.287291
v 67.894608 -0.052047 -1.325181
v 67.747940 -0.049039 -1.270139
v 67.351959 -0.047031 -0.898262
v 67.202141 -0.050016 -0.559463
v 67.248550 -0.048964 -0.711411
v 68.815926 -0.041963 -2.401028
v 67.437149 -0.043408 -1.028765
v 68.421570 -0.065137 -1.342023
v 68.778130 -0.074019 -1.706735
v 68.624443 -0.067677 -1.489611
v 68.295471 -0.062853 -1.283652
v 68.254463 -0.061850 -1.274180
v 68.122070 -0.057582 -1.281205
v 67.986206 -0.053065 -1.293390
v 67.931427 -0.050282 -1.333441
v 67.820358 -0.046996 -1.328564
v 67.645287 -0.044344 -1.228596
v 67.279472 -0.044704 -0.804157
v 67.213440 -0.047150 -0.633523
v 68.815514 -0.066854 -2.001769
v 68.806023 -0.056848 -2.168636
v 68.803436 -0.044017 -2.348672
v 68.828552 -0.074304 -1.887603
v 67.527176 -0.037820 -1.165410
v 68.502426 -0.060904 -1.418858
v 68.776688 -0.045168 -2.268533
v 68.768143 -0.055121 -2.056701
v 68.767441 -0.065422 -1.808213
v 68.774849 -0.060491 -1.933942
v 68.675171 -0.062783 -1.601738
v 68.324837 -0.057940 -1.327457
v 68.262497 -0.056689 -1.303050
v 68.195541 -0.054640 -1.302604
v 68.030670 -0.049193 -1.316174
v 67.955299 -0.046131 -1.343240
v 67.875137 -0.042534 -1.384468
v 67.718597 -0.039705 -1.311801
v 67.327057 -0.038433 -0.918034
v 67.185150 -0.043909 -0.567356
v 67.225777 -0.040593 -0.725309
v 68.794647 -0.040025 -2.402930
v 68.754387 -0.064354 -1.876655
v 68.773155 -0.045622 -2.350117
v 68.754982 -0.053172 -2.156515
v 68.749084 -0.059865 -1.978400
v 67.193123 -0.045249 -0.644257
v 67.257660 -0.042690 -0.819120
v 67.618073 -0.041673 -1.261475
v 67.796722 -0.044045 -1.375715
v 67.919685 -0.047482 -1.388437
v 67.981232 -0.050691 -1.340450
v 68.109154 -0.055164 -1.320910
v 68.235176 -0.059255 -1.313184
v 68.276482 -0.060279 -1.322250
v 68.583031 -0.064809 -1.506287
v 68.712631 -0.066123 -1.712301
v 68.396111 -0.062621 -1.371215
v 67.412918 -0.041085 -1.052284
v 67.617317 -0.044139 -1.064119
v 68.614731 -0.067322 -1.338888
v 69.026772 -0.076511 -1.807579
v 68.861412 -0.070194 -1.562851
v 68.399483 -0.064350 -1.205398
v 68.327423 -0.063293 -1.163003
v 68.259346 -0.061038 -1.168820
v 68.055687 -0.054864 -1.165302
v 67.978554 -0.056283 -1.166083
v 67.935562 -0.065338 -1.205058
v 67.812683 -0.050783 -1.180444
v 67.407593 -0.043435 -0.854034
v 67.238480 -0.046960 -0.537337
v 67.299469 -0.044868 -0.680141
v 67.496376 -0.049604 -0.971268
v 68.483810 -0.071806 -1.270651
v 68.937698 -0.082205 -1.688798
v 68.725700 -0.074712 -1.448833
v 68.341873 -0.069664 -1.189279
v 68.301620 -0.068711 -1.178813
v 68.153633 -0.064010 -1.184126
v 67.998306 -0.059712 -1.178567
v 67.958771 -0.065080 -1.204599
v 67.876793 -0.062165 -1.218907
v 67.711769 -0.051715 -1.148452
v 67.332802 -0.050146 -0.767581
v 67.262749 -0.052260 -0.607424
v 67.227295 -0.035192 -0.287419
v 67.213814 -0.043174 -0.399463
v 67.219810 -0.041139 -0.332885
v 67.119247 -0.041097 -0.423338
v 67.001694 -0.029391 -0.345408
v 67.046577 -0.037771 -0.379859
v 69.688278 -0.034526 -3.708386
v 69.800056 -0.025016 -4.195928
v 69.685265 -0.010187 -4.608408
v 69.328087 0.011300 -4.973168
v 69.320290 0.028669 -5.426906
v 69.783028 -0.032014 -3.921233
v 69.622803 -0.034768 -3.593755
v 69.450249 0.001847 -4.783625
v 69.388779 0.005105 -4.833502
v 69.578781 -0.004164 -4.708619
v 69.737450 -0.014634 -4.504657
v 69.299637 0.020675 -5.191804
v 69.456955 0.032993 -5.823196
v 69.375343 0.031878 -5.646092
v 69.618469 -0.035498 -3.650661
v 69.790222 -0.030760 -4.056189
v 69.698936 -0.013864 -4.570597
v 69.342827 0.005757 -4.884477
v 69.294304 0.023324 -5.312345
v 69.721619 -0.035167 -3.816318
v 69.492943 -0.002724 -4.745832
v 69.395378 0.001672 -4.796660
v 69.626923 -0.009413 -4.652187
v 69.757896 -0.021280 -4.366047
v 69.295502 0.013902 -5.073660
v 69.410927 0.030469 -5.748386
v 69.334259 0.028979 -5.543812
v 69.782181 -0.038612 -3.659172
v 69.857941 -0.027250 -4.173855
v 69.741867 -0.011473 -4.619517
v 69.384346 0.010294 -4.994112
v 69.361481 0.027075 -5.409443
v 69.850746 -0.035059 -3.880593
v 69.703773 -0.037732 -3.563920
v 69.530472 0.000490 -4.818726
v 69.464218 0.003673 -4.860459
v 69.639168 -0.005302 -4.729407
v 69.797394 -0.016105 -4.512774
v 69.348274 0.019388 -5.193903
v 69.476471 0.032409 -5.811209
v 69.407028 0.030501 -5.625852
v 69.370125 0.032647 -5.523256
v 69.438110 0.034347 -5.730958
v 69.346092 0.018028 -5.086372
v 69.815857 -0.017883 -4.360430
v 69.682198 -0.005409 -4.665714
v 69.475594 0.005406 -4.828371
v 69.562698 0.001262 -4.774961
v 69.800583 -0.033531 -3.770006
v 69.339081 0.027032 -5.303261
v 69.407349 0.009754 -4.908139
v 69.756836 -0.010000 -4.581949
v 69.849686 -0.028154 -4.023394
v 69.718399 -0.034572 -3.607229
v 69.735191 -0.033937 -3.683767
v 69.829010 -0.023504 -4.184846
v 69.713577 -0.008202 -4.613877
v 69.356224 0.013425 -4.983543
v 69.340912 0.030501 -5.418124
v 69.816887 -0.030906 -3.900891
v 69.663132 -0.034427 -3.578862
v 69.490341 0.003797 -4.801060
v 69.426491 0.007017 -4.846876
v 69.608986 -0.002105 -4.718916
v 69.767426 -0.012741 -4.508634
v 69.323975 0.022660 -5.192779
v 69.466721 0.034518 -5.817183
v 69.391228 0.033818 -5.635925
v 69.351852 0.031288 -5.533725
v 69.424255 0.033017 -5.739833
v 69.320312 0.016436 -5.079875
v 69.786316 -0.019104 -4.363280
v 69.654022 -0.006939 -4.658802
v 69.434700 0.004014 -4.812185
v 69.527138 -0.000259 -4.760092
v 69.760330 -0.033853 -3.793610
v 69.316261 0.025653 -5.307879
v 69.374458 0.008228 -4.896059
v 69.727325 -0.011459 -4.576146
v 69.819374 -0.028971 -4.040104
v 69.667419 -0.034395 -3.629371
v 69.828247 -0.041139 -3.635032
v 69.886337 -0.028860 -4.163036
v 69.769630 -0.012617 -4.624983
v 69.411934 0.009277 -5.004405
v 69.381668 0.025671 -5.400890
v 69.883965 -0.037067 -3.860661
v 69.742416 -0.039273 -3.547082
v 69.569824 -0.000689 -4.835967
v 69.501221 0.002457 -4.873703
v 69.668793 -0.006374 -4.739624
v 69.826797 -0.017341 -4.516773
v 69.372131 0.018180 -5.194949
v 69.489441 0.031968 -5.810029
v 69.422554 0.029226 -5.615934
v 69.769165 -0.041889 -3.585282
v 69.879753 -0.035060 -4.006895
v 69.786102 -0.016265 -4.587964
v 69.440002 0.003557 -4.920432
v 69.361664 0.020688 -5.298854
v 69.840591 -0.040931 -3.746614
v 69.598015 -0.004941 -4.790040
v 69.516243 -0.000925 -4.844769
v 69.710136 -0.011602 -4.672838
v 69.845154 -0.024386 -4.357790
v 69.371643 0.011897 -5.093081
v 69.451736 0.028537 -5.722279
v 69.388161 0.026283 -5.512999
v 69.480690 0.054606 -6.105358
v 69.492439 0.041294 -5.983909
v 69.472069 0.046384 -6.060595
v 69.690994 0.045474 -5.997521
v 69.582916 0.037772 -5.934792
v 69.634369 0.040657 -5.976487
v 69.635399 -0.009228 -3.336303
v 69.668205 -0.008470 -3.400891
v 69.646591 -0.005688 -3.478165
v 69.565392 -0.003594 -3.463350
v 69.473389 -0.001955 -3.419770
v 69.474274 0.072223 -6.129618
v 69.487343 0.071002 -6.099718
v 69.539009 0.066619 -5.997742
v 69.665405 0.062899 -6.004022
v 69.700874 0.061917 -6.008013
v 69.714371 0.061469 -6.006838
v 69.060333 -0.026270 -2.067461
v 68.987808 -0.022184 -2.135107
v 67.221306 -0.018303 -0.290818
v 67.241348 -0.019642 -0.264467
v 67.144157 -0.013517 -0.378866
v 67.030853 -0.011132 -0.338575
v 66.996750 -0.010427 -0.325990
v 69.043953 0.011124 -3.042181
v 69.131271 0.008698 -3.002232
v 69.038719 0.001195 -3.046127
v 69.138565 -0.003163 -2.999224
v 69.037216 0.023854 -2.917816
v 69.062439 0.020616 -3.034067
v 69.108429 0.019176 -3.013340
v 69.043327 -0.009238 -3.042738
v 69.130562 -0.014371 -3.002864
v 69.035614 -0.028310 -2.919245
v 69.061172 -0.020277 -3.035187
v 69.107140 -0.022803 -3.014489
v 69.104843 -0.019789 -2.976094
v 69.056335 -0.024742 -2.997498
v 69.034943 -0.015675 -3.006028
v 69.120071 -0.009281 -2.968670
v 69.080032 -0.025944 -2.987390
v 69.023621 -0.004198 -3.011285
v 69.105888 0.014215 -2.975163
v 69.057816 0.023303 -2.996183
v 69.035919 0.016048 -3.005160
v 69.120430 0.002401 -2.968351
v 69.081520 0.022492 -2.986064
v 69.023918 0.005593 -3.011017
v 68.899963 0.009129 -2.742098
v 68.990852 0.007032 -2.717343
v 68.894348 -0.002602 -2.745165
v 68.996948 -0.006574 -2.715438
v 68.899567 0.024598 -2.629430
v 68.922867 0.020545 -2.736553
v 68.972015 0.019151 -2.723523
v 68.899231 -0.014805 -2.742753
v 68.990028 -0.019655 -2.718074
v 68.897690 -0.036357 -2.631100
v 68.921379 -0.027894 -2.737879
v 68.970497 -0.030238 -2.724875
v 68.948570 -0.027025 -2.653256
v 68.900269 -0.033937 -2.665052
v 68.874619 -0.023341 -2.670570
v 68.963051 -0.014268 -2.648139
v 68.925354 -0.034954 -2.659201
v 68.861099 -0.009581 -2.673672
v 68.949814 0.013381 -2.652149
v 68.902046 0.023884 -2.663469
v 68.875801 0.015202 -2.669514
v 68.963470 -0.000502 -2.647762
v 68.927139 0.023035 -2.657613
v 68.861465 0.002489 -2.673341
v 69.663284 0.075799 -5.962806
v 69.620605 0.086680 -5.980665
v 69.445992 0.085060 -6.069383
v 67.399200 0.012297 -1.065735
v 68.381607 -0.009116 -1.388255
v 68.724297 0.001159 -2.147425
v 69.450943 0.021376 -3.719075
v 69.696762 0.025013 -4.107107
v 69.607986 0.039895 -4.550761
v 69.241257 0.059210 -4.844915
v 69.224182 0.070807 -5.325438
v 67.407669 0.032528 -1.057566
v 68.390472 0.011053 -1.378254
v 69.512924 0.042636 -3.692234
v 69.732605 0.047910 -4.087119
v 69.642906 0.063535 -4.556893
v 69.280090 0.082898 -4.858331
v 69.251266 0.092150 -5.319540
v 67.516541 0.005500 -0.951830
v 68.504921 -0.016848 -1.246899
v 69.822868 0.005353 -3.559793
v 69.910950 0.014976 -3.989185
v 69.816513 0.034399 -4.592299
v 69.473717 0.054195 -4.930916
v 69.385323 0.064749 -5.293162
v 69.881516 0.008546 -3.722155
v 69.644287 0.044386 -3.860917
v 69.596916 0.022088 -3.888901
v 68.971016 0.011336 -2.583354
v 68.890785 0.035110 -2.601696
v 68.809273 0.017333 -2.621081
v 69.158600 0.005569 -3.004675
v 69.092796 0.019409 -3.033756
v 69.033363 0.010633 -3.064945
v 69.255592 0.013826 -3.100345
v 69.158203 0.035797 -3.142323
v 69.059715 0.022182 -3.185277
v 69.229187 0.009473 -3.160634
v 69.175072 0.022981 -3.191155
v 69.120277 0.014514 -3.222278
v 69.253021 0.010075 -3.208605
v 69.193443 0.023553 -3.233779
v 69.133644 0.015128 -3.258931
v 69.305817 0.010365 -3.285878
v 69.206985 0.023304 -3.294492
v 69.115318 0.016505 -3.282170
v 69.773544 0.004385 -3.492898
v 69.648605 0.029473 -3.546167
v 69.370155 0.020699 -3.628913
v 69.206100 0.018489 -3.424622
v 69.354294 0.022151 -3.396646
v 69.344788 0.020229 -3.597723
v 69.701111 0.017514 -3.434280
v 69.736984 0.003145 -3.420197
v 69.673363 0.002562 -3.349569
v 69.662933 0.015038 -3.355400
v 69.324036 0.019840 -3.572263
v 69.476234 0.024809 -3.475490
v 69.542755 0.028352 -3.510248
v 69.634346 0.045784 -4.803251
v 69.424919 0.074553 -4.714155
v 69.382996 0.050840 -4.697507
v 69.557800 0.049674 -4.859268
v 69.316780 0.079202 -4.762373
v 69.268669 0.055638 -4.744196
v 69.540169 0.044122 -4.628866
v 69.573532 0.067845 -4.636284
v 69.739243 0.039132 -4.678258
v 69.875595 0.026045 -4.353651
v 69.701805 0.056591 -4.369500
v 69.666855 0.033226 -4.373408
v 69.020142 0.023076 -3.129581
v 69.130486 0.037399 -3.081962
v 69.239662 0.013739 -3.035383
v 69.152832 -0.013799 -2.112374
v 69.118378 0.001336 -2.082473
v 68.708679 -0.003407 -1.962195
v 68.895386 0.003154 -2.744170
v 68.960922 0.022774 -2.726200
v 68.995621 0.000218 -2.715761
v 68.672813 -0.009086 -1.714395
v 68.694710 0.012438 -1.711939
v 68.992729 -0.019617 -1.687445
v 68.709091 -0.005958 -1.868305
v 69.040916 0.021745 -1.919857
v 69.122757 -0.016378 -1.938273
v 68.977798 0.027014 -2.055267
v 68.924828 0.027532 -2.194580
v 68.758949 -0.019522 -1.434584
v 68.572464 0.009112 -1.509448
v 68.558441 -0.011076 -1.515411
v 68.358055 -0.014751 -1.158376
v 68.272850 0.013413 -1.332199
v 68.266075 -0.006738 -1.345238
v 68.224571 -0.005701 -1.336430
v 68.231445 0.014443 -1.323260
v 68.318039 -0.013814 -1.147600
v 68.165199 -0.008978 -1.152382
v 68.107407 0.018479 -1.331202
v 68.102585 -0.001722 -1.344598
v 67.979683 0.002724 -1.368791
v 67.981934 0.022940 -1.353018
v 68.003860 -0.004005 -1.141217
v 67.969879 0.004423 -1.160938
v 67.918297 0.026280 -1.403461
v 67.913857 0.006202 -1.421796
v 67.783371 0.009735 -1.404112
v 67.791649 0.029764 -1.388311
v 67.896942 0.007224 -1.181211
v 67.734230 0.003766 -1.121885
v 67.611893 0.032049 -1.269655
v 67.602463 0.011929 -1.280847
v 69.398338 0.060373 -5.098158
v 69.246758 0.087934 -5.058665
v 69.216187 0.064922 -5.051707
v 69.368561 0.079368 -5.779016
v 69.386894 0.101062 -5.766098
v 69.470177 0.074277 -5.714830
v 69.407341 0.069516 -5.501601
v 69.300201 0.096764 -5.562635
v 69.278404 0.075718 -5.575314
v 69.426826 0.082331 -5.938466
v 69.493790 0.095004 -5.892078
v 69.562744 0.076231 -5.869733
v 69.461250 0.095553 -6.062645
v 67.351135 0.005193 -0.754648
v 67.253151 0.030828 -0.821754
v 67.245461 0.010496 -0.827161
v 67.103416 0.005935 -0.504457
v 67.183914 0.022855 -0.491765
v 67.248428 0.000031 -0.452711
v 67.178589 0.007623 -0.647180
v 67.188568 0.027821 -0.643453
v 67.280899 0.002958 -0.594071
v 67.245850 -0.004204 -0.326650
v 67.208534 0.007743 -0.337324
v 67.017181 0.004727 -0.391564
v 67.034981 0.017336 -0.385018
v 68.793800 0.017976 -2.591098
v 68.878357 0.036494 -2.570549
v 68.962891 0.011740 -2.553484
v 68.911140 0.005525 -2.472800
v 68.826515 0.023687 -2.443617
v 68.784065 0.010044 -2.495195
v 68.755165 0.006175 -2.353422
v 68.876869 0.025687 -2.344762
v 68.899445 0.001252 -2.346734
v 67.257042 0.037937 -0.607963
v 67.327126 0.040785 -0.770908
v 67.704041 0.039970 -1.158590
v 67.871300 0.040627 -1.231784
v 67.957893 0.037652 -1.220515
v 67.999191 0.031859 -1.194197
v 68.151405 0.027078 -1.197035
v 68.296928 0.022445 -1.191450
v 68.337296 0.021484 -1.201759
v 68.712463 0.017306 -1.452803
v 68.917923 0.028239 -1.691392
v 68.476730 0.019320 -1.279488
v 67.489769 0.041446 -0.977907
v 69.328156 0.097416 -5.546639
v 69.407692 0.102003 -5.751816
v 69.286217 0.089014 -5.068655
v 69.747017 0.057134 -4.365170
v 69.616653 0.068862 -4.646909
v 69.379379 0.080009 -4.787203
v 69.479347 0.075556 -4.736968
v 69.705902 0.043552 -3.824797
v 69.286179 0.092844 -5.312505
v 69.330429 0.083909 -4.876873
v 69.688065 0.064443 -4.565819
v 69.778992 0.047836 -4.061558
v 69.597435 0.041007 -3.657208
v 69.443527 0.039911 -3.604079
v 69.255257 0.026136 -3.413686
v 69.376617 0.030167 -3.538418
v 69.411018 0.034618 -3.568161
v 68.730865 0.018318 -1.969085
v 68.741463 0.021942 -2.150738
v 68.766594 0.025493 -2.350237
v 68.733826 0.016346 -1.871142
v 68.949753 0.002874 -2.604209
v 68.893951 0.018749 -2.619402
v 68.836655 0.006713 -2.631364
v 69.039673 0.006088 -3.045009
v 69.095871 0.022391 -3.018983
v 69.137138 0.002752 -2.999646
v 69.052689 0.016287 -3.038227
v 68.909851 0.015324 -2.739625
v 68.936302 0.023572 -2.732724
v 69.073013 0.023190 -3.029272
v 69.120468 0.014440 -3.007570
v 68.982491 0.013624 -2.720271
v 68.930656 0.043081 -1.898695
v 68.844910 0.028114 -2.345827
v 68.875755 0.036846 -2.181793
v 68.906212 0.040678 -2.029214
v 67.241776 0.039568 -0.616035
v 67.310532 0.042565 -0.782291
v 67.683350 0.042081 -1.183498
v 67.853760 0.039220 -1.265062
v 67.949402 0.036131 -1.259765
v 67.995430 0.033744 -1.229900
v 68.141586 0.029165 -1.227251
v 68.282249 0.024667 -1.221134
v 68.322853 0.023691 -1.231133
v 68.680946 0.019675 -1.465491
v 68.866791 0.033525 -1.696316
v 68.457352 0.021482 -1.301703
v 67.471336 0.043462 -0.995803
v 69.182312 0.008619 -3.004281
v 69.102562 0.025145 -3.042306
v 69.022232 0.015633 -3.081082
v 68.813515 0.019833 -1.882454
v 68.798264 0.019013 -2.348224
v 68.796082 0.020336 -2.163627
v 68.802132 0.019885 -1.993811
v 67.210434 0.025151 -0.632803
v 67.276436 0.027788 -0.805789
v 67.640953 0.028307 -1.234544
v 67.816879 0.025723 -1.337950
v 67.930817 0.022400 -1.344717
v 67.987228 0.019515 -1.302754
v 68.121178 0.015009 -1.288798
v 68.252037 0.010783 -1.281604
v 68.293114 0.009775 -1.290977
v 68.616699 0.005595 -1.491641
v 68.764984 0.013343 -1.705736
v 68.417648 0.007477 -1.347083
v 67.433525 0.029159 -1.032459
v 67.449471 0.035897 -1.017001
v 68.434395 0.014090 -1.327951
v 68.807846 0.022672 -1.701736
v 68.643784 0.012243 -1.480608
v 68.305664 0.016350 -1.265754
v 68.264786 0.017345 -1.256116
v 68.129791 0.021685 -1.262857
v 67.990707 0.026219 -1.272049
v 67.938675 0.028829 -1.308872
v 67.832443 0.032053 -1.307187
v 67.658829 0.034819 -1.213024
v 67.290817 0.034726 -0.795873
v 67.223671 0.031914 -0.625715
v 68.845589 0.029615 -2.008556
v 68.829453 0.028142 -2.171198
v 68.817749 0.023480 -2.347212
v 68.862083 0.030727 -1.889070
v 68.780296 0.017957 -1.877752
v 68.784996 0.021331 -2.348777
v 68.773308 0.020582 -2.158267
v 68.772423 0.018809 -1.983519
v 67.201469 0.025882 -0.637543
v 67.266724 0.028632 -0.812454
v 67.628830 0.029444 -1.249186
v 67.806358 0.026984 -1.358947
v 67.925583 0.023594 -1.369208
v 67.985008 0.020519 -1.323711
v 68.115425 0.016032 -1.306479
v 68.243446 0.011885 -1.298974
v 68.284660 0.010868 -1.308166
v 68.598251 0.006638 -1.499073
v 68.735687 0.012543 -1.708332
v 68.406311 0.008545 -1.360083
v 67.422737 0.030140 -1.042933
v 67.507744 0.026034 -0.960423
v 68.495636 0.003761 -1.257695
v 68.965698 0.005526 -1.687470
v 68.743484 0.001314 -1.440518
v 68.351288 0.005881 -1.172823
v 68.311157 0.006826 -1.162205
v 68.160789 0.011593 -1.167259
v 68.002518 0.016718 -1.159044
v 67.965584 0.029027 -1.183906
v 67.888023 0.031887 -1.201133
v 67.724251 0.024604 -1.134206
v 67.343269 0.025607 -0.759919
v 67.271812 0.023404 -0.599540
v 67.232399 0.007410 -0.330317
v 67.065620 0.015506 -0.374869
v 69.644157 0.031908 -3.637659
v 69.806480 0.039210 -4.046500
v 69.714821 0.056405 -4.571394
v 69.360283 0.075933 -4.888202
v 69.306801 0.084733 -5.308529
v 69.742508 0.034473 -3.803421
v 69.511650 0.067575 -4.750852
v 69.416565 0.071910 -4.802294
v 69.642189 0.060890 -4.653501
v 69.773804 0.048878 -4.362813
v 69.309555 0.081099 -5.074866
v 69.420052 0.094346 -5.743971
v 69.344612 0.089287 -5.537301
v 69.380928 0.087448 -5.516540
v 69.447327 0.092856 -5.726531
v 69.360863 0.079725 -5.087954
v 69.832596 0.046763 -4.357251
v 69.698257 0.059392 -4.667417
v 69.498009 0.070139 -4.834710
v 69.582443 0.066058 -4.780641
v 69.822670 0.030567 -3.756453
v 69.352188 0.082935 -5.299440
v 69.425766 0.074428 -4.912430
v 69.773560 0.054765 -4.583097
v 69.866806 0.036291 -4.013285
v 69.744934 0.027437 -3.593983
v 69.362648 0.085743 -5.527018
v 69.433578 0.091079 -5.735343
v 69.335068 0.077787 -5.081466
v 69.803047 0.045197 -4.360111
v 69.670074 0.057516 -4.660514
v 69.457108 0.068400 -4.818534
v 69.546883 0.064192 -4.765781
v 69.782410 0.029898 -3.780066
v 69.329361 0.081210 -5.304068
v 69.392860 0.072556 -4.900359
v 69.744041 0.052961 -4.577303
v 69.836487 0.035127 -4.030005
v 69.694328 0.027155 -3.615948
v 69.794373 0.025692 -3.572156
v 69.896431 0.035372 -3.996970
v 69.802399 0.054474 -4.588827
v 69.457916 0.074204 -4.924306
v 69.374481 0.082657 -5.294962
v 69.862030 0.029164 -3.733388
v 69.617210 0.065828 -4.795247
v 69.537994 0.069782 -4.850606
v 69.725792 0.059171 -4.674232
v 69.861465 0.046239 -4.354506
v 69.386063 0.079597 -5.094361
v 69.461273 0.092649 -5.718682
v 69.398773 0.087162 -5.506333
v 69.486641 0.093862 -6.051064
v 69.647026 0.086086 -5.968381
v 69.662422 0.047921 -5.963569
v 69.619194 0.040676 -5.981925
v 69.445152 0.057875 -6.070127
v 67.398285 -0.017366 -1.066548
v 68.380692 -0.038779 -1.389068
v 68.723381 -0.028578 -2.148239
v 69.450050 -0.007463 -3.719864
v 69.695839 -0.004983 -4.107928
v 69.607063 0.009899 -4.551582
v 69.240334 0.029274 -4.845735
v 69.223389 0.045039 -5.326144
v 67.405479 -0.038497 -1.059511
v 68.388283 -0.059972 -1.380198
v 69.510567 -0.033928 -3.694330
v 69.730171 -0.031098 -4.089283
v 69.640472 -0.015472 -4.559056
v 69.277657 0.004013 -4.860491
v 69.249100 0.021781 -5.321467
v 67.515633 -0.024034 -0.952639
v 68.504013 -0.046382 -1.247708
v 69.821991 -0.023065 -3.560571
v 69.910034 -0.014593 -3.989995
v 69.815605 0.004830 -4.593108
v 69.472809 0.024686 -4.931724
v 69.384537 0.039407 -5.293857
v 69.880608 -0.020975 -3.722964
v 69.641861 -0.034524 -3.863078
v 69.595993 -0.007860 -3.889721
v 68.969742 -0.030052 -2.584487
v 68.888229 -0.047811 -2.603967
v 68.807999 -0.024023 -2.622214
v 69.158035 -0.012800 -3.005178
v 69.091560 -0.020958 -3.034861
v 69.032829 -0.006853 -3.065424
v 69.254494 -0.021759 -3.101319
v 69.156013 -0.035374 -3.144272
v 69.058624 -0.013403 -3.186251
v 69.228508 -0.012502 -3.161236
v 69.173714 -0.020969 -3.192359
v 69.119598 -0.007461 -3.222880
v 69.252342 -0.011944 -3.209208
v 69.192093 -0.020338 -3.234981
v 69.132965 -0.006891 -3.259534
v 69.305145 -0.011253 -3.286470
v 69.205727 -0.017603 -3.295612
v 69.114632 -0.005866 -3.282782
v 69.772713 -0.022726 -3.493640
v 69.646553 -0.037137 -3.547991
v 69.369308 -0.006752 -3.629665
v 69.205360 -0.005635 -3.425282
v 69.352997 -0.019923 -3.397798
v 69.343971 -0.006430 -3.598454
v 69.699509 -0.034563 -3.435706
v 69.736168 -0.023218 -3.420919
v 69.672592 -0.022587 -3.350258
v 69.661415 -0.034060 -3.356744
v 69.323235 -0.006159 -3.572975
v 69.474678 -0.025757 -3.476874
v 69.540909 -0.031477 -3.511886
v 69.633438 0.016215 -4.804060
v 69.422493 -0.004455 -4.716319
v 69.382072 0.020844 -4.698328
v 69.556885 0.020105 -4.860078
v 69.314346 0.000195 -4.764536
v 69.267746 0.025642 -4.745018
v 69.539246 0.014126 -4.629687
v 69.571098 -0.011163 -4.638448
v 69.738335 0.009563 -4.679068
v 69.874687 -0.003524 -4.354461
v 69.699371 -0.022417 -4.371663
v 69.665932 0.003230 -4.374229
v 69.018974 -0.014907 -3.130621
v 69.128151 -0.038568 -3.084042
v 69.238495 -0.024245 -3.036423
v 69.151962 -0.041928 -2.113144
v 69.116600 -0.056529 -2.084058
v 68.707764 -0.033195 -1.963011
v 68.895027 -0.008455 -2.744488
v 68.959206 -0.033020 -2.727727
v 68.995209 -0.013244 -2.716130
v 68.671898 -0.038878 -1.715211
v 68.692421 -0.061809 -1.713972
v 68.991806 -0.049521 -1.688264
v 68.708176 -0.035810 -1.869123
v 69.037750 -0.080998 -1.922670
v 69.121819 -0.047028 -1.939113
v 68.974655 -0.074966 -2.058060
v 68.921989 -0.064610 -2.197103
v 68.758041 -0.049071 -1.435393
v 68.570274 -0.062051 -1.511397
v 68.557526 -0.040744 -1.516224
v 68.357147 -0.044285 -1.159184
v 68.270668 -0.057612 -1.334144
v 68.265167 -0.036401 -1.346051
v 68.223656 -0.035364 -1.337243
v 68.229263 -0.056583 -1.325205
v 68.317131 -0.043348 -1.148409
v 68.164291 -0.038512 -1.153191
v 68.105217 -0.052546 -1.333147
v 68.101677 -0.031385 -1.345411
v 67.978767 -0.026939 -1.369603
v 67.979752 -0.048086 -1.354963
v 68.002930 -0.034160 -1.142043
v 67.968536 -0.039393 -1.162138
v 67.916107 -0.044745 -1.405406
v 67.912941 -0.023461 -1.422609
v 67.782463 -0.019928 -1.404925
v 67.789467 -0.041261 -1.390256
v 67.895592 -0.036593 -1.182410
v 67.733299 -0.026389 -1.122710
v 67.609711 -0.038977 -1.271600
v 67.601547 -0.017733 -1.281660
v 69.397469 0.032306 -5.098927
v 69.244415 0.011996 -5.060745
v 69.215309 0.036428 -5.052487
v 69.367737 0.052430 -5.779754
v 69.384674 0.028977 -5.768072
v 69.469360 0.047749 -5.715556
v 69.406578 0.044698 -5.502280
v 69.298073 0.027465 -5.564533
v 69.277626 0.050473 -5.576005
v 69.425972 0.054614 -5.939225
v 69.491951 0.035332 -5.893712
v 69.561897 0.048581 -5.870490
v 69.459732 0.046111 -6.063999
v 67.350227 -0.024341 -0.755456
v 67.250961 -0.040197 -0.823699
v 67.244545 -0.019166 -0.827973
v 67.102509 -0.023532 -0.505264
v 67.181793 -0.046037 -0.493651
v 67.247528 -0.029391 -0.453517
v 67.177681 -0.022033 -0.647992
v 67.186386 -0.042978 -0.645391
v 67.279991 -0.026575 -0.594880
v 67.245003 -0.031905 -0.327409
v 67.207031 -0.040933 -0.338656
v 67.016319 -0.023200 -0.392329
v 67.033302 -0.037218 -0.386512
v 68.792473 -0.025353 -2.592284
v 68.875687 -0.050129 -2.572921
v 68.961555 -0.031588 -2.554671
v 68.910149 -0.026624 -2.473680
v 68.824516 -0.041118 -2.445392
v 68.783073 -0.022092 -2.496075
v 68.754227 -0.024212 -2.354254
v 68.874489 -0.051611 -2.346878
v 68.898529 -0.028540 -2.347550
v 67.254051 -0.059210 -0.610623
v 67.324104 -0.057448 -0.773598
v 67.701004 -0.058608 -1.161290
v 67.868034 -0.065541 -1.234692
v 67.954628 -0.068516 -1.223422
v 67.996155 -0.066719 -1.196897
v 68.148384 -0.071155 -1.199725
v 68.293900 -0.075788 -1.194140
v 68.334274 -0.076749 -1.204448
v 68.709412 -0.081921 -1.455520
v 68.914207 -0.092400 -1.694695
v 68.473701 -0.078913 -1.282178
v 67.486740 -0.056786 -0.980597
v 69.325897 0.024223 -5.548643
v 69.405357 0.025980 -5.753898
v 69.283752 0.009041 -5.070845
v 69.744453 -0.025974 -4.367445
v 69.614090 -0.014246 -4.649185
v 69.376816 -0.003099 -4.789478
v 69.476791 -0.007553 -4.739244
v 69.703346 -0.039456 -3.827070
v 69.283890 0.018559 -5.314539
v 69.327873 0.000926 -4.879146
v 69.685509 -0.018665 -4.568095
v 69.776428 -0.035273 -4.063834
v 69.594963 -0.039414 -3.659411
v 69.441322 -0.031767 -3.606041
v 69.253937 -0.016876 -3.414864
v 69.375023 -0.021533 -3.539834
v 69.409142 -0.026457 -3.569834
v 68.728584 -0.055832 -1.971116
v 68.739243 -0.050163 -2.152712
v 68.764442 -0.044340 -2.352149
v 68.731499 -0.059404 -1.873216
v 68.949074 -0.019171 -2.604813
v 68.892433 -0.030732 -2.620757
v 68.836006 -0.014560 -2.631947
v 69.039368 -0.003801 -3.045280
v 69.094421 -0.024926 -3.020279
v 69.136780 -0.008947 -2.999966
v 69.051720 -0.015136 -3.039088
v 68.908707 -0.021722 -2.740639
v 68.934593 -0.031945 -2.734244
v 69.071571 -0.023755 -3.030558
v 69.119431 -0.019138 -3.008489
v 68.981285 -0.025551 -2.721344
v 68.926353 -0.096642 -1.902521
v 68.842445 -0.052008 -2.348021
v 68.872421 -0.071574 -2.184762
v 68.902328 -0.085608 -2.032672
v 67.238724 -0.059455 -0.618747
v 67.307449 -0.057579 -0.785033
v 67.680267 -0.058078 -1.186241
v 67.850670 -0.061242 -1.267813
v 67.946312 -0.064332 -1.262516
v 67.992348 -0.066415 -1.232643
v 68.138504 -0.070980 -1.229994
v 68.279167 -0.075478 -1.223876
v 68.319771 -0.076454 -1.233875
v 68.677826 -0.081650 -1.468266
v 68.862862 -0.094257 -1.699815
v 68.454269 -0.078663 -1.304445
v 67.468246 -0.056683 -0.998546
v 69.181511 -0.017318 -3.004991
v 69.100967 -0.026807 -3.043729
v 69.021439 -0.010269 -3.081791
v 68.810837 -0.067160 -1.884836
v 68.796448 -0.039939 -2.349838
v 68.793877 -0.051216 -2.165586
v 68.799652 -0.060423 -1.996010
v 67.208359 -0.042244 -0.634648
v 67.274361 -0.039472 -0.807631
v 67.638878 -0.038953 -1.236386
v 67.814812 -0.041538 -1.339792
v 67.928741 -0.044860 -1.346559
v 67.985153 -0.047746 -1.304596
v 68.119102 -0.052252 -1.290640
v 68.249962 -0.056478 -1.283446
v 68.291039 -0.057486 -1.292819
v 68.614609 -0.062239 -1.493498
v 68.762497 -0.067370 -1.707947
v 68.415581 -0.059784 -1.348925
v 67.431458 -0.038101 -1.034300
v 67.446930 -0.046641 -1.019261
v 68.431854 -0.068449 -1.330211
v 68.804703 -0.079521 -1.704535
v 68.641212 -0.071133 -1.482891
v 68.303116 -0.066189 -1.268013
v 68.262245 -0.065194 -1.258376
v 68.127251 -0.060854 -1.265117
v 67.988159 -0.056320 -1.274309
v 67.936134 -0.053710 -1.311133
v 67.829903 -0.050486 -1.309447
v 67.656288 -0.047719 -1.215284
v 67.288277 -0.047812 -0.798133
v 67.221146 -0.050186 -0.627963
v 68.842461 -0.071985 -2.011338
v 68.826721 -0.060633 -2.173629
v 68.815620 -0.045644 -2.349105
v 68.858650 -0.080640 -1.892119
v 68.777786 -0.063505 -1.879982
v 68.783066 -0.041403 -2.350494
v 68.771118 -0.050355 -2.160210
v 68.770050 -0.058087 -1.985625
v 67.199371 -0.042162 -0.639406
v 67.264626 -0.039351 -0.814315
v 67.626740 -0.038540 -1.251048
v 67.804260 -0.041000 -1.360809
v 67.923492 -0.044390 -1.371070
v 67.982918 -0.047465 -1.325572
v 68.113327 -0.051952 -1.308341
v 68.241348 -0.056099 -1.300835
v 68.282562 -0.057116 -1.310028
v 68.596146 -0.061738 -1.500945
v 68.733307 -0.064630 -1.710446
v 68.404221 -0.059440 -1.361945
v 67.420647 -0.037843 -1.044794
v 67.505600 -0.043487 -0.962327
v 68.493500 -0.065761 -1.259598
v 68.963287 -0.072916 -1.689618
v 68.741333 -0.068560 -1.442432
v 68.349152 -0.063641 -1.174727
v 68.309013 -0.062696 -1.164109
v 68.158653 -0.057928 -1.169163
v 68.000343 -0.053756 -1.160974
v 67.962769 -0.062394 -1.186409
v 67.885208 -0.059534 -1.203637
v 67.722084 -0.045869 -1.136135
v 67.341133 -0.043914 -0.761823
v 67.269669 -0.046095 -0.601443
v 67.230858 -0.042452 -0.331683
v 67.063980 -0.037833 -0.376330
v 69.642120 -0.034287 -3.639472
v 69.804375 -0.029189 -4.048373
v 69.712715 -0.011994 -4.573267
v 69.358185 0.007659 -4.890072
v 69.304970 0.025157 -5.310161
v 69.740402 -0.033826 -3.805291
v 69.509544 -0.000825 -4.752725
v 69.414459 0.003511 -4.804167
v 69.640083 -0.007510 -4.655374
v 69.771698 -0.019522 -4.364686
v 69.307549 0.015834 -5.076653
v 69.418144 0.032423 -5.745667
v 69.342812 0.030802 -5.538903
v 69.379135 0.029267 -5.518133
v 69.445427 0.031278 -5.728217
v 69.358864 0.014765 -5.089732
v 69.830498 -0.021332 -4.359115
v 69.696167 -0.008703 -4.669281
v 69.495911 0.002043 -4.836576
v 69.580353 -0.002037 -4.782506
v 69.820580 -0.037429 -3.758315
v 69.350365 0.023662 -5.301063
v 69.423668 0.006458 -4.914291
v 69.771461 -0.013330 -4.584962
v 69.864716 -0.031804 -4.015150
v 69.742905 -0.038414 -3.595786
v 69.361008 0.032663 -5.528471
v 69.431831 0.034375 -5.736896
v 69.333221 0.017927 -5.083105
v 69.801109 -0.017798 -4.361835
v 69.668137 -0.005478 -4.662239
v 69.455170 0.005405 -4.820259
v 69.544937 0.001197 -4.767507
v 69.780472 -0.032997 -3.781789
v 69.327690 0.027038 -5.305551
v 69.390923 0.009686 -4.902080
v 69.742096 -0.010034 -4.579028
v 69.834549 -0.027867 -4.031730
v 69.692451 -0.033821 -3.617618
v 69.792328 -0.040908 -3.573980
v 69.894310 -0.033601 -3.998859
v 69.800278 -0.014499 -4.590715
v 69.455795 0.005354 -4.926192
v 69.372627 0.022323 -5.296615
v 69.859909 -0.039711 -3.735274
v 69.615089 -0.003145 -4.797135
v 69.535866 0.000809 -4.852495
v 69.723671 -0.009802 -4.676121
v 69.859344 -0.022734 -4.356395
v 69.384033 0.013694 -5.096166
v 69.459351 0.030198 -5.720393
v 69.396950 0.027897 -5.507957
v 69.485161 0.045602 -6.052385
v 69.645576 0.038972 -5.969671
v 69.651855 -0.009033 -3.361949
v 69.668343 -0.007253 -3.445493
v 69.631752 -0.009430 -3.324835
v 69.607376 -0.004449 -3.479330
v 69.524734 -0.002847 -3.444933
v 69.399902 -0.000868 -3.376858
v 69.467888 0.072440 -6.130363
v 69.501854 0.069130 -6.047693
v 69.479828 0.071893 -6.123809
v 69.606300 0.064379 -5.991613
v 69.692963 0.062196 -6.009312
v 69.706200 0.061703 -6.006209
v 69.112862 -0.026568 -2.115633
v 69.021614 -0.024768 -2.078757
v 68.945160 -0.018521 -2.220930
v 67.235046 -0.019330 -0.268776
v 67.192650 -0.016105 -0.338877
v 67.081146 -0.011905 -0.366897
v 67.006264 -0.010714 -0.326194
v 66.990257 -0.010112 -0.330176
v 67.246643 -0.019784 -0.265249
v 69.070442 -0.021423 -2.905531
v 69.023628 -0.026699 -2.923912
v 69.000175 -0.017349 -2.932026
v 69.084793 -0.010399 -2.899001
v 69.047455 -0.027880 -2.914966
v 68.987747 -0.005384 -2.937104
v 69.071533 0.014100 -2.904558
v 69.025169 0.023241 -2.922544
v 69.001198 0.015807 -2.931118
v 69.085167 0.001874 -2.898665
v 69.049004 0.022464 -2.913588
v 68.988068 0.004925 -2.936822
v 68.932785 -0.027782 -2.622970
v 68.885246 -0.034652 -2.634019
v 68.860512 -0.024280 -2.638945
v 68.948845 -0.014892 -2.617521
v 68.909691 -0.035610 -2.628639
v 68.845741 -0.010255 -2.641950
v 68.934052 0.013450 -2.621841
v 68.887047 0.023823 -2.632418
v 68.861725 0.015275 -2.637861
v 68.949287 -0.000682 -2.617132
v 68.911491 0.022981 -2.627034
v 68.846130 0.002371 -2.641604
vt 0.436985 0.901134
vt 0.437750 0.734932
vt 0.451709 0.734957
vt 0.450700 0.901591
vt 0.438918 0.510991
vt 0.452811 0.510382
vt 0.460771 0.507229
vt 0.459698 0.731971
vt 0.458914 0.896625
vt 0.282550 0.864511
vt 0.282937 0.703167
vt 0.303664 0.708387
vt 0.303943 0.870735
vt 0.284371 0.486479
vt 0.305383 0.490372
vt 0.328897 0.494686
vt 0.327035 0.714005
vt 0.327683 0.877291
vt 0.238897 0.854683
vt 0.240470 0.694786
vt 0.242854 0.695956
vt 0.241217 0.855684
vt 0.241048 0.480173
vt 0.243528 0.481478
vt 0.250503 0.482752
vt 0.249665 0.697442
vt 0.248158 0.857282
vt 0.441506 0.107542
vt 0.442052 0.028059
vt 0.454170 0.026402
vt 0.453997 0.106036
vt 0.442204 0.005984
vt 0.454218 0.004286
vt 0.461332 0.001080
vt 0.461332 0.023186
vt 0.461332 0.102781
vt 0.290148 0.098580
vt 0.291527 0.022347
vt 0.318428 0.023495
vt 0.315819 0.100174
vt 0.291910 0.001175
vt 0.319153 0.002199
vt 0.346021 0.003374
vt 0.345112 0.024810
vt 0.341840 0.101992
vt 0.236683 0.096447
vt 0.235415 0.021069
vt 0.238147 0.022253
vt 0.239371 0.097671
vt 0.235063 0.000135
vt 0.237807 0.001307
vt 0.246752 0.001821
vt 0.246986 0.022804
vt 0.247828 0.098354
vt 0.394481 0.104116
vt 0.396641 0.025727
vt 0.421714 0.027255
vt 0.420459 0.106277
vt 0.397241 0.003957
vt 0.422062 0.005309
vt 0.384243 0.888884
vt 0.384175 0.724119
vt 0.413835 0.730414
vt 0.413441 0.895914
vt 0.385759 0.502425
vt 0.415181 0.507513
vt 0.354329 0.718892
vt 0.354837 0.882952
vt 0.356121 0.498373
vt 0.371024 0.025211
vt 0.368025 0.102968
vt 0.371857 0.003616
vt 0.266054 0.022449
vt 0.265952 0.098286
vt 0.266082 0.001386
vt 0.263913 0.699626
vt 0.262862 0.860058
vt 0.265023 0.484136
vt 0.229901 0.019450
vt 0.230614 0.024426
vt 0.230919 0.255763
vt 0.223046 0.256894
vt 0.231568 0.027210
vt 0.233243 0.258590
vt 0.234481 0.492865
vt 0.231640 0.489662
vt 0.222980 0.488973
vt 0.074644 0.134649
vt 0.100242 0.128526
vt 0.098866 0.290872
vt 0.074166 0.295993
vt 0.126045 0.122088
vt 0.124190 0.285368
vt 0.124639 0.504695
vt 0.099262 0.508892
vt 0.074485 0.512685
vt 0.003983 0.144303
vt 0.013202 0.143302
vt 0.014753 0.303035
vt 0.005617 0.304205
vt 0.027150 0.141726
vt 0.028371 0.301571
vt 0.028705 0.516262
vt 0.015201 0.517512
vt 0.006217 0.518817
vt 0.224518 0.892427
vt 0.232287 0.894006
vt 0.232349 0.973639
vt 0.224859 0.971912
vt 0.235063 0.897306
vt 0.235063 0.976899
vt 0.235063 0.999005
vt 0.232366 0.995755
vt 0.224954 0.993987
vt 0.078435 0.900609
vt 0.107854 0.899138
vt 0.110141 0.975829
vt 0.079468 0.976848
vt 0.135773 0.897450
vt 0.138745 0.974647
vt 0.139571 0.996087
vt 0.110776 0.997129
vt 0.079754 0.998022
vt 0.001682 0.902512
vt 0.010253 0.901290
vt 0.008845 0.976701
vt 0.000366 0.977881
vt 0.024717 0.900639
vt 0.023586 0.976184
vt 0.023271 0.997165
vt 0.008454 0.997645
vt 0.000000 0.998814
vt 0.186266 0.895598
vt 0.208294 0.893576
vt 0.209277 0.972603
vt 0.188123 0.973996
vt 0.209550 0.994551
vt 0.188639 0.995770
vt 0.179920 0.110788
vt 0.205185 0.097222
vt 0.204208 0.267762
vt 0.178869 0.275551
vt 0.204472 0.492319
vt 0.179255 0.497250
vt 0.153031 0.116565
vt 0.151363 0.280621
vt 0.151786 0.501147
vt 0.161896 0.896607
vt 0.164592 0.974378
vt 0.165341 0.995977
vt 0.048909 0.900789
vt 0.048670 0.976626
vt 0.048604 0.997688
vt 0.048866 0.139012
vt 0.049350 0.299447
vt 0.049642 0.514939
vt 0.049374 0.734058
vt 0.026984 0.734549
vt 0.076328 0.732991
vt 0.156419 0.725653
vt 0.129738 0.727730
vt 0.182487 0.723303
vt 0.206280 0.719935
vt 0.223793 0.717796
vt 0.013072 0.735484
vt 0.004306 0.736781
vt 0.103208 0.730523
vt 0.232109 0.719033
vt 0.234990 0.722382
vt 0.249478 0.264456
vt 0.265676 0.265018
vt 0.287271 0.266185
vt 0.335109 0.271679
vt 0.361851 0.273893
vt 0.390015 0.276391
vt 0.417839 0.279908
vt 0.440329 0.282170
vt 0.239208 0.262195
vt 0.241803 0.263493
vt 0.310438 0.268764
vt 0.453579 0.281010
vt 0.461262 0.277709
vt 0.026319 0.050231
vt 0.048554 0.047180
vt 0.048620 0.066761
vt 0.026496 0.069739
vt 0.075014 0.042294
vt 0.074935 0.061986
vt 0.127405 0.028628
vt 0.154255 0.022678
vt 0.153994 0.042696
vt 0.127115 0.048555
vt 0.180704 0.016518
vt 0.180537 0.036618
vt 0.205604 0.008775
vt 0.205550 0.027386
vt 0.229516 0.000000
vt 0.229588 0.010821
vt 0.002885 0.052760
vt 0.012149 0.051865
vt 0.012373 0.071361
vt 0.003119 0.072279
vt 0.101256 0.035597
vt 0.101040 0.055411
vt 0.460242 0.999512
vt 0.458794 0.997638
vt 0.458902 0.984799
vt 0.460263 0.988328
vt 0.455971 0.996853
vt 0.456283 0.977617
vt 0.459244 0.965479
vt 0.460283 0.977143
vt 0.247175 0.948775
vt 0.247384 0.929267
vt 0.262365 0.932309
vt 0.262230 0.951889
vt 0.282449 0.937174
vt 0.282421 0.956866
vt 0.328331 0.970754
vt 0.328193 0.950826
vt 0.355262 0.956824
vt 0.355378 0.976843
vt 0.384407 0.963055
vt 0.384452 0.983156
vt 0.413328 0.970399
vt 0.413298 0.990584
vt 0.436652 0.975927
vt 0.436561 0.996196
vt 0.237841 0.946224
vt 0.238066 0.926705
vt 0.240357 0.927622
vt 0.240125 0.947117
vt 0.304235 0.943852
vt 0.304315 0.963667
vt 0.450054 0.976972
vt 0.449881 0.997407
vt 1.991389 1.253862
vt 1.991389 1.193405
vt 2.004810 1.193405
vt 2.004565 1.253862
vt 1.991389 1.132978
vt 2.005055 1.132978
vt 2.018721 1.132978
vt 2.018231 1.193405
vt 2.017740 1.253862
vt -0.636986 -0.946889
vt -0.679406 -0.974443
vt -0.666058 -0.978503
vt -0.609086 -0.945448
vt -0.737962 -1.010435
vt -0.734527 -1.011905
vt -0.731214 -1.013347
vt -0.653705 -0.987099
vt -0.590812 -0.986850
vt 2.023460 0.066550
vt 2.023110 0.007011
vt 2.036457 0.007362
vt 2.036563 0.066894
vt 2.023291 -0.055049
vt 2.036882 -0.054692
vt 2.050473 -0.054335
vt 2.049805 0.007712
vt 2.049667 0.067238
vt 1.824829 0.602938
vt 1.825723 0.460002
vt 1.839317 0.459856
vt 1.838423 0.602792
vt 1.827904 0.317035
vt 1.841498 0.316889
vt 1.855093 0.316742
vt 1.852912 0.459710
vt 1.852017 0.602646
vt 2.100644 -0.712931
vt 2.100644 -0.645988
vt 2.086978 -0.645988
vt 2.086978 -0.712931
vt 2.100644 -0.559863
vt 2.086978 -0.559863
vt 2.073312 -0.559864
vt 2.073312 -0.645988
vt 2.073312 -0.712931
vt 1.956742 0.535071
vt 1.958143 0.630729
vt 1.944535 0.630439
vt 1.943150 0.534782
vt 1.959486 0.732242
vt 1.945770 0.731950
vt 1.932053 0.731659
vt 1.930927 0.630149
vt 1.929558 0.534492
vt 1.995711 -0.674047
vt 1.995057 -0.608072
vt 1.982000 -0.607954
vt 1.983039 -0.673933
vt 1.993909 -0.518561
vt 1.980492 -0.518440
vt 1.967075 -0.518319
vt 1.968943 -0.607836
vt 1.970368 -0.673818
vt 1.992194 -0.303027
vt 1.994432 -0.197465
vt 1.980837 -0.197342
vt 1.978599 -0.302904
vt 1.998199 -0.095493
vt 1.984604 -0.095370
vt 1.971009 -0.095247
vt 1.967242 -0.197219
vt 1.965004 -0.302781
vt 1.823988 1.751895
vt 1.823988 1.697106
vt 1.837654 1.697106
vt 1.837654 1.751895
vt 1.823988 1.658767
vt 1.837654 1.658767
vt 1.851321 1.658767
vt 1.851321 1.697106
vt 1.851321 1.751895
vt 1.823988 1.326454
vt 1.823988 1.279929
vt 1.837654 1.279929
vt 1.837654 1.326454
vt 1.823988 1.225115
vt 1.837654 1.225115
vt 1.851321 1.225115
vt 1.851321 1.279929
vt 1.851321 1.326454
vt 2.019694 0.818468
vt 2.019467 0.701184
vt 2.031087 0.701489
vt 2.031940 0.818789
vt 2.019905 0.584888
vt 2.031174 0.585184
vt 2.042443 0.585480
vt 2.042708 0.701795
vt 2.044187 0.819111
vt 1.043035 1.059368
vt 1.066139 0.866068
vt 1.076418 0.861632
vt 1.058688 1.007980
vt 1.070429 0.715074
vt 1.081665 0.713934
vt 1.093069 0.712869
vt 1.086616 0.860249
vt 1.068074 1.003939
vt 0.640160 0.121703
vt 0.608230 0.052613
vt 0.619473 0.051361
vt 0.651609 0.118424
vt 0.577748 -0.042190
vt 0.589150 -0.040784
vt 0.600718 -0.039303
vt 0.630883 0.050182
vt 0.663224 0.115219
vt -0.784913 1.149313
vt -0.808551 1.098229
vt -0.760221 1.082976
vt -0.724280 1.135265
vt -0.852242 1.028043
vt -0.809776 1.010688
vt -0.758137 0.989615
vt -0.702854 1.064649
vt -0.661656 1.119794
vt -0.937288 0.833359
vt -0.951049 0.722219
vt -0.923619 0.710362
vt -0.906393 0.818615
vt -0.937010 0.597889
vt -0.911087 0.590726
vt -0.879495 0.582004
vt -0.890199 0.695951
vt -0.868775 0.800705
vt -0.855294 0.347570
vt -0.828414 0.290590
vt -0.803509 0.297985
vt -0.829728 0.353477
vt -0.802335 0.260898
vt -0.778322 0.267954
vt -0.749045 0.276463
vt -0.773149 0.306906
vt -0.798567 0.360593
vt -0.506476 0.096769
vt -0.480993 0.046132
vt -0.453713 0.059192
vt -0.475047 0.111415
vt -0.453137 -0.028662
vt -0.429678 -0.017391
vt -0.401070 -0.003774
vt -0.420475 0.074977
vt -0.436782 0.129123
vt -0.412862 -0.235820
vt -0.409537 -0.353453
vt -0.389032 -0.353216
vt -0.391893 -0.232967
vt -0.423684 -0.498358
vt -0.397139 -0.471228
vt -0.373608 -0.475441
vt -0.364384 -0.355051
vt -0.366305 -0.229551
vt 1.879882 -0.629387
vt 1.879882 -0.499204
vt 1.866216 -0.499204
vt 1.866216 -0.629387
vt 1.879882 -0.364178
vt 1.866216 -0.364178
vt 1.852551 -0.364178
vt 1.852551 -0.499204
vt 1.852551 -0.629387
vt 1.991388 0.029073
vt 1.991388 0.126372
vt 1.977722 0.126372
vt 1.977722 0.029073
vt 1.991388 0.257805
vt 1.977722 0.257805
vt 1.964056 0.257806
vt 1.964056 0.126372
vt 1.964056 0.029073
vt 1.925310 1.244641
vt 1.925310 1.284983
vt 1.912185 1.284983
vt 1.912572 1.244641
vt 1.925310 1.343005
vt 1.911823 1.343005
vt 1.898336 1.343005
vt 1.899060 1.284983
vt 1.899834 1.244641
vt 1.925310 1.517114
vt 1.925310 1.610172
vt 1.911644 1.610172
vt 1.911644 1.517114
vt 1.925310 1.709046
vt 1.911644 1.709046
vt 1.897978 1.709046
vt 1.897978 1.610172
vt 1.897978 1.517114
vt 1.142922 1.593880
vt 1.142922 1.612909
vt 1.129256 1.612909
vt 1.129256 1.593880
vt 1.142922 1.641621
vt 1.129256 1.641621
vt 1.115590 1.641621
vt 1.115590 1.612909
vt 1.115590 1.593880
vt 1.142922 1.893477
vt 1.142922 1.941243
vt 1.129225 1.941516
vt 1.129196 1.894695
vt 1.142922 1.998085
vt 1.129256 1.998085
vt 1.115590 1.998085
vt 1.115404 1.942881
vt 1.114106 1.906585
vt 1.991389 1.853549
vt 1.991389 1.792051
vt 2.003073 1.792051
vt 2.003703 1.853549
vt 1.991389 1.723086
vt 2.002720 1.723086
vt 2.014052 1.723086
vt 2.014758 1.792051
vt 2.016018 1.853549
vt 1.925310 1.424224
vt 1.911666 1.424224
vt 1.898023 1.424225
vt -0.900135 0.937371
vt -0.863642 0.920414
vt -0.819241 0.899824
vt 1.992449 -0.413181
vt 1.978876 -0.413058
vt 1.965303 -0.412935
vt 1.383977 1.789175
vt 1.383977 1.771500
vt 1.403023 1.768211
vt 1.408772 1.785107
vt 1.383977 1.757251
vt 1.397875 1.754485
vt 1.408362 1.735980
vt 1.417127 1.745296
vt 1.427098 1.756626
vt 1.422134 1.692974
vt 1.433567 1.691528
vt 1.412295 1.694124
vt 1.408232 1.652199
vt 1.417111 1.640643
vt 1.427099 1.626429
vt 1.403009 1.617739
vt 1.408772 1.597948
vt 1.397761 1.633780
vt 1.383976 1.631112
vt 1.383976 1.614462
vt 1.383977 1.593880
vt 0.819686 1.636781
vt 0.819686 1.622004
vt 0.828221 1.622434
vt 0.824787 1.637642
vt 0.819686 1.607227
vt 0.831655 1.607227
vt 0.843624 1.607227
vt 0.836756 1.623381
vt 0.829887 1.639534
vt -0.486898 1.728457
vt -0.505577 1.731161
vt -0.443563 1.709904
vt -0.474920 1.723246
vt -0.520110 1.732475
vt -0.448333 1.706115
vt -0.377736 1.679551
vt -0.386846 1.687771
vt -0.399295 1.697873
vt -0.409065 1.700291
vt -0.418835 1.702709
vt -0.428654 1.706716
vt -0.438473 1.710723
vt -0.450707 1.714379
vt -0.462942 1.718035
vt 0.828098 1.725523
vt 0.835861 1.742587
vt 0.827774 1.743443
vt 0.823892 1.727236
vt 0.843625 1.759651
vt 0.831656 1.759651
vt 0.819686 1.759651
vt 0.819686 1.743833
vt 0.819686 1.728014
vt 0.663683 1.655529
vt 0.622719 1.655529
vt 0.622720 1.638562
vt 0.663683 1.631378
vt 0.581756 1.655529
vt 0.581756 1.645746
vt 0.581756 1.635963
vt 0.622720 1.621595
vt 0.663683 1.607227
vt -0.601347 1.668501
vt -0.588027 1.638052
vt -0.493004 1.607093
vt -0.487190 1.633139
vt -0.563964 1.609919
vt -0.496377 1.584305
vt -0.428790 1.558690
vt -0.397981 1.576134
vt -0.373033 1.597777
vt 0.498867 1.607227
vt 0.540312 1.621595
vt 0.540312 1.638562
vt 0.498867 1.631378
vt 0.581756 1.635963
vt 0.581756 1.645746
vt 0.581756 1.655530
vt 0.540312 1.655530
vt 0.498867 1.655530
vt 1.203947 1.593880
vt 1.203947 1.614838
vt 1.193956 1.614838
vt 1.194192 1.593880
vt 1.203947 1.636708
vt 1.193758 1.636709
vt 1.183569 1.636709
vt 1.183964 1.614838
vt 1.184437 1.593880
vt -0.557088 1.585976
vt -0.503609 1.562018
vt -0.563616 1.564148
vt -0.511661 1.541154
vt -0.459707 1.518160
vt -0.450131 1.538061
vt 0.997043 1.689953
vt 0.997043 1.718302
vt 0.987097 1.718326
vt 0.987339 1.689977
vt 0.997043 1.746650
vt 0.986856 1.746676
vt 0.976668 1.746701
vt 0.977151 1.718351
vt 0.977634 1.690001
vt 1.203947 1.661539
vt 1.193622 1.661600
vt 1.203947 1.695910
vt 1.193510 1.696393
vt 1.183074 1.697457
vt 1.183297 1.661733
vt -0.574289 1.540368
vt -0.516380 1.522238
vt -0.589652 1.506535
vt -0.518495 1.500555
vt -0.449702 1.496238
vt -0.458766 1.504317
vt 0.902568 1.742816
vt 0.902387 1.731061
vt 0.912718 1.731061
vt 0.912809 1.742816
vt 0.902176 1.718612
vt 0.912613 1.718612
vt 0.923050 1.718612
vt 0.923050 1.731060
vt 0.923050 1.742816
vt 1.203947 1.742904
vt 1.193674 1.745915
vt 1.203947 1.784174
vt 1.195805 1.802398
vt 1.182127 1.814079
vt 1.182764 1.749951
vt -0.613211 1.457665
vt -0.523463 1.466558
vt -0.650505 1.405271
vt -0.584987 1.415745
vt -0.555664 1.408838
vt -0.508503 1.430828
vt -0.454192 1.444119
vt -0.439726 1.486415
vt 0.901916 1.705010
vt 0.912483 1.705010
vt 0.901627 1.690715
vt 0.912338 1.690715
vt 0.923050 1.690715
vt 0.923050 1.705010
vt 1.925310 1.180400
vt 1.925310 1.212514
vt 1.912796 1.212514
vt 1.912899 1.180400
vt 1.900283 1.212514
vt 1.900488 1.180400
vt -1.003908 1.272992
vt -1.016739 1.241736
vt -0.897371 1.203521
vt -0.941285 1.257995
vt -1.031530 1.212139
vt -0.984170 1.196365
vt -0.975306 1.184477
vt -0.945832 1.183896
vt -0.932963 1.172938
vt -0.908144 1.173931
vt -0.890838 1.161449
vt -0.871020 1.164105
vt -0.850815 1.150507
vt -0.834254 1.157309
vt -0.783023 1.184327
vt -0.764742 1.206306
vt -0.841759 1.228179
vt -0.901733 1.266972
vt 1.996156 -0.733870
vt 1.996026 -0.712894
vt 1.983578 -0.712781
vt 1.983809 -0.733758
vt 1.971129 -0.712669
vt 1.971463 -0.733647
vt 1.998199 -1.105757
vt 1.997341 -0.949534
vt 1.985975 -0.949431
vt 1.987543 -1.105661
vt 1.996691 -0.831247
vt 1.984787 -0.831139
vt 1.972883 -0.831031
vt 1.974609 -0.949328
vt 1.976887 -1.105565
vt -0.703478 1.362181
vt -0.648651 1.361947
vt -0.757649 1.329995
vt -0.709946 1.312829
vt -0.662894 1.294686
vt -0.600525 1.358343
vt 1.996294 -0.759067
vt 1.996233 -0.747818
vt 1.983950 -0.747707
vt 1.984063 -0.758956
vt 1.971666 -0.747596
vt 1.971830 -0.758845
vt -0.964790 1.346281
vt -0.987624 1.309252
vt -0.953033 1.299344
vt -0.944964 1.338985
vt -0.921133 1.292148
vt -0.925139 1.331689
vt 1.925310 1.099198
vt 1.925310 1.142229
vt 1.912963 1.142229
vt 1.913014 1.099198
vt 1.900615 1.142229
vt 1.900718 1.099198
vt 1.925310 1.007821
vt 1.925310 1.053971
vt 1.913063 1.053971
vt 1.913113 1.007821
vt 1.900817 1.053971
vt 1.900916 1.007821
vt -0.898800 1.409877
vt -0.934062 1.379419
vt -0.923688 1.374687
vt -0.895722 1.407826
vt -0.913314 1.369955
vt -0.892644 1.405775
vt 1.996389 -0.776188
vt 1.984234 -0.776078
vt 1.972080 -0.775968
vt -0.799321 1.306708
vt -0.750292 1.282312
vt -0.834359 1.287117
vt -0.778112 1.263242
vt -0.722225 1.239436
vt -0.701156 1.257604
vt -0.870290 1.269215
vt -0.806973 1.245419
vt -0.742404 1.223709
vt 1.142922 1.738332
vt 1.142922 1.787719
vt 1.129225 1.787698
vt 1.129256 1.738332
vt 1.142922 1.828582
vt 1.129196 1.828622
vt 1.114106 1.827557
vt 1.115404 1.787591
vt 1.115590 1.738332
vt -0.696738 0.187154
vt -0.624565 0.160470
vt -0.595234 0.176140
vt -0.671501 0.198528
vt -0.562849 0.142161
vt -0.529703 0.160507
vt -0.489357 0.182698
vt -0.559511 0.195089
vt -0.640740 0.212271
vt 1.823988 1.534799
vt 1.823988 1.462424
vt 1.837654 1.462424
vt 1.837654 1.534799
vt 1.823988 1.401545
vt 1.837654 1.401545
vt 1.851321 1.401545
vt 1.851321 1.462424
vt 1.851321 1.534799
vt 1.142922 1.859752
vt 1.129450 1.860507
vt 1.117902 1.865723
vt -0.528121 0.125033
vt -0.494339 0.142272
vt -0.453223 0.163120
vt 1.823988 1.361408
vt 1.837654 1.361408
vt 1.851321 1.361408
vt 1.823988 1.604038
vt 1.837654 1.604038
vt 1.851321 1.604038
vt -0.758531 0.224577
vt -0.734857 0.232815
vt -0.705990 0.242756
vt 1.142922 1.686136
vt 1.129256 1.686136
vt 1.115590 1.686136
vt 1.925310 1.820704
vt 1.911644 1.820704
vt 1.925310 1.940239
vt 1.911644 1.940239
vt 1.897978 1.940240
vt 1.897978 1.820705
vt -0.897716 0.460542
vt -0.872076 0.460514
vt -0.840827 0.460439
vt 1.823988 1.982893
vt 1.823988 1.852902
vt 1.837654 1.852902
vt 1.837654 1.982893
vt 1.851321 1.852902
vt 1.851321 1.982893
vt 0.735008 1.631083
vt 0.761245 1.620910
vt 0.761245 1.639219
vt 0.735008 1.645145
vt 0.795748 1.607227
vt 0.795748 1.631253
vt 0.795748 1.655280
vt 0.761245 1.657528
vt 0.735008 1.659207
vt -0.547146 1.719919
vt -0.579919 1.697782
vt -0.473471 1.663547
vt -0.459070 1.689152
vt -0.367023 1.629312
vt -0.370993 1.658384
vt 1.562649 1.618755
vt 1.562649 1.659245
vt 1.544298 1.659245
vt 1.548555 1.618755
vt 1.562649 1.712683
vt 1.538567 1.712683
vt 1.514486 1.712683
vt 1.525947 1.659245
vt 1.534460 1.618755
vt 1.991388 1.040194
vt 1.991388 1.093537
vt 1.977722 1.093537
vt 1.977722 1.040194
vt 1.991388 1.132978
vt 1.977722 1.132978
vt 1.964056 1.132978
vt 1.964056 1.093537
vt 1.964056 1.040194
vt 0.517531 -0.849363
vt 0.559559 -0.905511
vt 0.564199 -0.862283
vt 0.545639 -0.807973
vt 0.597575 -0.947474
vt 0.587652 -0.867382
vt 0.592123 -0.812428
vt 1.954279 0.435217
vt 1.955438 0.473870
vt 1.941846 0.473580
vt 1.940687 0.434928
vt 1.928254 0.473291
vt 1.927094 0.434638
vt 1.955098 0.156878
vt 1.953203 0.258844
vt 1.939611 0.258554
vt 1.941506 0.156588
vt 1.952850 0.342979
vt 1.939258 0.342689
vt 1.925665 0.342400
vt 1.926019 0.258265
vt 1.927913 0.156299
vt 0.575991 -0.262120
vt 0.604615 -0.366218
vt 0.619934 -0.354526
vt 0.589639 -0.254054
vt 0.641411 -0.448941
vt 0.657204 -0.434104
vt 0.673163 -0.419193
vt 0.635421 -0.342760
vt 0.603455 -0.245913
vt 1.991388 0.566093
vt 1.991388 0.718488
vt 1.977722 0.718488
vt 1.977722 0.566093
vt 1.991388 0.853546
vt 1.977722 0.853546
vt 1.964056 0.853546
vt 1.964056 0.718488
vt 1.964056 0.566093
vt 1.953334 0.397773
vt 1.939741 0.397484
vt 1.926149 0.397195
vt 0.429465 -0.656707
vt 0.470489 -0.767212
vt 0.514820 -0.704901
vt 0.452656 -0.621415
vt 0.588093 -0.737260
vt 0.607885 -0.692797
vt 0.552568 -0.652980
vt 0.507412 -0.576641
vt 0.481986 -0.594261
vt 0.457532 -0.578502
vt 1.991388 0.961215
vt 1.977722 0.961215
vt 1.964056 0.961215
vt 0.621980 -0.799870
vt 0.638792 -0.756991
vt 0.674602 -0.815458
vt 0.691736 -0.782743
vt 0.707179 -0.753678
vt 0.656380 -0.721624
vt 0.742245 -0.840402
vt 0.757580 -0.816601
vt 0.810287 -0.869271
vt 0.825001 -0.853408
vt 0.838336 -0.839141
vt 0.771567 -0.795237
vt 1.991388 0.408544
vt 1.977722 0.408544
vt 1.964056 0.408544
vt 0.566088 -0.150548
vt 0.578303 -0.145988
vt 0.590685 -0.141354
vt 1.964056 -0.053893
vt 1.958995 0.051604
vt 1.945403 0.051315
vt 1.950464 -0.054182
vt 1.931811 0.051026
vt 1.936872 -0.054471
vt 1.991388 -0.055049
vt 1.991388 -0.025375
vt 1.977722 -0.025375
vt 1.977722 -0.055049
vt 1.964056 -0.025375
vt 1.964057 -0.055049
vt 0.667101 0.174130
vt 0.657865 0.157695
vt 0.669560 0.153155
vt 0.678959 0.169206
vt 0.681422 0.148688
vt 0.690984 0.164355
vt 2.100644 -0.765412
vt 2.100644 -0.748119
vt 2.086978 -0.748120
vt 2.086978 -0.765412
vt 2.073312 -0.748120
vt 2.073312 -0.765412
vt 2.100644 -0.825172
vt 2.100644 -0.784899
vt 2.086978 -0.784899
vt 2.086978 -0.825173
vt 2.073312 -0.784900
vt 2.073312 -0.825173
vt 0.710783 0.215319
vt 0.679752 0.188765
vt 0.691592 0.184197
vt 0.722223 0.210715
vt 0.703598 0.179703
vt 0.733830 0.206186
vt 0.997043 1.717363
vt 1.009305 1.717363
vt 1.009305 1.731068
vt 0.997043 1.731068
vt 1.021567 1.717363
vt 1.021567 1.731068
vt 1.021567 1.744773
vt 1.009305 1.744773
vt 0.997043 1.744773
vt 1.463055 1.656318
vt 1.463055 1.731991
vt 1.449389 1.731991
vt 1.449389 1.656318
vt 1.463055 1.828181
vt 1.449389 1.828180
vt 1.435723 1.828181
vt 1.435724 1.731991
vt 1.435724 1.656319
vt 0.826860 0.303103
vt 0.767923 0.260010
vt 0.778535 0.254043
vt 0.836884 0.295285
vt 0.789314 0.248150
vt 0.847075 0.287541
vt 2.100644 -0.964886
vt 2.100644 -0.894939
vt 2.086978 -0.894939
vt 2.086978 -0.964886
vt 2.073312 -0.894939
vt 2.073312 -0.964886
vt 2.100644 -1.034442
vt 2.100644 -1.006744
vt 2.086978 -1.006744
vt 2.086978 -1.034442
vt 2.073312 -1.006744
vt 2.073312 -1.034442
vt 0.894688 0.328988
vt 0.864504 0.324548
vt 0.874855 0.315448
vt 0.906269 0.319325
vt 0.885373 0.306421
vt 0.918016 0.309735
vt 1.463055 1.593880
vt 1.463055 1.614841
vt 1.449389 1.614841
vt 1.449389 1.593880
vt 1.435724 1.614841
vt 1.435724 1.593880
vt 0.889795 1.663282
vt 0.866710 1.663283
vt 0.868558 1.642416
vt 0.893492 1.635255
vt 0.843625 1.663283
vt 0.843625 1.649577
vt 0.843625 1.635873
vt 0.872626 1.621550
vt 0.901627 1.607227
vt 0.975651 0.351641
vt 0.934316 0.329930
vt 0.947665 0.320448
vt 0.990222 0.343512
vt 0.961181 0.311041
vt 1.004960 0.335456
vt 2.100644 -1.105757
vt 2.100644 -1.067520
vt 2.086978 -1.067520
vt 2.086978 -1.105757
vt 2.073312 -1.067520
vt 2.073312 -1.105757
vt 1.835316 0.116972
vt 1.839458 0.031254
vt 1.853052 0.031108
vt 1.848910 0.116826
vt 1.843601 -0.054464
vt 1.857195 -0.054610
vt 1.870790 -0.054756
vt 1.866647 0.030962
vt 1.862504 0.116679
vt 1.034222 0.499952
vt 1.008091 0.412925
vt 1.022453 0.407457
vt 1.047575 0.497054
vt 1.036981 0.402063
vt 1.061094 0.494231
vt 1.879882 -0.167641
vt 1.879882 -0.108273
vt 1.858778 -0.107065
vt 1.863836 -0.167255
vt 1.879882 -0.062469
vt 1.851935 -0.060151
vt 1.823988 -0.055049
vt 1.837674 -0.104408
vt 1.847790 -0.166405
vt 1.879882 -0.251997
vt 1.865919 -0.251948
vt 1.851956 -0.251842
vt 1.057343 0.597208
vt 1.069682 0.595508
vt 1.082188 0.593881
vt 1.831282 0.206268
vt 1.844876 0.206122
vt 1.858471 0.205975
vt 1.991389 1.955993
vt 1.991389 1.907029
vt 2.004379 1.907029
vt 2.005055 1.955993
vt 2.017369 1.907029
vt 2.018721 1.955993
vt -0.428759 -0.125463
vt -0.407094 -0.117778
vt -0.380661 -0.108506
vt 2.023291 1.036268
vt 2.021127 0.929505
vt 2.034046 0.929844
vt 2.036882 1.036624
vt 2.046965 0.930183
vt 2.050473 1.036981
vt 2.021566 0.374544
vt 2.023505 0.276258
vt 2.035685 0.276578
vt 2.033325 0.374853
vt 2.024888 0.190398
vt 2.037442 0.190728
vt 2.049996 0.191058
vt 2.047864 0.276898
vt 2.045084 0.375162
vt -0.456103 -0.663954
vt -0.488121 -0.755195
vt -0.472719 -0.764766
vt -0.437659 -0.673297
vt -0.517189 -0.820898
vt -0.510161 -0.838419
vt -0.483188 -0.855283
vt -0.454823 -0.774255
vt -0.419215 -0.682639
vt 1.991389 1.564227
vt 1.991389 1.473613
vt 2.003636 1.473613
vt 2.003213 1.564227
vt 1.991389 1.387383
vt 2.004012 1.387383
vt 2.016636 1.387383
vt 2.015883 1.473613
vt 2.015037 1.564227
vt 1.991389 1.647619
vt 2.002828 1.647619
vt 2.014268 1.647619
vt -0.433906 -0.569874
vt -0.412608 -0.575341
vt -0.391586 -0.583945
vt 2.020458 0.476758
vt 2.031834 0.477057
vt 2.043210 0.477356
vt 2.024498 0.123848
vt 2.037350 0.124186
vt 2.050201 0.124524
vt -0.586076 -0.809267
vt -0.623399 -0.871281
vt -0.557508 -0.886837
vt -0.563433 -0.810704
vt -0.662756 -0.919185
vt -0.636146 -0.930620
vt -0.550552 -0.968552
vt -0.531271 -0.988063
vt -0.521181 -0.974378
vt -0.492669 -0.983577
vt -0.491815 -0.922939
vt -0.530163 -0.842827
vt -0.523010 -0.817903
vt -0.532756 -0.822029
vt -0.531711 -0.803015
vt -0.541317 -0.815526
vt -0.542194 -0.797806
vt -0.550661 -0.810953
vt -0.552894 -0.792546
vt 1.991389 1.315928
vt 2.004312 1.315928
vt 2.017235 1.315928
vt -0.524756 -1.037131
vt -0.513354 -1.039550
vt -0.520139 -1.102444
vt -0.516225 -1.104111
vt -0.512403 -1.105757
vt -0.499959 -1.044262
vt 1.879881 -0.807280
vt 1.879881 -0.729551
vt 1.866216 -0.729551
vt 1.866216 -0.807280
vt 1.852551 -0.729551
vt 1.852551 -0.807280
vt 0.999618 1.192894
vt 1.027355 1.116954
vt 1.036014 1.112212
vt 1.006915 1.194363
vt 1.044047 1.112206
vt 1.014212 1.195832
vt 1.826559 0.802248
vt 1.825166 0.713547
vt 1.838760 0.713401
vt 1.840153 0.802102
vt 1.852354 0.713254
vt 1.853748 0.801956
vt 1.828341 1.095170
vt 1.829354 1.031499
vt 1.842948 1.031353
vt 1.841935 1.095024
vt 1.829847 0.963250
vt 1.843441 0.963104
vt 1.857036 0.962958
vt 1.856542 1.031206
vt 1.855530 1.094877
vt 0.777999 1.404196
vt 0.812964 1.358972
vt 0.881627 1.373387
vt 0.803079 1.415507
vt 0.845654 1.307224
vt 0.868582 1.309826
vt 0.872956 1.297698
vt 0.868585 1.316492
vt 0.882521 1.300617
vt 0.893601 1.313184
vt 0.906245 1.302319
vt 0.907879 1.317822
vt 0.921752 1.313785
vt 0.911923 1.335657
vt 0.912528 1.339541
vt 0.919729 1.338437
vt 0.935609 1.318265
vt 0.933195 1.331003
vt 0.952925 1.345467
vt 0.944691 1.414263
vt 0.942210 1.480018
vt 0.912628 1.467985
vt 0.899929 1.481168
vt 0.880585 1.458585
vt 0.837590 1.474441
vt 0.825512 1.430907
vt 0.800041 1.431656
vt 1.879881 -1.027158
vt 1.879881 -0.984266
vt 1.866216 -0.984266
vt 1.866216 -1.027159
vt 1.879881 -0.934713
vt 1.866216 -0.934713
vt 1.852550 -0.934714
vt 1.852550 -0.984266
vt 1.852550 -1.027159
vt 1.828574 0.885757
vt 1.842168 0.885610
vt 1.855762 0.885464
vt 0.965285 1.266014
vt 0.971017 1.269182
vt 0.979517 1.272565
vt 1.879881 -0.875371
vt 1.866216 -0.875371
vt 1.852551 -0.875371
vt 1.879881 -1.105757
vt 1.879881 -1.067079
vt 1.866216 -1.067079
vt 1.866216 -1.105757
vt 1.852550 -1.067079
vt 1.852550 -1.105757
vt 0.700968 1.492111
vt 0.758034 1.458086
vt 0.769367 1.462479
vt 0.704259 1.493897
vt 0.779328 1.471562
vt 0.707452 1.495639
vt 1.828731 1.225115
vt 1.828213 1.159626
vt 1.841807 1.159480
vt 1.842325 1.224969
vt 1.855401 1.159333
vt 1.855919 1.224822
vt 0.904678 1.602162
vt 0.903435 1.533263
vt 0.916410 1.537380
vt 0.909377 1.604703
vt 0.931264 1.544033
vt 0.914037 1.607227
vt 1.091395 1.689794
vt 1.073094 1.700406
vt 1.073094 1.679765
vt 1.091395 1.674458
vt 1.054793 1.711019
vt 1.054793 1.685071
vt 1.054793 1.659123
vt 1.073094 1.659123
vt 1.091395 1.659123
vt 0.947103 -1.045108
vt 0.945475 -1.080353
vt 1.016853 -1.038081
vt 1.004598 -1.001207
vt 0.935602 -1.105757
vt 1.021144 -1.056935
vt 1.106686 -1.008113
vt 1.088719 -0.997999
vt 1.065997 -0.974820
vt 1.280484 1.762336
vt 1.280483 1.797427
vt 1.259699 1.797427
vt 1.263574 1.762336
vt 1.280484 1.823164
vt 1.254611 1.823164
vt 1.228738 1.823164
vt 1.238915 1.797427
vt 1.246665 1.762337
vt 1.280484 1.662530
vt 1.280483 1.713020
vt 1.265425 1.713020
vt 1.266046 1.662530
vt 1.250365 1.713020
vt 1.251608 1.662530
vt 0.906252 -0.942366
vt 0.933940 -0.994762
vt 0.975266 -0.922402
vt 0.925431 -0.913534
vt 1.035560 -0.930215
vt 1.001629 -0.874643
vt 0.980593 -0.872590
vt 0.970306 -0.862544
vt 0.969843 -0.875870
vt 0.966781 -0.871600
vt 0.974931 -0.883625
vt 0.963770 -0.873741
vt 0.955048 -0.887089
vt 0.940814 -0.885193
vt 0.940841 -0.896450
vt 0.924871 -0.897219
vt 1.961740 0.874650
vt 1.962877 0.940047
vt 1.948100 0.939732
vt 1.947379 0.874344
vt 1.964056 1.007820
vt 1.948848 1.007497
vt 1.933639 1.007173
vt 1.933324 0.939418
vt 1.933019 0.874039
vt 1.960651 0.810475
vt 1.946667 0.810178
vt 1.932683 0.809880
vt 0.865394 -0.901466
vt 0.880738 -0.887065
vt 0.892401 -0.875611
vt 1.280484 1.593880
vt 1.280484 1.624115
vt 1.266439 1.624115
vt 1.266818 1.593880
vt 1.252395 1.624115
vt 1.253152 1.593880
vt 1.755912 1.883756
vt 1.755912 1.816964
vt 1.765057 1.819572
vt 1.765057 1.886929
vt 1.755912 1.747075
vt 1.765056 1.749236
vt 1.774201 1.751397
vt 1.774201 1.822181
vt 1.774201 1.890102
vt 1.755912 1.672026
vt 1.765056 1.673935
vt 1.755912 1.593880
vt 1.765057 1.595653
vt 1.774201 1.597427
vt 1.774201 1.675843
vt 0.951236 0.727535
vt 0.926551 0.615525
vt 0.940827 0.613352
vt 0.964266 0.725971
vt 0.893733 0.530096
vt 0.908689 0.526938
vt 0.923729 0.523767
vt 0.955066 0.611263
vt 0.977259 0.724498
vt 0.857805 0.466828
vt 0.873909 0.462902
vt 0.809393 0.419971
vt 0.839194 0.425296
vt 0.855698 0.418282
vt 0.889639 0.457706
vt 0.794088 0.427674
vt 0.809699 0.418109
vt 0.771815 0.440457
vt 0.785828 0.420807
vt 0.798880 0.408878
vt 0.824252 0.407976
vt 0.754673 0.422800
vt 0.766783 0.410956
vt 0.720602 0.386818
vt 0.732178 0.377245
vt 0.743738 0.367879
vt 0.778700 0.399931
vt 0.652638 0.320845
vt 0.664188 0.313139
vt 0.563013 0.234104
vt 0.575136 0.231237
vt 0.581304 0.227423
vt 0.676490 0.306698
vt 0.776982 1.723651
vt 0.783237 1.713491
vt 0.783330 1.730795
vt 0.777169 1.740802
vt 0.789491 1.703332
vt 0.789491 1.720788
vt 0.789491 1.738244
vt 0.783424 1.748099
vt 0.777356 1.757954
vt 0.547085 0.232443
vt 0.534212 0.207042
vt 0.547188 0.201670
vt 0.553300 0.227763
vt 0.518709 0.156988
vt 0.531993 0.152859
vt 0.545236 0.148857
vt 0.560566 0.196209
vt 0.565471 0.224031
vt 0.456797 -0.056891
vt 0.436475 -0.198883
vt 0.450669 -0.193617
vt 0.470026 -0.055401
vt 0.431244 -0.347796
vt 0.447081 -0.338358
vt 0.462861 -0.328980
vt 0.464811 -0.188358
vt 0.483213 -0.053866
vt 0.440572 -0.487177
vt 0.458801 -0.477084
vt 0.477292 -0.463695
vt 0.488971 0.066279
vt 0.502009 0.064580
vt 0.515010 0.062973
vt 0.964113 1.049363
vt 0.962571 0.868923
vt 0.974038 0.867844
vt 0.974794 1.030012
vt 0.984698 0.867964
vt 0.976076 1.050726
vt 1.755912 1.598961
vt 1.755859 1.684587
vt 1.748094 1.682689
vt 1.748141 1.596420
vt 1.755834 1.773309
vt 1.748074 1.771873
vt 1.740313 1.770437
vt 1.740329 1.680791
vt 1.740370 1.593880
vt 1.755859 1.867187
vt 1.748099 1.865914
vt 1.755912 1.964160
vt 1.748153 1.962870
vt 1.740394 1.961580
vt 1.740340 1.864641
vt -0.478848 -0.041465
vt -0.452456 -0.134239
vt -0.442607 -0.130539
vt -0.468155 -0.036076
vt -0.435776 -0.239170
vt -0.426256 -0.237745
vt -0.965485 0.605785
vt -0.925874 0.460427
vt -0.914155 0.460495
vt -0.953633 0.602494
vt -0.883371 0.340792
vt -0.871686 0.343654
vt -0.828667 0.252830
vt -0.784482 0.215181
vt -0.773688 0.219141
vt -0.817713 0.256233
vt -0.724445 0.174236
vt -0.712915 0.179673
vt -0.599435 0.121416
vt -0.565422 0.105532
vt -0.549869 0.113729
vt -0.584182 0.130135
vt -0.541135 0.080177
vt -0.526690 0.087155
vt -0.656869 0.142728
vt -0.643411 0.150187
vt -0.899292 1.047383
vt -0.940479 0.956264
vt -0.923650 0.948362
vt -0.879651 1.039294
vt -0.971347 0.849768
vt -0.957153 0.842908
vt -0.430454 -0.351467
vt -0.421457 -0.350998
vt -0.432502 -0.494434
vt -0.424355 -0.471372
vt -0.510994 0.031322
vt -0.498502 0.037552
vt -0.855748 0.282139
vt -0.844374 0.285703
vt -0.981219 0.735386
vt -0.968656 0.729886
vt -0.862473 1.113551
vt -0.841119 1.107884
vt -0.705472 1.168104
vt -0.692508 1.188072
vt -0.638112 1.152526
vt -0.626114 1.170462
vt -0.554315 1.355434
vt -0.616928 1.274914
vt -0.571614 1.254164
vt -0.509938 1.350089
vt -0.651846 1.232376
vt -0.666939 1.215744
vt -0.612012 1.192120
vt -0.602430 1.206837
vt -0.679616 1.202933
vt -0.618308 1.182451
vt 0.708505 -0.533925
vt 0.741464 -0.565336
vt 0.751325 -0.547247
vt 0.719970 -0.515883
vt 0.785084 -0.613079
vt 0.794196 -0.596674
vt 0.803475 -0.580194
vt 0.761354 -0.529083
vt 0.731602 -0.497767
vt 0.845484 -0.687362
vt 0.854169 -0.674720
vt 0.906895 -0.766796
vt 0.914927 -0.758317
vt 0.923125 -0.749765
vt 0.863021 -0.662005
vt 0.950801 -0.827119
vt 0.958240 -0.822962
vt 0.967193 -0.818083
vt 0.676266 -0.500897
vt 0.690274 -0.483945
vt 0.704448 -0.466920
vt 1.383977 1.748713
vt 1.393738 1.746276
vt 1.383977 1.743601
vt 1.390234 1.742179
vt 1.396451 1.737393
vt 1.401674 1.731906
vt 1.406247 1.694928
vt 1.402600 1.728935
vt 1.408708 1.718404
vt 1.410943 1.707355
vt 1.413177 1.696307
vt 1.410930 1.684209
vt 1.408682 1.672110
vt 1.401869 1.660722
vt 1.395404 1.652100
vt 1.401222 1.657374
vt 1.393376 1.643328
vt 1.389517 1.648153
vt 1.383977 1.647365
vt 1.383976 1.641205
vt 0.575703 -0.622904
vt 0.528714 -0.555053
vt 0.626274 -0.663409
vt 0.641965 -0.638823
vt 0.594935 -0.599448
vt 0.549695 -0.535192
vt 0.903281 -0.867808
vt 0.849535 -0.827349
vt 0.911808 -0.859680
vt 0.860332 -0.816049
vt 0.783485 -0.777655
vt 0.719990 -0.730333
vt 0.795120 -0.760839
vt 0.732234 -0.708454
vt 0.670920 -0.694785
vt 0.684255 -0.670510
vt 0.910091 1.251363
vt 0.918566 1.254680
vt 0.940805 1.181412
vt 0.949321 1.183148
vt 0.958687 1.185020
vt 0.927847 1.255629
vt 0.964244 1.107442
vt 0.973797 1.103291
vt 0.989517 1.002734
vt 1.001071 0.999166
vt 0.983986 1.103677
vt 0.969599 0.609307
vt 0.990520 0.723182
vt 0.939291 0.520542
vt 0.956703 0.516884
vt 0.985722 0.607179
vt 1.005221 0.721778
vt 0.906036 0.451753
vt 0.872133 0.409376
vt 0.891042 0.399015
vt 0.924704 0.444811
vt 0.839460 0.397305
vt 0.812359 0.397700
vt 0.827478 0.385286
vt 0.856817 0.385169
vt 0.790897 0.389278
vt 0.755574 0.358714
vt 0.768706 0.348665
vt 0.804448 0.377573
vt 0.691735 0.301910
vt 0.626542 0.245892
vt 0.644392 0.242177
vt 0.706348 0.294800
vt 0.576826 0.224312
vt 0.594760 0.220887
vt 0.582495 0.209913
vt 0.598276 0.202856
vt 0.611033 0.215418
vt 0.574629 0.190186
vt 0.558746 0.145028
vt 0.573721 0.140854
vt 0.589992 0.184190
vt 0.479219 -0.182976
vt 0.496668 -0.052189
vt 0.478931 -0.319487
vt 0.496749 -0.308978
vt 0.495185 -0.177005
vt 0.511581 -0.050299
vt 0.495626 -0.449441
vt 0.515650 -0.434169
vt 0.528278 0.061525
vt 0.542986 0.059974
vt 0.996444 0.863792
vt 1.009451 0.862399
vt 1.562649 1.593880
vt 1.562649 1.599844
vt 1.550354 1.599844
vt 1.550680 1.593880
vt 1.538059 1.599844
vt 1.538711 1.593880
vt -0.529724 1.730328
vt -0.451696 1.701606
vt -0.373817 1.672859
vt 0.718347 1.636218
vt 0.722545 1.635405
vt 0.722545 1.647672
vt 0.718347 1.648160
vt 0.722545 1.659939
vt 0.718347 1.660101
vt 0.587734 -0.474754
vt 0.632667 -0.552157
vt 0.643088 -0.542182
vt 0.600508 -0.499746
vt 0.673208 -0.589702
vt 0.681925 -0.576171
vt 0.688616 -0.565734
vt 0.650281 -0.530779
vt 0.595329 -0.468667
vt 1.810278 1.715330
vt 1.810694 1.648638
vt 1.817251 1.649796
vt 1.817002 1.717261
vt 1.811176 1.593880
vt 1.817582 1.594578
vt 1.823988 1.595277
vt 1.823809 1.650956
vt 1.823728 1.719193
vt 1.809730 1.900428
vt 1.809971 1.801912
vt 1.816890 1.805136
vt 1.816859 1.905257
vt 1.823809 1.808360
vt 1.823988 1.910087
vt 0.712161 -0.620816
vt 0.717955 -0.606408
vt 0.773012 -0.663398
vt 0.756264 -0.639036
vt 0.777249 -0.656570
vt 0.724779 -0.598058
vt 1.883980 1.886540
vt 1.881807 1.805263
vt 1.888775 1.805140
vt 1.890957 1.886610
vt 1.880093 1.723222
vt 1.887049 1.722932
vt 1.894004 1.722642
vt 1.895742 1.805017
vt 1.897934 1.886680
vt 1.879278 1.636596
vt 1.886217 1.636161
vt 1.879726 1.529318
vt 1.886640 1.528652
vt 1.893555 1.527987
vt 1.893156 1.635727
vt 2.077655 1.778816
vt 2.077655 1.698112
vt 2.084883 1.700863
vt 2.084883 1.781387
vt 2.077655 1.619742
vt 2.084883 1.622511
vt 2.092112 1.625279
vt 2.092111 1.703614
vt 2.092112 1.783958
vt 2.077655 1.547029
vt 2.084883 1.549535
vt 2.077655 1.487249
vt 2.084883 1.489273
vt 2.092111 1.491297
vt 2.092111 1.552042
vt 2.077655 1.446009
vt 2.084883 1.447451
vt 2.077655 1.418282
vt 2.084883 1.419240
vt 2.092111 1.420198
vt 2.092111 1.448894
vt 2.077655 1.393436
vt 2.084883 1.394196
vt 2.077655 1.349050
vt 2.084883 1.349985
vt 2.092112 1.350921
vt 2.092112 1.394956
vt 2.077655 1.271588
vt 2.084883 1.273045
vt 2.077655 1.194848
vt 2.084883 1.196789
vt 2.092112 1.198730
vt 2.092112 1.274503
vt 2.077655 1.153014
vt 2.084883 1.155063
vt 2.077655 1.134493
vt 2.084883 1.136475
vt 2.092112 1.138458
vt 2.092111 1.157113
vt 2.077655 1.116685
vt 2.084883 1.118703
vt 2.077655 1.078734
vt 2.084883 1.080944
vt 2.092112 1.083154
vt 2.092112 1.120721
vt 1.514486 1.593880
vt 1.509569 1.713037
vt 1.502784 1.712709
vt 1.507638 1.594496
vt 1.507334 1.832094
vt 1.500507 1.830811
vt 1.493680 1.829529
vt 1.496000 1.712381
vt 1.500790 1.595113
vt 1.509569 1.950983
vt 1.502524 1.948730
vt 1.514486 2.069771
vt 1.507117 2.066539
vt 1.499748 2.063308
vt 1.495479 1.946478
vt 2.077655 1.007006
vt 2.084883 1.009548
vt 2.077655 0.914998
vt 2.084883 0.917948
vt 2.092112 0.920899
vt 2.092112 1.012090
vt 1.881591 1.388765
vt 1.888470 1.387686
vt 1.884261 1.228324
vt 1.891098 1.226720
vt 1.897934 1.225115
vt 1.895348 1.386607
vt 1.024438 0.861981
vt 1.014084 1.000093
vt 1.022282 0.720047
vt 1.040758 0.718108
vt 1.040652 0.861473
vt 1.028147 1.001050
vt 0.560057 0.058072
vt 0.591104 0.135874
vt 0.528893 -0.048163
vt 0.547642 -0.045889
vt 0.578543 0.055946
vt 0.609930 0.130395
vt 0.538663 -0.416136
vt 0.517473 -0.296730
vt 0.572549 -0.511704
vt 0.562650 -0.395444
vt 0.539941 -0.283434
vt 0.513733 -0.170081
vt 0.533828 -0.162587
vt 0.607749 0.177294
vt 0.616282 0.195377
vt 0.626983 0.169726
vt 0.635786 0.187175
vt 0.629011 0.208480
vt 0.661762 0.235186
vt 0.648485 0.200868
vt 0.680574 0.227515
vt 0.722462 0.285739
vt 0.783926 0.336793
vt 0.739904 0.275811
vt 0.800395 0.323801
vt 0.820165 0.363752
vt 0.845062 0.370612
vt 0.837175 0.348639
vt 0.864107 0.354567
vt 0.877087 0.370770
vt 0.913167 0.386669
vt 0.899058 0.355027
vt 0.937161 0.373163
vt 0.946510 0.436508
vt 0.976978 0.512484
vt 0.970157 0.427406
vt 0.998955 0.507636
vt 1.004458 0.604596
vt 1.024758 0.601728
vt 0.995650 1.105332
vt 0.969471 1.187120
vt 1.008244 1.107085
vt 0.981104 1.189356
vt 0.937041 1.259566
vt 0.948282 1.261590
vt 0.699023 -0.644042
vt 0.658746 -0.612436
vt 0.746980 -0.684293
vt 0.808557 -0.741787
vt 0.872527 -0.803175
vt 0.885700 -0.789198
vt 0.824058 -0.721644
vt 0.922766 -0.851947
vt 0.933928 -0.841889
vt 0.615334 -0.574237
vt 0.662510 -0.517129
vt 0.624689 -0.462775
vt 0.697607 -0.551350
vt 0.891553 -0.783432
vt 0.938841 -0.838045
vt 0.944870 -0.833565
vt 0.899141 -0.775151
vt 0.830044 -0.713700
vt 0.837278 -0.700110
vt 0.777095 -0.630194
vt 0.732289 -0.583113
vt 1.804259 1.599159
vt 1.804259 1.670022
vt 1.796458 1.667853
vt 1.796458 1.596519
vt 1.804259 1.743138
vt 1.796458 1.741340
vt 1.788658 1.739543
vt 1.788658 1.665683
vt 1.788658 1.593880
vt 1.804259 1.820007
vt 1.796458 1.818419
vt 1.804259 1.899128
vt 1.796458 1.897652
vt 1.788658 1.896177
vt 1.788658 1.816832
vt 1.048678 0.717673
vt 1.033388 0.600930
vt 1.045282 0.599033
vt 1.059470 0.716336
vt 1.008239 0.506067
vt 1.021147 0.502972
vt 0.980091 0.424180
vt 0.994008 0.418515
vt 0.947231 0.368220
vt 0.961358 0.359894
vt 0.908340 0.349212
vt 0.921245 0.339534
vt 0.872249 0.348635
vt 0.883385 0.338775
vt 0.844524 0.343070
vt 0.854430 0.333772
vt 0.807534 0.319060
vt 0.817113 0.311044
vt 0.747421 0.272263
vt 0.757589 0.266100
vt 0.688626 0.224846
vt 0.699621 0.220045
vt 0.656794 0.198221
vt 0.668189 0.193456
vt 0.644107 0.184299
vt 0.655520 0.179178
vt 0.635198 0.167097
vt 0.646448 0.162359
vt 0.617986 0.128581
vt 0.628990 0.125105
vt 0.555668 -0.044683
vt 0.542380 -0.159348
vt 0.554150 -0.154985
vt 0.566625 -0.043473
vt 0.549416 -0.277933
vt 0.562620 -0.270064
vt 0.572795 -0.388078
vt 0.589256 -0.377586
vt 0.586467 0.055438
vt 0.597265 0.053989
vt 1.038249 1.030937
vt 1.048179 0.865244
vt 1.057333 0.865377
vt 1.044658 1.035075
vt 0.940102 0.995271
vt 0.939051 0.864929
vt 0.950690 0.865562
vt 0.950435 1.000278
vt 0.924907 0.730579
vt 0.938103 0.729071
vt 0.491872 0.165177
vt 0.462628 0.069595
vt 0.475831 0.067951
vt 0.505322 0.161097
vt 0.430073 -0.059967
vt 0.443467 -0.058415
vt 0.399295 -0.366806
vt 0.405708 -0.519881
vt 0.424119 -0.503686
vt 0.415301 -0.357287
vt 0.407816 -0.209532
vt 0.422178 -0.204194
vt 0.513452 0.239117
vt 0.506355 0.217669
vt 0.520223 0.212185
vt 0.527882 0.233515
vt 0.562603 0.276111
vt 0.526343 0.249094
vt 0.539842 0.242942
vt 0.573844 0.267886
vt 0.551610 0.234688
vt 0.697188 0.405921
vt 0.630566 0.338623
vt 0.642461 0.330674
vt 0.708927 0.396384
vt 0.740532 0.465672
vt 0.730042 0.445351
vt 0.742211 0.434194
vt 0.754226 0.453319
vt 0.638732 1.746607
vt 0.642812 1.725219
vt 0.647010 1.733449
vt 0.644969 1.751241
vt 0.646893 1.703831
vt 0.649050 1.715656
vt 0.651207 1.727482
vt 0.651207 1.741678
vt 0.651207 1.755875
vt 0.863596 0.536296
vt 0.828754 0.476181
vt 0.843590 0.471131
vt 0.878696 0.533210
vt 0.794217 0.428615
vt 0.807237 0.421499
vt 0.897732 0.619786
vt 0.912174 0.617670
vt 0.908369 1.175521
vt 0.929458 1.096296
vt 0.938475 1.098576
vt 0.916605 1.177050
vt 0.947827 1.105263
vt 0.924841 1.178579
vt 0.878789 1.245640
vt 0.888440 1.247651
vt 0.895771 1.247822
vt 0.693965 1.488354
vt 0.737650 1.446789
vt 0.749390 1.452283
vt 0.697515 1.490254
vt 0.895119 1.597009
vt 0.873162 1.522247
vt 0.889611 1.525761
vt 0.899918 1.599594
vt -0.907747 1.128332
vt -0.884368 1.121478
vt -0.941542 1.064716
vt -0.919739 1.055777
vt -1.001984 0.864480
vt -1.008378 0.747201
vt -0.994350 0.741106
vt -0.986164 0.856892
vt -0.991131 0.612888
vt -0.977883 0.609220
vt -0.908659 0.334776
vt -0.880373 0.274629
vt -0.867651 0.278491
vt -0.895595 0.337868
vt -0.852396 0.245661
vt -0.840136 0.249347
vt -0.572308 0.065390
vt -0.538003 0.018127
vt -0.524052 0.024918
vt -0.556212 0.073001
vt -0.502022 -0.052864
vt -0.490047 -0.046998
vt -0.456450 -0.242121
vt -0.450500 -0.346150
vt -0.440240 -0.347998
vt -0.445764 -0.240609
vt -0.453384 -0.450179
vt -0.443699 -0.456390
vt -0.976734 0.973197
vt -0.958019 0.964464
vt -0.749402 0.162733
vt -0.685936 0.126913
vt -0.670925 0.135054
vt -0.736509 0.168652
vt -0.632331 0.102915
vt -0.615348 0.112440
vt -0.598957 0.088143
vt -0.581644 0.097095
vt -0.807871 0.206826
vt -0.795786 0.211123
vt -0.951236 0.460368
vt -0.938134 0.460390
vt -0.473829 -0.142040
vt -0.462782 -0.138028
vt -0.481828 -0.650500
vt -0.510075 -0.742534
vt -0.504226 -0.747646
vt -0.474332 -0.654360
vt -0.497162 -0.750321
vt -0.466787 -0.658230
vt -0.462924 -0.551646
vt -0.454342 -0.556320
vt -0.445569 -0.564187
vt -0.491892 -0.437993
vt -0.497369 -0.536072
vt -0.488675 -0.539985
vt -0.482181 -0.441059
vt -0.512072 -0.635003
vt -0.504428 -0.638896
vt -0.496765 -0.642795
vt -0.479961 -0.543902
vt -0.472452 -0.444130
vt -0.536355 -0.729051
vt -0.530029 -0.733911
vt -0.523043 -0.735833
vt -0.550727 -0.076482
vt -0.518786 -0.158166
vt -0.507463 -0.154154
vt -0.538467 -0.070597
vt -0.499951 -0.248152
vt -0.488992 -0.246664
vt -0.478015 -0.245180
vt -0.496121 -0.150146
vt -0.526188 -0.064716
vt -1.044981 0.627781
vt -1.004495 0.460355
vt -0.991097 0.460339
vt -1.031435 0.624038
vt -0.961765 0.322366
vt -0.948405 0.325449
vt -0.935026 0.328528
vt -0.977679 0.460318
vt -1.017870 0.620291
vt -0.902257 0.230850
vt -0.857024 0.189545
vt -0.844652 0.193846
vt -0.889708 0.234534
vt -0.801821 0.138900
vt -0.788633 0.144839
vt -0.775426 0.150773
vt -0.832262 0.198142
vt -0.877141 0.238213
vt -0.688877 0.046616
vt -0.670788 0.052146
vt -0.651829 0.061073
vt -0.682924 0.072607
vt -0.661474 0.053069
vt -0.623228 0.043899
vt -0.604799 0.050012
vt -0.633906 0.070058
vt -0.666616 0.083673
vt -0.745654 0.092256
vt -0.731323 0.101914
vt -0.716236 0.110465
vt -1.029952 1.100902
vt -1.052666 1.008551
vt -1.033599 0.999693
vt -1.007766 1.091836
vt -1.066222 0.895212
vt -1.050079 0.887510
vt -1.033917 0.879803
vt -1.014514 0.990831
vt -0.985561 1.082766
vt -0.492061 -0.341842
vt -0.481587 -0.342938
vt -0.471095 -0.344039
vt -0.596925 -0.007228
vt -0.580931 -0.002026
vt -0.566160 0.004407
vt -0.932099 0.259108
vt -0.919084 0.262969
vt -0.906050 0.266826
vt -1.065379 0.771902
vt -1.051045 0.765708
vt -1.036693 0.759508
vt -1.002593 1.159234
vt -0.978067 1.151991
vt -0.954998 1.143743
vt -0.471409 -0.547782
vt -0.462884 -0.447162
vt -0.489263 -0.646655
vt -0.516954 -0.740605
vt -0.484942 -0.146101
vt -0.514072 -0.058798
vt -0.467199 -0.243658
vt -0.964424 0.460335
vt -1.004467 0.616582
vt -0.921809 0.331644
vt -0.820033 0.202476
vt -0.864735 0.241929
vt -0.762380 0.156745
vt -0.616398 0.079092
vt -0.649440 0.093286
vt -0.588520 0.057693
vt -0.701053 0.118681
vt -0.995590 0.982006
vt -0.963518 1.073733
vt -1.017917 0.872134
vt -0.460764 -0.345102
vt -0.552048 0.011259
vt -0.893178 0.270720
vt -1.022502 0.753347
vt -0.930970 1.136667
vt -1.052127 1.176704
vt -1.025282 1.167697
vt -1.073779 1.118907
vt -1.051933 1.109920
vt -1.097964 0.910491
vt -1.093502 0.784165
vt -1.079508 0.778049
vt -1.082160 0.902867
vt -1.071529 0.635140
vt -1.058322 0.631476
vt -0.987941 0.316073
vt -0.957584 0.251260
vt -0.944909 0.255200
vt -0.974921 0.319235
vt -0.926810 0.223357
vt -0.914600 0.227120
vt -0.682697 0.042557
vt -0.624248 -0.020085
vt -0.610504 -0.013345
vt -0.667470 0.049166
vt -0.574702 -0.088378
vt -0.562782 -0.082414
vt -0.521325 -0.251256
vt -0.512464 -0.339776
vt -0.502329 -0.340793
vt -0.510705 -0.249688
vt -0.510768 -0.431988
vt -0.501397 -0.434975
vt -1.090254 1.026140
vt -1.071527 1.017361
vt -0.827652 0.126896
vt -0.775864 0.075260
vt -0.760696 0.083683
vt -0.814804 0.132914
vt -0.726151 0.026413
vt -0.707743 0.037466
vt 1.111332 1.878278
vt 1.110952 1.855038
vt 1.110952 1.901802
vt 1.106686 1.915927
vt 1.106686 1.895577
vt 1.106686 1.875227
vt -0.881223 0.180817
vt -0.869191 0.185197
vt -1.030747 0.460261
vt -1.017688 0.460324
vt -0.540887 -0.166317
vt -0.529904 -0.162226
vt -0.526817 -0.627341
vt -0.552161 -0.724874
vt -0.543556 -0.727909
vt -0.519512 -0.631156
vt -0.514215 -0.528372
vt -0.505859 -0.532206
vt -0.552280 -1.029933
vt -0.537318 -1.031571
vt -0.528366 -1.099016
vt -0.524206 -1.100741
vt -0.703659 -0.963643
vt -0.690019 -0.968885
vt -0.745365 -1.007370
vt -0.741602 -1.008917
vt 1.978213 1.253861
vt 1.977968 1.193405
vt 1.965038 1.253862
vt 1.964547 1.193405
vt 1.964056 1.132978
vt 1.977723 1.132978
vt 0.112353 1.575044
vt 0.140360 1.573616
vt 0.083677 1.606624
vt 0.070080 1.602567
vt 0.159135 1.615006
vt 0.096692 1.615198
vt 0.019832 1.641373
vt 0.015783 1.639960
vt 0.012024 1.638501
vt 2.075873 0.067926
vt 2.062770 0.067582
vt 2.063152 0.008063
vt 2.076499 0.008413
vt 2.064064 -0.053978
vt 2.077655 -0.053622
vt 1.879206 0.602353
vt 1.865612 0.602499
vt 1.866506 0.459564
vt 1.880100 0.459417
vt 1.868687 0.316596
vt 1.882281 0.316449
vt 2.045980 -0.712931
vt 2.059646 -0.712931
vt 2.059646 -0.645988
vt 2.045980 -0.645988
vt 2.059646 -0.559863
vt 2.045980 -0.559863
vt 1.902373 0.533914
vt 1.915965 0.534203
vt 1.917319 0.629860
vt 1.903711 0.629570
vt 1.918336 0.731367
vt 1.904619 0.731075
vt 1.945024 -0.673589
vt 1.957695 -0.673704
vt 1.955886 -0.607718
vt 1.942830 -0.607599
vt 1.953658 -0.518197
vt 1.940241 -0.518076
vt 1.937814 -0.302535
vt 1.951409 -0.302658
vt 1.953647 -0.197096
vt 1.940052 -0.196973
vt 1.957414 -0.095124
vt 1.943819 -0.095001
vt 1.878653 1.751895
vt 1.864987 1.751895
vt 1.864987 1.697106
vt 1.878653 1.697106
vt 1.864987 1.658766
vt 1.878653 1.658767
vt 1.878653 1.326454
vt 1.864987 1.326454
vt 1.864987 1.279929
vt 1.878653 1.279929
vt 1.864987 1.225115
vt 1.878653 1.225115
vt 2.068680 0.819754
vt 2.056433 0.819433
vt 2.054328 0.702100
vt 2.065948 0.702405
vt 2.053712 0.585776
vt 2.064981 0.586072
vt 1.769764 -0.503067
vt 1.778090 -0.503416
vt 1.794998 -0.361021
vt 1.785378 -0.361566
vt 1.786119 -0.503462
vt 1.804321 -0.360173
vt 1.810460 -0.213320
vt 1.799776 -0.215042
vt 1.788795 -0.216460
vt 1.358513 0.370629
vt 1.369700 0.374180
vt 1.337518 0.440683
vt 1.326531 0.439153
vt 1.380592 0.378034
vt 1.348208 0.442517
vt 1.317947 0.531372
vt 1.307093 0.532185
vt 1.295943 0.533301
vt -0.036782 -0.521141
vt 0.022838 -0.507015
vt -0.012562 -0.454771
vt -0.059878 -0.470095
vt 0.083642 -0.491430
vt 0.042981 -0.436334
vt -0.011635 -0.361362
vt -0.061488 -0.382541
vt -0.102971 -0.399963
vt -0.186943 -0.205379
vt -0.156960 -0.190578
vt -0.173821 -0.082354
vt -0.200355 -0.094265
vt -0.121044 -0.172575
vt -0.142084 -0.067852
vt -0.131185 0.046090
vt -0.161093 0.037278
vt -0.186118 0.030062
vt -0.104357 0.280421
vt -0.079716 0.274569
vt -0.053540 0.330076
vt -0.077521 0.337418
vt -0.050274 0.267544
vt -0.024897 0.321246
vt -0.000880 0.351707
vt -0.028449 0.360126
vt -0.051544 0.367128
vt 0.242756 0.531494
vt 0.273201 0.516909
vt 0.294507 0.569145
vt 0.268180 0.582148
vt 0.309677 0.499301
vt 0.325993 0.553454
vt 0.345383 0.632215
vt 0.318492 0.645743
vt 0.295956 0.656960
vt 0.336045 0.864145
vt 0.356125 0.861342
vt 0.359203 0.980841
vt 0.340034 0.978697
vt 0.380041 0.858012
vt 0.382015 0.983507
vt 0.373005 1.103880
vt 0.351942 1.096646
vt 0.334216 1.090732
vt 1.893547 -0.629387
vt 1.893547 -0.499204
vt 1.907213 -0.629387
vt 1.907213 -0.499204
vt 1.907213 -0.364178
vt 1.893548 -0.364178
vt 2.005054 0.029073
vt 2.005054 0.126372
vt 2.018719 0.029073
vt 2.018719 0.126372
vt 2.018719 0.257806
vt 2.005054 0.257806
vt 1.938048 1.244641
vt 1.938435 1.284983
vt 1.950787 1.244641
vt 1.951560 1.284983
vt 1.952284 1.343005
vt 1.938797 1.343005
vt 1.938976 1.517114
vt 1.938976 1.610172
vt 1.952642 1.517114
vt 1.952642 1.610172
vt 1.952642 1.709046
vt 1.938977 1.709046
vt 1.156588 1.593880
vt 1.156588 1.612909
vt 1.170254 1.593880
vt 1.170254 1.612909
vt 1.170254 1.641621
vt 1.156588 1.641621
vt 1.156648 1.894695
vt 1.156619 1.941516
vt 1.171738 1.906585
vt 1.170440 1.942881
vt 1.170254 1.998085
vt 1.156588 1.998085
vt 1.979075 1.853549
vt 1.979704 1.792051
vt 1.966760 1.853549
vt 1.968020 1.792051
vt 1.968726 1.723086
vt 1.980058 1.723086
vt 1.938954 1.424224
vt 1.952597 1.424225
vt -0.114734 -0.292328
vt -0.150283 -0.309346
vt -0.072074 -0.271637
vt 1.951730 -0.412813
vt 1.938158 -0.412690
vt 1.359182 1.785107
vt 1.364931 1.768211
vt 1.340855 1.756626
vt 1.350826 1.745296
vt 1.359591 1.735980
vt 1.370078 1.754485
vt 1.334386 1.691528
vt 1.345819 1.692974
vt 1.340854 1.626429
vt 1.350842 1.640643
vt 1.359721 1.652199
vt 1.355658 1.694124
vt 1.359181 1.597948
vt 1.364945 1.617739
vt 1.370192 1.633780
vt 0.814598 1.638084
vt 0.811435 1.624714
vt 0.809581 1.643075
vt 0.804888 1.641616
vt 0.799738 1.632631
vt 0.808216 1.610402
vt 0.804683 1.652664
vt 0.801464 1.684813
vt 0.799858 1.664909
vt 0.798143 1.676603
vt 0.796428 1.688298
vt 0.798288 1.698241
vt 0.800147 1.708184
vt 0.805654 1.716570
vt 0.810822 1.723256
vt 0.805393 1.725332
vt 0.799738 1.734247
vt 0.796745 1.683439
vt 0.815424 1.726952
vt 0.811834 1.741287
vt 0.808216 1.756475
vt 0.663683 1.679680
vt 0.622720 1.672496
vt 0.663683 1.703831
vt 0.622720 1.689463
vt 0.581756 1.675096
vt 0.581756 1.665312
vt 0.144776 -1.040122
vt 0.258267 -1.004665
vt 0.251467 -0.978581
vt 0.156996 -1.009619
vt 0.371758 -0.969208
vt 0.345939 -0.947543
vt 0.313775 -0.930060
vt 0.246572 -0.955731
vt 0.179368 -0.981401
vt 0.498867 1.703833
vt 0.498867 1.679681
vt 0.540312 1.672497
vt 0.540312 1.689465
vt 0.581756 1.665313
vt 0.581756 1.675097
vt 1.213702 1.593880
vt 1.213938 1.614837
vt 1.223457 1.593880
vt 1.223930 1.614838
vt 1.224325 1.636709
vt 1.214136 1.636708
vt 0.238749 -0.933424
vt 0.185565 -0.957425
vt 0.291933 -0.909423
vt 0.282426 -0.889531
vt 0.230759 -0.912567
vt 0.179092 -0.935604
vt 0.958225 1.690049
vt 0.967929 1.690025
vt 0.967205 1.718376
vt 0.957259 1.718400
vt 0.966480 1.746726
vt 0.956293 1.746752
vt 1.214272 1.661600
vt 1.224597 1.661733
vt 1.224820 1.697457
vt 1.214384 1.696393
vt 0.226152 -0.893660
vt 0.168593 -0.911838
vt 0.283441 -0.875691
vt 0.292505 -0.867606
vt 0.224058 -0.871979
vt 0.153449 -0.878025
vt 0.943532 1.742816
vt 0.933291 1.742816
vt 0.933381 1.731060
vt 0.943713 1.731061
vt 0.933487 1.718612
vt 0.943924 1.718612
vt 1.214221 1.745915
vt 1.225130 1.749951
vt 1.225768 1.814079
vt 1.212090 1.802398
vt 0.218992 -0.837982
vt 0.130214 -0.829184
vt 0.302493 -0.857778
vt 0.288335 -0.815505
vt 0.233793 -0.802237
vt 0.186817 -0.780284
vt 0.157845 -0.787223
vt 0.093400 -0.776833
vt 0.933617 1.705010
vt 0.944184 1.705010
vt 0.933762 1.690715
vt 0.944473 1.690715
vt 1.937721 1.180400
vt 1.937824 1.212514
vt 1.950133 1.180400
vt 1.950338 1.212514
vt -0.256839 -0.644901
vt -0.194358 -0.629862
vt -0.149903 -0.575386
vt -0.269477 -0.613662
vt -0.155338 -0.638793
vt -0.094725 -0.599992
vt -0.017619 -0.578078
vt -0.035348 -0.556134
vt -0.086324 -0.529158
vt -0.103267 -0.522350
vt -0.123717 -0.535948
vt -0.143591 -0.533302
vt -0.160940 -0.545792
vt -0.185641 -0.544819
vt -0.198140 -0.555799
vt -0.227178 -0.556417
vt -0.236213 -0.568303
vt -0.284021 -0.584085
vt 1.946769 -0.733424
vt 1.959116 -0.733535
vt 1.958680 -0.712556
vt 1.946231 -0.712444
vt 1.955576 -1.105372
vt 1.966232 -1.105468
vt 1.963243 -0.949225
vt 1.951876 -0.949122
vt 1.960979 -0.830924
vt 1.949075 -0.830816
vt 0.095005 -0.733498
vt 0.041068 -0.733803
vt 0.142604 -0.729844
vt 0.081327 -0.666272
vt 0.034667 -0.684459
vt -0.012488 -0.701676
vt 1.947366 -0.758624
vt 1.959598 -0.758735
vt 1.959383 -0.747485
vt 1.947100 -0.747374
vt -0.218189 -0.718145
vt -0.198477 -0.710833
vt -0.206356 -0.671206
vt -0.240769 -0.681141
vt -0.178765 -0.703521
vt -0.174676 -0.663982
vt 1.937606 1.099198
vt 1.937658 1.142229
vt 1.949902 1.099198
vt 1.950005 1.142229
vt 1.937507 1.007821
vt 1.937557 1.053971
vt 1.949705 1.007821
vt 1.949804 1.053971
vt -0.152815 -0.781675
vt -0.149753 -0.779621
vt -0.177441 -0.746511
vt -0.187758 -0.751252
vt -0.146691 -0.777568
vt -0.167124 -0.741771
vt 1.959926 -0.775858
vt 1.947772 -0.775748
vt -0.005098 -0.653991
vt -0.053742 -0.678432
vt 0.043718 -0.629241
vt 0.023174 -0.611109
vt -0.032446 -0.634959
vt -0.088476 -0.658875
vt -0.060613 -0.617183
vt -0.124114 -0.641008
vt 0.003847 -0.595429
vt 1.156588 1.738332
vt 1.156619 1.787698
vt 1.170254 1.738332
vt 1.170440 1.787591
vt 1.171738 1.827557
vt 1.156648 1.828622
vt 0.053532 0.440955
vt 0.077833 0.429636
vt 0.153652 0.452087
vt 0.125294 0.467699
vt 0.106864 0.415986
vt 0.187599 0.433236
vt 0.257322 0.445686
vt 0.218790 0.467776
vt 0.186648 0.486059
vt 1.878653 1.534799
vt 1.864987 1.534799
vt 1.864987 1.462424
vt 1.878653 1.462424
vt 1.864987 1.401545
vt 1.878653 1.401545
vt 1.156394 1.860507
vt 1.167942 1.865723
vt 0.253964 0.486040
vt 0.221187 0.503215
vt 0.293265 0.465293
vt 1.864987 1.361408
vt 1.878653 1.361408
vt 1.864987 1.604038
vt 1.878653 1.604038
vt 0.014813 0.395299
vt -0.007942 0.403483
vt 0.041970 0.385447
vt 1.156588 1.686136
vt 1.170254 1.686136
vt 1.938976 1.820704
vt 1.952642 1.820705
vt 1.952642 1.940240
vt 1.938976 1.940239
vt -0.122036 0.167508
vt -0.146763 0.167426
vt -0.092488 0.167674
vt 1.878653 1.982893
vt 1.864987 1.982893
vt 1.864987 1.852902
vt 1.878653 1.852902
vt 0.735008 1.687331
vt 0.735008 1.673269
vt 0.761245 1.675837
vt 0.761246 1.694145
vt 0.795748 1.679306
vt 0.795748 1.703332
vt 0.196492 -1.091401
vt 0.284062 -1.060561
vt 0.271144 -1.035028
vt 0.165315 -1.069352
vt 0.371632 -1.029720
vt 0.376974 -1.000705
vt 1.576744 1.618755
vt 1.581000 1.659245
vt 1.590838 1.618755
vt 1.599351 1.659245
vt 1.610812 1.712683
vt 1.586731 1.712683
vt 2.005054 1.040194
vt 2.005054 1.093537
vt 2.018719 1.040194
vt 2.018720 1.093537
vt 2.018720 1.132978
vt 2.005054 1.132978
vt 1.233360 1.337455
vt 1.262166 1.295925
vt 1.279989 1.350655
vt 1.275160 1.393763
vt 1.307821 1.301346
vt 1.303252 1.356042
vt 1.312987 1.435906
vt 1.899910 0.434060
vt 1.913502 0.434349
vt 1.914661 0.473002
vt 1.901069 0.472713
vt 1.900729 0.155721
vt 1.914321 0.156010
vt 1.912427 0.257976
vt 1.898834 0.257687
vt 1.912073 0.342111
vt 1.898481 0.341822
vt 1.293880 0.752234
vt 1.307219 0.744559
vt 1.337356 0.844804
vt 1.322472 0.855972
vt 1.320261 0.737187
vt 1.351945 0.833940
vt 1.389430 0.910414
vt 1.374465 0.924324
vt 1.359205 0.938537
vt 2.005054 0.566093
vt 2.005054 0.718488
vt 2.018719 0.566093
vt 2.018719 0.718488
vt 2.018719 0.853546
vt 2.005054 0.853546
vt 1.912557 0.396905
vt 1.898965 0.396616
vt 1.145922 1.144761
vt 1.170837 1.108428
vt 1.233567 1.191416
vt 1.186612 1.255201
vt 1.176901 1.064825
vt 1.202513 1.079726
vt 1.229149 1.061398
vt 1.273617 1.138179
vt 1.328227 1.178728
vt 1.306643 1.224259
vt 2.005054 0.961215
vt 2.018719 0.961215
vt 1.357093 1.244431
vt 1.337622 1.289111
vt 1.376298 1.208071
vt 1.426571 1.240723
vt 1.409660 1.270709
vt 1.390069 1.305117
vt 1.474838 1.305373
vt 1.457480 1.330576
vt 1.489995 1.283276
vt 1.555616 1.328326
vt 1.541490 1.343063
vt 1.525309 1.359926
vt 2.005054 0.408544
vt 2.018719 0.408544
vt 1.296073 0.636866
vt 1.284113 0.641109
vt 1.307737 0.632926
vt 1.909688 -0.055049
vt 1.923280 -0.054760
vt 1.918218 0.050737
vt 1.904626 0.050448
vt 2.005054 -0.055049
vt 2.005053 -0.025375
vt 2.018719 -0.055049
vt 2.018719 -0.025375
vt 1.385485 0.318656
vt 1.397078 0.323849
vt 1.387672 0.339751
vt 1.376242 0.334941
vt 1.408375 0.329347
vt 1.398807 0.344865
vt 2.045980 -0.765412
vt 2.059646 -0.765412
vt 2.059646 -0.748120
vt 2.045980 -0.748119
vt 2.045980 -0.825172
vt 2.059646 -0.825173
vt 2.059646 -0.784899
vt 2.045980 -0.784899
vt 1.429130 0.278029
vt 1.440307 0.282899
vt 1.409706 0.309033
vt 1.398131 0.304194
vt 1.451187 0.288073
vt 1.420985 0.314175
vt 0.997043 1.703658
vt 1.009305 1.703657
vt 0.997043 1.689953
vt 1.009305 1.689953
vt 1.021567 1.689953
vt 1.021567 1.703658
vt 1.476720 1.656318
vt 1.476720 1.731991
vt 1.490386 1.656319
vt 1.490386 1.731991
vt 1.490386 1.828181
vt 1.476720 1.828180
vt 1.545065 0.191652
vt 1.554824 0.199712
vt 1.496552 0.240257
vt 1.486203 0.234037
vt 1.564286 0.208074
vt 1.506603 0.246782
vt 2.045980 -0.964886
vt 2.059646 -0.964886
vt 2.059646 -0.894939
vt 2.045980 -0.894939
vt 2.045980 -1.034442
vt 2.059646 -1.034442
vt 2.059646 -1.006744
vt 2.045980 -1.006744
vt 1.615432 0.161079
vt 1.624297 0.175941
vt 1.592787 0.179863
vt 1.582666 0.170088
vt 1.635077 0.186615
vt 1.602516 0.189619
vt 1.476720 1.593880
vt 1.476720 1.614840
vt 1.490386 1.593880
vt 1.490386 1.614841
vt 0.893492 1.691310
vt 0.868558 1.684149
vt 0.901627 1.719338
vt 0.872626 1.705015
vt 0.843625 1.690693
vt 0.843625 1.676987
vt 1.680005 0.170773
vt 1.706718 0.155242
vt 1.665158 0.176056
vt 1.651219 0.168197
vt 1.721834 0.161789
vt 1.678126 0.185708
vt 2.045980 -1.105757
vt 2.059646 -1.105757
vt 2.059646 -1.067520
vt 2.045980 -1.067520
vt 1.889693 0.116386
vt 1.876098 0.116533
vt 1.880241 0.030815
vt 1.893835 0.030669
vt 1.884384 -0.054903
vt 1.897978 -0.055049
vt 1.752255 -0.002523
vt 1.765342 0.000666
vt 1.739827 0.090222
vt 1.725035 0.086734
vt 1.778134 0.004158
vt 1.753901 0.095739
vt 1.895928 -0.167255
vt 1.900986 -0.107065
vt 1.911974 -0.166405
vt 1.922090 -0.104408
vt 1.935777 -0.055049
vt 1.907829 -0.060151
vt 1.893845 -0.251948
vt 1.907808 -0.251842
vt 1.787587 -0.097195
vt 1.775508 -0.099182
vt 1.799370 -0.094904
vt 1.872065 0.205829
vt 1.885659 0.205683
vt 1.977723 1.955993
vt 1.978399 1.907029
vt 1.964057 1.955993
vt 1.965408 1.907029
vt 0.340989 0.746144
vt 0.320228 0.753778
vt 0.365730 0.736960
vt 2.077655 1.037695
vt 2.064064 1.037338
vt 2.059884 0.930523
vt 2.072802 0.930862
vt 2.068602 0.375780
vt 2.056843 0.375471
vt 2.060044 0.277218
vt 2.072223 0.277538
vt 2.062550 0.191388
vt 2.075104 0.191717
vt 0.287587 1.324530
vt 0.311104 1.304325
vt 0.276966 1.393677
vt 0.262490 1.387398
vt 0.328356 1.311006
vt 0.293346 1.402573
vt 0.265490 1.483560
vt 0.239881 1.466623
vt 0.234385 1.449032
vt 1.979565 1.564227
vt 1.979142 1.473613
vt 1.967741 1.564227
vt 1.966895 1.473613
vt 1.966142 1.387383
vt 1.978765 1.387383
vt 1.979950 1.647619
vt 1.968511 1.647619
vt 0.336488 1.203784
vt 0.320199 1.198177
vt 0.355436 1.212353
vt 2.054586 0.477655
vt 2.065963 0.477954
vt 2.063053 0.124861
vt 2.075905 0.125199
vt 0.163170 1.437461
vt 0.186201 1.438894
vt 0.192059 1.515032
vt 0.126344 1.499429
vt 0.196821 1.420740
vt 0.198819 1.439157
vt 0.206908 1.426032
vt 0.207848 1.443748
vt 0.217507 1.431242
vt 0.216678 1.450245
vt 0.226743 1.446112
vt 0.220660 1.470985
vt 0.257184 1.551195
vt 0.256568 1.611822
vt 0.227890 1.602612
vt 0.217678 1.616297
vt 0.198690 1.596762
vt 0.113446 1.558766
vt 0.087446 1.547290
vt 1.978466 1.315928
vt 1.965544 1.315928
vt 0.235703 1.667788
vt 0.224126 1.665370
vt 0.249555 1.672489
vt 0.237424 1.733962
vt 0.233058 1.732337
vt 0.228909 1.730677
vt 1.893547 -0.807280
vt 1.893547 -0.729551
vt 1.907212 -0.807280
vt 1.907213 -0.729551
vt 1.713857 -0.720845
vt 1.730159 -0.699645
vt 1.755666 -0.611791
vt 1.747442 -0.612505
vt 1.738022 -0.697176
vt 1.763029 -0.611779
vt 1.882087 0.773935
vt 1.867386 0.799501
vt 1.865972 0.712530
vt 1.879686 0.709496
vt 1.882718 1.094584
vt 1.869124 1.094731
vt 1.870198 1.031640
vt 1.884098 1.034394
vt 1.870823 0.965134
vt 1.887159 0.990512
vt 1.497642 -0.904774
vt 1.522463 -0.915639
vt 1.601578 -0.873569
vt 1.532421 -0.859411
vt 1.519227 -0.931557
vt 1.544865 -0.930772
vt 1.557211 -0.974196
vt 1.600046 -0.958003
vt 1.619274 -0.980231
vt 1.632028 -0.967080
vt 1.661556 -0.978797
vt 1.661898 -0.913667
vt 1.655974 -0.847777
vt 1.652240 -0.843070
vt 1.659970 -0.820216
vt 1.643176 -0.824351
vt 1.643712 -0.814192
vt 1.632963 -0.832488
vt 1.641850 -0.814246
vt 1.626823 -0.819565
vt 1.618291 -0.806902
vt 1.604681 -0.823612
vt 1.609730 -0.805024
vt 1.604035 -0.811477
vt 1.600762 -0.795577
vt 1.589608 -0.809432
vt 1.564918 -0.807570
vt 1.893547 -1.027158
vt 1.893547 -0.984266
vt 1.907212 -1.027158
vt 1.907212 -0.984265
vt 1.907212 -0.934713
vt 1.893547 -0.934713
vt 1.869234 0.885329
vt 1.881238 0.885439
vt 1.897978 0.969284
vt 1.892051 0.972260
vt 1.889061 0.886197
vt 1.895334 0.886531
vt 1.886744 0.799457
vt 1.892690 0.803778
vt 1.893547 -0.875371
vt 1.907212 -0.875371
vt 1.893547 -1.105757
vt 1.893547 -1.067079
vt 1.907212 -1.105757
vt 1.907212 -1.067079
vt 1.420277 -0.992457
vt 1.423788 -0.994388
vt 1.488692 -0.962532
vt 1.477164 -0.958083
vt 1.427472 -0.996497
vt 1.499103 -0.971860
vt 1.883108 1.224530
vt 1.869513 1.224676
vt 1.868995 1.159187
vt 1.882589 1.159041
vt 1.624095 -1.100573
vt 1.628872 -1.103131
vt 1.635776 -1.036032
vt 1.622742 -1.031981
vt 1.633716 -1.105757
vt 1.650769 -1.042658
vt 1.091395 1.628452
vt 1.091395 1.643788
vt 1.073094 1.638481
vt 1.073094 1.617839
vt 1.054793 1.633175
vt 1.054793 1.607227
vt 1.662266 1.535606
vt 1.719675 1.492417
vt 1.732919 1.528368
vt 1.661654 1.569818
vt 1.780977 1.466681
vt 1.804671 1.489098
vt 1.823988 1.498184
vt 1.738582 1.546032
vt 1.653176 1.593880
vt 1.297393 1.762336
vt 1.301268 1.797427
vt 1.314302 1.762337
vt 1.322052 1.797427
vt 1.332230 1.823164
vt 1.306357 1.823164
vt 1.294922 1.662530
vt 1.295543 1.713020
vt 1.309360 1.662530
vt 1.310602 1.713020
vt 1.621044 1.433459
vt 1.640706 1.404529
vt 1.689978 1.414148
vt 1.648725 1.485759
vt 1.640479 1.388032
vt 1.656066 1.387688
vt 1.655823 1.376668
vt 1.669856 1.378816
vt 1.678531 1.365641
vt 1.688934 1.376161
vt 1.680281 1.364555
vt 1.684353 1.368004
vt 1.685361 1.354312
vt 1.695602 1.364411
vt 1.716296 1.366875
vt 1.750196 1.422395
vt 1.904299 0.873428
vt 1.918659 0.873733
vt 1.918547 0.939104
vt 1.903770 0.938789
vt 1.918430 1.006850
vt 1.903221 1.006526
vt 1.918698 0.809583
vt 1.904714 0.809286
vt 1.596568 1.377449
vt 1.580275 1.392434
vt 1.608688 1.365769
vt 1.294150 1.593880
vt 1.294528 1.624115
vt 1.307815 1.593880
vt 1.308572 1.624115
vt 1.625046 -0.752825
vt 1.617134 -0.748847
vt 1.633303 -0.754511
vt 1.663247 -0.684385
vt 1.654027 -0.682032
vt 1.644920 -0.679794
vt 1.677036 -0.602974
vt 1.667182 -0.599979
vt 1.687213 -0.610540
vt 1.704073 -0.554254
vt 1.690779 -0.503829
vt 1.679720 -0.498088
vt 1.670420 -0.230337
vt 1.684380 -0.229446
vt 1.660800 -0.117507
vt 1.645620 -0.119032
vt 1.697865 -0.228291
vt 1.675513 -0.115715
vt 1.644134 -0.028891
vt 1.628728 -0.031852
vt 1.613010 -0.034478
vt 1.594047 0.033634
vt 1.578912 0.028732
vt 1.608633 0.038242
vt 1.559101 0.090788
vt 1.557478 0.088090
vt 1.544688 0.080685
vt 0.728540 1.765329
vt 0.729600 1.780782
vt 0.727051 1.749955
vt 0.729600 1.734330
vt 0.730659 1.796236
vt 0.724503 1.765580
vt 0.718347 1.734923
vt 0.724503 1.719128
vt 0.730659 1.703332
vt 1.485651 0.053275
vt 1.500204 0.064777
vt 1.486149 0.081595
vt 1.473210 0.071154
vt 1.518947 0.075892
vt 1.499035 0.092283
vt 1.464268 0.124781
vt 1.452227 0.115777
vt 1.439733 0.106922
vt 1.384307 0.178998
vt 1.371839 0.172001
vt 1.397114 0.185079
vt 1.302389 0.262878
vt 1.295395 0.259713
vt 1.282460 0.257438
vt 0.764472 1.737636
vt 0.764660 1.720484
vt 0.770821 1.730491
vt 0.770727 1.747795
vt 0.764847 1.703332
vt 0.770914 1.713187
vt 0.776982 1.723042
vt 0.776982 1.740498
vt 0.776982 1.757954
vt 1.266572 0.258947
vt 1.273612 0.262974
vt 1.267403 0.288957
vt 1.253509 0.284270
vt 1.286592 0.266113
vt 1.281285 0.294071
vt 1.265870 0.341121
vt 1.252140 0.337446
vt 1.237932 0.333997
vt 1.175760 0.546461
vt 1.189923 0.544313
vt 1.170404 0.681752
vt 1.155251 0.687670
vt 1.203609 0.542473
vt 1.185061 0.676203
vt 1.183356 0.815824
vt 1.166971 0.825532
vt 1.150031 0.835703
vt 1.179286 0.963079
vt 1.159701 0.974090
vt 1.198605 0.949221
vt 1.222060 0.425101
vt 1.208094 0.424075
vt 1.235553 0.426389
vt 1.693918 -0.367406
vt 1.681523 -0.366124
vt 1.706116 -0.371223
vt 0.312827 1.084329
vt 0.322001 1.086981
vt 0.310388 1.192343
vt 0.301689 1.190335
vt 0.293290 1.299287
vt 0.279185 1.320871
vt 1.054793 1.882213
vt 1.047035 1.883414
vt 1.047034 1.785972
vt 1.054793 1.784724
vt 1.039277 1.884615
vt 1.039276 1.787220
vt 1.039275 1.689825
vt 1.047034 1.688530
vt 1.054793 1.687235
vt 0.269168 0.669793
vt 0.280606 0.664379
vt 0.306034 0.758860
vt 0.295431 0.762586
vt 0.322295 0.866077
vt 0.312013 0.867529
vt -0.215702 0.022196
vt -0.203092 0.025462
vt -0.163542 0.167477
vt -0.176012 0.167571
vt -0.121080 0.284341
vt -0.133509 0.287228
vt -0.078960 0.375227
vt -0.067259 0.371798
vt -0.023436 0.408924
vt -0.034978 0.412910
vt 0.037031 0.448440
vt 0.024762 0.453901
vt 0.149074 0.506824
vt 0.165034 0.498084
vt 0.199160 0.514518
vt 0.182900 0.522736
vt 0.222249 0.541109
vt 0.207087 0.548108
vt 0.106147 0.477982
vt 0.091967 0.485464
vt -0.151034 -0.419287
vt -0.130675 -0.411217
vt -0.174117 -0.320337
vt -0.191682 -0.328217
vt -0.207148 -0.214925
vt -0.222092 -0.221762
vt 0.326879 0.977403
vt 0.317025 0.976525
vt 0.250358 0.590730
vt 0.237134 0.596984
vt -0.093813 0.342309
vt -0.105932 0.345898
vt -0.218313 -0.101927
vt -0.231633 -0.107403
vt -0.092707 -0.479758
vt -0.114720 -0.485410
vt 0.053760 -0.559766
vt 0.041238 -0.539824
vt 0.118715 -0.542055
vt 0.106875 -0.524133
vt 0.188737 -0.726905
vt 0.233367 -0.721544
vt 0.172504 -0.625692
vt 0.127163 -0.646467
vt 0.092819 -0.603976
vt 0.142091 -0.578402
vt 0.132633 -0.563696
vt 0.078109 -0.587369
vt 0.066024 -0.574592
vt 0.126420 -0.554035
vt 1.425799 1.023912
vt 1.436823 1.006409
vt 1.467994 1.037963
vt 1.458534 1.055557
vt 1.447551 0.989208
vt 1.477158 1.020671
vt 1.519061 1.071964
vt 1.510607 1.087617
vt 1.501857 1.103573
vt 1.570177 1.165967
vt 1.561774 1.178249
vt 1.578284 1.153989
vt 1.638078 1.241924
vt 1.630520 1.249852
vt 1.622666 1.258083
vt 1.673535 1.314674
vt 1.666170 1.318697
vt 1.681963 1.310311
vt 1.407333 0.974277
vt 1.393837 0.990622
vt 1.420533 0.958236
vt 1.374215 1.746276
vt 1.366279 1.731906
vt 1.371503 1.737393
vt 1.377719 1.742179
vt 1.361706 1.694929
vt 1.366731 1.657374
vt 1.372550 1.652100
vt 1.366084 1.660722
vt 1.359271 1.672110
vt 1.357024 1.684209
vt 1.354776 1.696307
vt 1.357010 1.707355
vt 1.359245 1.718404
vt 1.365353 1.728935
vt 1.374577 1.643328
vt 1.378437 1.648153
vt 1.250188 1.040292
vt 1.296771 1.108415
vt 1.270114 1.021541
vt 1.315012 1.086027
vt 1.361358 1.126061
vt 1.346586 1.149655
vt 1.566529 1.316910
vt 1.619224 1.358365
vt 1.576667 1.306281
vt 1.627231 1.350763
vt 1.439248 1.217706
vt 1.501710 1.266039
vt 1.450647 1.196720
vt 1.512581 1.250017
vt 1.390741 1.181562
vt 1.403192 1.158232
vt 1.740278 1.917818
vt 1.731137 1.918169
vt 1.730172 1.839547
vt 1.739339 1.839872
vt 1.721995 1.918519
vt 1.721006 1.839222
vt 1.720512 1.758908
vt 1.729711 1.759821
vt 1.738911 1.760735
vt 1.730091 1.678257
vt 1.739339 1.679613
vt 1.720843 1.676902
vt 1.721669 1.593880
vt 1.730974 1.595590
vt 1.740278 1.597300
vt 1.710676 -0.226526
vt 1.689584 -0.113295
vt 1.724606 -0.224403
vt 1.704931 -0.110438
vt 1.675810 -0.020767
vt 1.659187 -0.025164
vt 1.625538 0.043357
vt 1.643753 0.050728
vt 1.610092 0.096036
vt 1.590571 0.086191
vt 1.559029 0.096745
vt 1.542625 0.085771
vt 1.575933 0.109515
vt 1.546674 0.109130
vt 1.532324 0.095311
vt 1.510921 0.104053
vt 1.523692 0.116603
vt 1.487989 0.145069
vt 1.475641 0.134351
vt 1.411871 0.190340
vt 1.425695 0.198152
vt 1.363802 0.250000
vt 1.346786 0.245507
vt 1.315075 0.270094
vt 1.298236 0.265677
vt 1.330481 0.276349
vt 1.317734 0.288745
vt 1.302787 0.280942
vt 1.294862 0.300552
vt 1.309435 0.307261
vt 1.293121 0.350276
vt 1.278923 0.345393
vt 1.216619 0.541259
vt 1.199028 0.671308
vt 1.230768 0.540103
vt 1.214227 0.666103
vt 1.215973 0.797200
vt 1.198984 0.806853
vt 1.216514 0.935518
vt 1.235569 0.921256
vt 1.248370 0.428286
vt 1.262308 0.430554
vt 1.714468 -0.534376
vt 1.717356 -0.369926
vt 1.714883 -0.554651
vt 1.728716 -0.369484
vt 1.574618 1.593880
vt 1.574944 1.599844
vt 1.586587 1.593880
vt 1.587239 1.599844
vt 0.217062 -1.105757
vt 0.292807 -1.077051
vt 0.290572 -1.072926
vt 0.212443 -1.101998
vt 0.368552 -1.048344
vt 0.368702 -1.043854
vt 0.718347 1.683984
vt 0.718347 1.672043
vt 0.722545 1.672205
vt 0.722545 1.684472
vt 2.003102 -0.654772
vt 2.011676 -0.657649
vt 2.012516 -0.591845
vt 2.003983 -0.588146
vt 2.020251 -0.660527
vt 2.021049 -0.595544
vt 2.024268 -0.550891
vt 2.015930 -0.546612
vt 2.007591 -0.542333
vt 2.024017 -0.282816
vt 2.031467 -0.284492
vt 2.035660 -0.216903
vt 2.028537 -0.215990
vt 2.038916 -0.286167
vt 2.042783 -0.217816
vt 2.045980 -0.162041
vt 2.039165 -0.161579
vt 2.032349 -0.161118
vt 2.013576 -0.446458
vt 2.021644 -0.450460
vt 2.026319 -0.369729
vt 2.018525 -0.366839
vt 2.029713 -0.454463
vt 2.034112 -0.372618
vt 2.018646 -0.505694
vt 2.010434 -0.501246
vt 2.026857 -0.510142
vt 2.105757 0.914360
vt 2.098358 0.914679
vt 2.094538 0.833270
vt 2.101951 0.833143
vt 2.090959 0.914998
vt 2.087125 0.833396
vt 2.083732 0.751073
vt 2.091160 0.751113
vt 2.098588 0.751154
vt 2.088583 0.664377
vt 2.096030 0.664562
vt 2.081136 0.664193
vt 2.079368 0.556466
vt 2.086844 0.556882
vt 2.094321 0.557297
vt 2.094021 0.282730
vt 2.086455 0.281527
vt 2.088524 0.174415
vt 2.096126 0.175893
vt 2.078890 0.280324
vt 2.080923 0.172936
vt 2.083913 0.089337
vt 2.091548 0.091279
vt 2.099182 0.093221
vt 2.094781 0.018170
vt 2.102452 0.021057
vt 2.087110 0.015283
vt 2.090338 -0.055049
vt 2.098048 -0.050918
vt 2.105757 -0.046787
vt 1.774201 1.598084
vt 1.781429 1.595982
vt 1.781429 1.625506
vt 1.774201 1.626958
vt 1.788657 1.593880
vt 1.788657 1.624054
vt 1.788657 1.651002
vt 1.781429 1.651961
vt 1.774201 1.652919
vt 1.781429 1.677005
vt 1.774201 1.677765
vt 1.788657 1.676244
vt 1.788657 1.720280
vt 1.781429 1.721215
vt 1.774201 1.722151
vt 1.781429 1.798155
vt 1.774201 1.799612
vt 1.788657 1.796698
vt 1.788657 1.872470
vt 1.781429 1.874411
vt 1.774201 1.876353
vt 1.781429 1.916173
vt 1.774201 1.918210
vt 1.788657 1.914137
vt 1.788657 1.933140
vt 1.781429 1.935016
vt 1.774201 1.936892
vt 0.623325 1.703831
vt 0.631028 1.706102
vt 0.631050 1.719654
vt 0.623369 1.717683
vt 0.638732 1.708372
vt 0.638732 1.721625
vt 0.638732 1.734877
vt 0.631072 1.733206
vt 0.623413 1.731534
vt 2.030938 -1.105757
vt 2.038459 -1.104876
vt 2.031482 -0.986754
vt 2.023847 -0.986692
vt 2.045980 -1.103994
vt 2.039117 -0.986815
vt 2.031902 -0.869792
vt 2.024030 -0.868783
vt 2.016159 -0.867773
vt 2.016364 -0.754082
vt 2.008090 -0.752122
vt 2.024638 -0.756042
vt 1.092230 1.611444
vt 1.099458 1.609335
vt 1.099458 1.704303
vt 1.092230 1.706832
vt 1.106686 1.607227
vt 1.106686 1.701773
vt 1.106686 1.796320
vt 1.099458 1.799270
vt 1.092230 1.802221
vt 2.085992 0.419233
vt 2.093512 0.420042
vt 2.078472 0.418424
vt 1.733127 -0.505744
vt 1.743591 -0.364726
vt 1.747661 -0.502057
vt 1.759851 -0.362920
vt 1.759668 -0.220124
vt 1.741284 -0.222253
vt 1.310113 0.355665
vt 1.278995 0.432876
vt 1.328840 0.361324
vt 1.297390 0.435191
vt 1.266368 0.536340
vt 1.247703 0.538405
vt 1.236231 0.785542
vt 1.258175 0.904294
vt 1.258518 0.772621
vt 1.283020 0.885595
vt 1.318759 0.976215
vt 1.293291 0.999955
vt 1.232392 0.659657
vt 1.252397 0.652417
vt 1.335341 0.296629
vt 1.326796 0.314563
vt 1.354739 0.305006
vt 1.345925 0.322305
vt 1.380777 0.257393
vt 1.348062 0.283694
vt 1.399486 0.265235
vt 1.367431 0.291483
vt 1.502811 0.157304
vt 1.441412 0.207595
vt 1.519172 0.170424
vt 1.458750 0.217671
vt 1.563847 0.124178
vt 1.539004 0.130782
vt 1.582771 0.140362
vt 1.555901 0.146021
vt 1.631798 0.108805
vt 1.595784 0.124312
vt 1.655662 0.122506
vt 1.617628 0.140223
vt 1.695686 -0.015928
vt 1.665149 0.059469
vt 1.717557 -0.010869
vt 1.688676 0.068779
vt 1.723276 -0.107423
vt 1.743478 -0.104352
vt 1.677604 -0.685737
vt 1.689364 -0.687890
vt 1.715205 -0.607326
vt 1.702021 -0.611324
vt 1.701125 -0.690043
vt 1.728026 -0.607852
vt 1.656914 -0.760547
vt 1.646143 -0.756590
vt 1.668496 -0.762256
vt 1.378101 1.099478
vt 1.417561 1.131511
vt 1.396558 1.070293
vt 1.433429 1.102177
vt 1.478631 1.145862
vt 1.463937 1.172486
vt 1.525345 1.231363
vt 1.539464 1.210819
vt 1.601808 1.279939
vt 1.588597 1.293779
vt 1.638044 1.343266
vt 1.649360 1.333216
vt 1.335510 1.061204
vt 1.358057 1.033937
vt 1.327399 0.968279
vt 1.343450 0.953256
vt 1.379847 1.007473
vt 1.365560 1.024627
vt 1.414281 1.041922
vt 1.402467 1.060235
vt 1.605673 1.275860
vt 1.614317 1.266820
vt 1.659581 1.325600
vt 1.652425 1.330928
vt 1.483073 1.136801
vt 1.492613 1.120036
vt 1.552877 1.191037
vt 1.543683 1.204128
vt 1.448580 1.073657
vt 1.438329 1.092061
vt 1.677526 -0.765875
vt 1.671326 -0.762001
vt 1.685401 -0.770239
vt 1.711553 -0.693804
vt 1.704350 -0.689544
vt 1.739740 -0.609385
vt 1.731624 -0.607162
vt 1.760945 -0.502212
vt 1.751829 -0.501054
vt 1.765549 -0.217981
vt 1.777320 -0.217372
vt 1.762936 -0.100664
vt 1.750067 -0.101842
vt 1.738674 -0.005205
vt 1.724796 -0.007585
vt 1.711844 0.082379
vt 1.697265 0.077406
vt 1.682901 0.166682
vt 1.669315 0.158651
vt 1.039275 1.778666
vt 1.031475 1.795144
vt 1.031474 1.747123
vt 1.039275 1.732951
vt 1.023674 1.811622
vt 1.023674 1.761295
vt 1.023674 1.710968
vt 1.031475 1.699102
vt 1.039275 1.687235
vt 1.579454 0.142929
vt 1.592702 0.152304
vt 1.571109 0.161198
vt 1.560026 0.152639
vt 1.534813 0.184099
vt 1.524265 0.176848
vt 1.475361 0.228322
vt 1.464223 0.222910
vt 1.417460 0.273665
vt 1.405493 0.269603
vt 1.386061 0.299861
vt 1.373695 0.295832
vt 1.373398 0.313968
vt 1.361015 0.309583
vt 1.364317 0.330636
vt 1.352096 0.326635
vt 1.346832 0.367584
vt 1.334854 0.364842
vt 1.272358 0.536848
vt 1.284299 0.534923
vt 1.271659 0.645858
vt 1.258909 0.650910
vt 1.280047 0.760416
vt 1.265918 0.768900
vt 1.307093 0.867645
vt 1.291418 0.879622
vt 1.315051 0.438128
vt 1.303274 0.437406
vt 1.775264 -0.361605
vt 1.764854 -0.361340
vt 1.658479 -0.495995
vt 1.669043 -0.496983
vt 1.669290 -0.366094
vt 1.657170 -0.366180
vt 1.656551 -0.231358
vt 1.642794 -0.232494
vt 1.209809 0.326712
vt 1.223814 0.330412
vt 1.194217 0.422919
vt 1.180454 0.421647
vt 1.161687 0.548487
vt 1.147727 0.550398
vt 1.116418 0.855737
vt 1.133168 0.845777
vt 1.142034 0.991378
vt 1.122505 1.008262
vt 1.140185 0.693475
vt 1.125231 0.699165
vt 1.231479 0.253263
vt 1.246468 0.258478
vt 1.238781 0.279659
vt 1.224359 0.274561
vt 1.280570 0.216864
vt 1.292374 0.224664
vt 1.258392 0.249216
vt 1.244354 0.243443
vt 1.270771 0.257010
vt 1.415047 0.088797
vt 1.427334 0.097917
vt 1.360922 0.162757
vt 1.348472 0.155220
vt 1.458393 0.029679
vt 1.471965 0.041535
vt 1.460493 0.060546
vt 1.447890 0.049824
vt 0.651207 1.713099
vt 0.657445 1.708465
vt 0.659486 1.726258
vt 0.655288 1.734487
vt 0.663683 1.703831
vt 0.663683 1.718028
vt 0.663683 1.732225
vt 0.661526 1.744050
vt 0.659369 1.755875
vt 1.581925 -0.040081
vt 1.597411 -0.037221
vt 1.563634 0.023590
vt 1.548470 0.018332
vt 1.530208 0.072323
vt 1.515840 0.063844
vt 1.630530 -0.120686
vt 1.615555 -0.122456
vt 1.627196 -0.675819
vt 1.636001 -0.677748
vt 1.657568 -0.598289
vt 1.648067 -0.596716
vt 1.608269 -0.748103
vt 1.597838 -0.745928
vt 1.414008 -0.989364
vt 1.417056 -0.990822
vt 1.468750 -0.952559
vt 1.457490 -0.947566
vt 1.614829 -1.095752
vt 1.619429 -1.098128
vt 1.609026 -1.024703
vt 1.592782 -1.021488
vt -0.136850 -0.493340
vt -0.160244 -0.500207
vt -0.171723 -0.427683
vt -0.193549 -0.436633
vt -0.253065 -0.236478
vt -0.237186 -0.228882
vt -0.245049 -0.113118
vt -0.259145 -0.119218
vt -0.228383 0.018766
vt -0.241699 0.015094
vt -0.159121 0.293242
vt -0.146004 0.290156
vt -0.118105 0.349550
vt -0.130881 0.353406
vt -0.090702 0.378714
vt -0.103020 0.382395
vt 0.175650 0.562888
vt 0.191769 0.555285
vt 0.223819 0.603391
vt 0.209831 0.610176
vt 0.257698 0.675331
vt 0.245670 0.681192
vt 0.290979 0.870482
vt 0.301737 0.868973
vt 0.307193 0.975563
vt 0.296906 0.974513
vt 0.303697 1.081532
vt 0.294156 1.078533
vt -0.209484 -0.336416
vt -0.228241 -0.345158
vt -0.000509 0.465403
vt 0.012432 0.459489
vt 0.077664 0.493141
vt 0.062625 0.501274
vt 0.132930 0.515801
vt 0.115934 0.525315
vt 0.166448 0.531173
vt 0.149124 0.540115
vt -0.046555 0.416972
vt -0.058697 0.421265
vt -0.188549 0.167612
vt -0.201710 0.167629
vt 0.284824 0.766381
vt 0.273714 0.770388
vt 0.266540 1.278796
vt 0.273880 1.285512
vt 0.244698 1.376616
vt 0.238826 1.370789
vt 0.251460 1.382874
vt 0.293453 1.184537
vt 0.284953 1.179977
vt 0.256406 1.066292
vt 0.265647 1.069384
vt 0.259465 1.168289
vt 0.251231 1.164352
vt 0.274844 1.072482
vt 0.267655 1.172234
vt 0.251329 1.271094
vt 0.244183 1.267169
vt 0.236993 1.263252
vt 0.219107 1.362144
vt 0.213195 1.357263
vt 0.225606 1.364090
vt 0.197873 0.704742
vt 0.209626 0.698886
vt 0.240449 0.782466
vt 0.229623 0.786451
vt 0.221334 0.693037
vt 0.251231 0.778489
vt 0.269207 0.873537
vt 0.258782 0.874991
vt 0.248311 0.876452
vt -0.294696 0.000133
vt -0.281643 0.003904
vt -0.241188 0.167618
vt -0.254086 0.167573
vt -0.268635 0.007683
vt -0.228336 0.167671
vt -0.185656 0.299482
vt -0.198464 0.302528
vt -0.211316 0.305582
vt -0.151985 0.397138
vt -0.139940 0.393484
vt -0.095085 0.434206
vt -0.106953 0.438477
vt -0.127940 0.389837
vt -0.083262 0.429941
vt -0.026689 0.477353
vt -0.039319 0.483255
vt -0.051994 0.489164
vt 0.060757 0.581521
vt 0.065905 0.555569
vt 0.096847 0.567127
vt 0.078915 0.575999
vt 0.081564 0.544540
vt 0.114091 0.558182
vt 0.143053 0.578250
vt 0.125276 0.584325
vt 0.087966 0.575093
vt 0.017722 0.526224
vt 0.003941 0.535850
vt 0.032207 0.517708
vt -0.280930 -0.472914
vt -0.259281 -0.463812
vt -0.284674 -0.371706
vt -0.303224 -0.380596
vt -0.237677 -0.454704
vt -0.266170 -0.362807
vt -0.285180 -0.251811
vt -0.300778 -0.259551
vt -0.316420 -0.267284
vt 0.266136 0.971269
vt 0.256141 0.970147
vt 0.276086 0.972399
vt 0.167359 0.630283
vt 0.151916 0.635452
vt 0.181534 0.623885
vt -0.169189 0.365026
vt -0.181697 0.368858
vt -0.156726 0.361202
vt -0.301454 -0.137765
vt -0.315295 -0.143989
vt -0.287657 -0.131534
vt -0.230033 -0.523929
vt -0.254032 -0.531209
vt -0.207542 -0.515643
vt 0.284421 1.075520
vt 0.276225 1.176118
vt 0.258856 1.274958
vt 0.231719 1.368865
vt 0.233423 0.687127
vt 0.262393 0.774451
vt 0.280014 0.872022
vt -0.255246 0.011401
vt -0.215102 0.167663
vt -0.172467 0.296375
vt -0.115558 0.386129
vt -0.071058 0.425615
vt -0.013677 0.471391
vt 0.098670 0.534940
vt 0.131528 0.549161
vt 0.159273 0.570582
vt 0.047337 0.509504
vt -0.215692 -0.445656
vt -0.247284 -0.353970
vt -0.269201 -0.244132
vt 0.286417 0.973469
vt 0.195604 0.617043
vt -0.143882 0.357317
vt -0.273480 -0.125364
vt -0.183602 -0.508549
vt -0.276850 -0.539679
vt -0.304261 -0.548678
vt -0.303061 -0.481939
vt -0.325508 -0.490913
vt -0.348985 -0.282546
vt -0.332544 -0.274940
vt -0.329619 -0.150135
vt -0.344259 -0.156232
vt -0.308232 -0.003562
vt -0.322084 -0.007206
vt -0.238302 0.311894
vt -0.224651 0.308712
vt -0.194687 0.372766
vt -0.207993 0.376725
vt -0.164512 0.400869
vt -0.177356 0.404651
vt 0.065576 0.585642
vt 0.081453 0.579014
vt 0.138146 0.641569
vt 0.123777 0.648327
vt 0.185638 0.710675
vt 0.173086 0.716658
vt 0.226088 0.879579
vt 0.237358 0.877990
vt 0.245664 0.969101
vt 0.234871 0.968105
vt 0.246683 1.063277
vt 0.236643 1.060313
vt -0.322255 -0.389410
vt -0.341603 -0.398174
vt -0.078625 0.501187
vt -0.065151 0.495150
vt -0.011277 0.544422
vt -0.027056 0.552861
vt 0.041471 0.590678
vt 0.022444 0.601746
vt 1.174892 1.855038
vt 1.174512 1.878278
vt 1.179158 1.875227
vt 1.179158 1.895577
vt 1.179158 1.915927
vt 1.174892 1.901802
vt -0.119303 0.442826
vt -0.131969 0.447226
vt -0.267466 0.167604
vt -0.281162 0.167686
vt 0.218314 0.790512
vt 0.206689 0.794624
vt 0.221330 1.255621
vt 0.229320 1.259411
vt 0.205784 1.356125
vt 0.196531 1.353112
vt 0.242515 1.160491
vt 0.233482 1.156681
vt 0.211879 1.659789
vt 0.197550 1.658116
vt 0.225121 1.728960
vt 0.221550 1.727208
vt 0.059851 1.596987
vt 0.047003 1.591702
vt 0.008747 1.636966
vt 0.005760 1.635384
vt 1.005213 1.689005
vt 0.980753 1.689479
vt 0.980851 1.648588
vt 1.005213 1.648116
vt 0.956293 1.689953
vt 0.956489 1.649060
vt 0.956686 1.608167
vt 0.980949 1.607697
vt 1.005213 1.607227
vt 1.054793 1.687235
vt 1.030003 1.687235
vt 1.030003 1.647231
vt 1.054694 1.647231
vt 1.005213 1.687235
vt 1.005312 1.647231
vt 1.005411 1.607227
vt 1.030003 1.607227
vt 1.054595 1.607227
vt 0.623325 1.728296
vt 0.623325 1.740528
vt 0.620394 1.728296
vt 0.623325 1.716064
vt 0.623325 1.752761
vt 0.619662 1.752761
vt 0.615998 1.752761
vt 0.615998 1.728296
vt 0.615998 1.703831
vt 0.619662 1.703831
vt 0.623325 1.703831
vt 1.179356 2.023761
vt 1.203948 2.023761
vt 1.203948 2.063649
vt 1.179257 2.063649
vt 1.228540 2.023761
vt 1.228639 2.063649
vt 1.228738 2.105757
vt 1.203948 2.105757
vt 1.179159 2.105757
vt 1.180015 1.941139
vt 1.203948 1.937365
vt 1.203948 1.985543
vt 1.179512 1.986015
vt 1.227880 1.941139
vt 1.228384 1.986015
vt 1.203947 1.863997
vt 1.226848 1.881360
vt 1.181047 1.881360
vt 0.748691 1.703332
vt 0.752636 1.706490
vt 0.751831 1.730744
vt 0.748691 1.717038
vt 0.756582 1.707925
vt 0.756406 1.730744
vt 0.756582 1.753563
vt 0.752636 1.754998
vt 0.748691 1.758156
vt 0.748691 1.744450
vt 0.748691 1.730744
vt 0.955312 1.690715
vt 0.928960 1.690715
vt 0.928960 1.648971
vt 0.955802 1.648971
vt 0.902608 1.690714
vt 0.902117 1.648971
vt 0.901627 1.607227
vt 0.928960 1.607227
vt 0.956293 1.607227
vt 0.760527 1.706490
vt 0.760505 1.730744
vt 0.764472 1.703332
vt 0.764472 1.730744
vt 0.764472 1.758156
vt 0.760527 1.754998
vt 1.663784 1.730259
vt 1.638145 1.730259
vt 1.638145 1.671772
vt 1.664775 1.671772
vt 1.612506 1.730259
vt 1.611514 1.671772
vt 1.611793 1.593880
vt 1.638145 1.593880
vt 1.664497 1.593880
vt 1.661058 1.756405
vt 1.638145 1.756405
vt 1.659358 1.763147
vt 1.638145 1.763147
vt 1.616932 1.763147
vt 1.615232 1.756405
vt 1.661270 1.766654
vt 1.638145 1.766655
vt 1.665477 1.770162
vt 1.638145 1.770162
vt 1.610812 1.770162
vt 1.615020 1.766654
vt 1.692665 1.762812
vt 1.679071 1.763020
vt 1.692664 1.695405
vt 1.706258 1.762604
vt 1.665478 1.763228
vt 1.665477 1.678970
vt 1.665477 1.594711
vt 1.692664 1.594295
vt 1.719851 1.593880
vt 1.719851 1.678138
vt 1.719851 1.762396
vt 0.718347 1.746249
vt 0.691015 1.746249
vt 0.691015 1.719851
vt 0.718347 1.720096
vt 0.663683 1.746249
vt 0.663683 1.720096
vt 0.663683 1.689251
vt 0.691015 1.687289
vt 0.718346 1.689251
vt 0.691015 1.607227
vt 0.704681 1.607227
vt 0.691015 1.641799
vt 0.677349 1.607227
vt 0.718346 1.607227
vt 0.718346 1.650585
vt 0.663683 1.650585
vt 0.663683 1.607227
vt 0.439030 1.613673
vt 0.440486 1.619951
vt 0.416874 1.619933
vt 0.416874 1.613530
vt 0.442911 1.644563
vt 0.416874 1.644563
vt 0.390836 1.644563
vt 0.393262 1.619951
vt 0.394717 1.613673
vt 0.444205 1.773231
vt 0.416873 1.773231
vt 0.416873 1.699730
vt 0.444043 1.699731
vt 0.389542 1.773231
vt 0.389704 1.699731
vt 0.444205 1.607227
vt 0.471536 1.607227
vt 0.471536 1.687612
vt 0.444205 1.687612
vt 0.498867 1.607227
vt 0.498867 1.687612
vt 0.498867 1.767996
vt 0.471536 1.767996
vt 0.444205 1.767996
vt 0.748691 1.758152
vt 0.744183 1.756781
vt 0.744158 1.730742
vt 0.748691 1.730742
vt 0.739675 1.756157
vt 0.739474 1.730742
vt 0.739675 1.705328
vt 0.744183 1.704704
vt 0.748691 1.703332
vt 0.730659 1.730742
vt 0.730659 1.717037
vt 0.734247 1.730742
vt 0.730659 1.744447
vt 0.730659 1.703332
vt 0.735167 1.704704
vt 0.735167 1.756781
vt 0.730659 1.758152
vt 0.444205 1.607227
vt 0.440647 1.610450
vt 0.416874 1.609792
vt 0.430539 1.607227
vt 0.440647 1.610450
vt 0.393100 1.610450
vt 0.389543 1.607227
vt 0.403208 1.607227
vt 0.393100 1.610450
vt 0.416874 1.607227
vn -0.6048 0.7436 -0.2851
vn -0.5928 0.7547 -0.2811
vn -0.8076 0.4480 -0.3836
vn -0.8136 0.4331 -0.3879
vn -0.5764 0.7705 -0.2723
vn -0.7981 0.4677 -0.3798
vn -0.9004 0.0400 -0.4332
vn -0.9012 0.0393 -0.4317
vn -0.9004 0.0390 -0.4334
vn 0.3474 0.9215 0.1736
vn 0.3413 0.9254 0.1647
vn 0.1959 0.9762 0.0924
vn 0.2008 0.9745 0.0996
vn 0.3229 0.9338 0.1542
vn 0.1849 0.9790 0.0860
vn 0.0321 0.9994 0.0132
vn 0.0340 0.9993 0.0127
vn 0.0340 0.9993 0.0157
vn 0.9055 -0.0397 0.4223
vn 0.9020 -0.0395 0.4299
vn 0.8239 0.4040 0.3974
vn 0.8267 0.4040 0.3916
vn 0.8977 -0.0399 0.4388
vn 0.8146 0.4182 0.4019
vn 0.6177 0.7249 0.3049
vn 0.6362 0.7068 0.3092
vn 0.6351 0.7086 0.3075
vn -0.5679 0.7791 -0.2655
vn -0.5233 0.8325 -0.1818
vn -0.8249 0.5304 -0.1955
vn -0.7928 0.4835 -0.3710
vn -0.4626 0.8718 0.1608
vn -0.8038 0.4770 0.3553
vn -0.9214 0.0173 0.3881
vn -0.9796 0.0353 -0.1977
vn -0.9037 0.0398 -0.4264
vn 0.2720 0.9541 0.1251
vn 0.2905 0.9552 0.0566
vn 0.1797 0.9836 0.0156
vn 0.1600 0.9846 0.0705
vn 0.3930 0.8686 -0.3017
vn 0.3291 0.8808 -0.3403
vn 0.1741 0.9333 -0.3139
vn 0.0475 0.9979 -0.0433
vn 0.0280 0.9995 0.0108
vn 0.8864 -0.0398 0.4612
vn 0.7259 -0.0410 0.6865
vn 0.6363 0.5324 0.5582
vn 0.7811 0.4729 0.4076
vn 0.1745 -0.0325 0.9841
vn 0.1582 0.4386 0.8846
vn 0.1500 0.8607 0.4865
vn 0.4386 0.8455 0.3044
vn 0.5459 0.7902 0.2787
vn -0.2649 0.9563 -0.1237
vn -0.2322 0.9457 -0.2273
vn -0.3396 0.9185 -0.2022
vn -0.3973 0.8985 -0.1865
vn 0.0150 0.8206 -0.5713
vn -0.2265 0.9677 -0.1110
vn -0.2802 0.9505 -0.1341
vn -0.2650 0.9555 -0.1297
vn -0.4078 0.8919 -0.1953
vn -0.4241 0.8834 -0.1993
vn -0.2558 0.9591 -0.1210
vn -0.3945 0.8998 -0.1859
vn -0.1201 0.9908 -0.0617
vn -0.1286 0.9896 -0.0637
vn -0.1153 0.9918 -0.0556
vn -0.0931 0.9873 -0.1285
vn -0.1186 0.9914 -0.0551
vn 0.1098 0.8392 -0.5325
vn 0.3360 0.9305 0.1456
vn 0.3788 0.9070 0.1839
vn 0.1937 0.9644 0.1800
vn 0.4714 0.8515 0.2293
vn 0.4728 0.8495 0.2343
vn 0.4501 0.8655 0.2197
vn -0.6490 -0.6881 -0.3244
vn -0.8379 -0.3605 -0.4097
vn -0.8328 -0.3763 -0.4060
vn -0.6375 -0.7004 -0.3209
vn -0.8246 -0.3966 -0.4034
vn -0.6218 -0.7180 -0.3128
vn 0.2898 -0.9492 0.1223
vn 0.1404 -0.9890 0.0458
vn 0.1353 -0.9901 0.0385
vn 0.2835 -0.9522 0.1133
vn -0.0275 -0.9988 -0.0390
vn -0.0275 -0.9987 -0.0420
vn -0.0294 -0.9987 -0.0415
vn 0.1242 -0.9917 0.0320
vn 0.2646 -0.9589 0.1024
vn 0.7995 -0.4751 0.3675
vn 0.7969 -0.4750 0.3732
vn 0.5898 -0.7620 0.2673
vn 0.5910 -0.7605 0.2689
vn 0.5715 -0.7770 0.2638
vn 0.7867 -0.4888 0.3771
vn -0.6143 -0.7270 -0.3067
vn -0.8206 -0.4123 -0.3957
vn -0.8557 -0.4669 -0.2229
vn -0.5734 -0.7874 -0.2262
vn -0.8322 -0.4456 0.3298
vn -0.5158 -0.8491 0.1136
vn 0.2126 -0.9744 0.0723
vn 0.0991 -0.9949 0.0163
vn 0.1189 -0.9921 -0.0385
vn 0.2311 -0.9729 0.0037
vn -0.0335 -0.9985 -0.0438
vn -0.0138 -0.9951 -0.0978
vn 0.1170 -0.9237 -0.3647
vn 0.2751 -0.8793 -0.3887
vn 0.3396 -0.8731 -0.3497
vn 0.7498 -0.5417 0.3798
vn 0.6014 -0.6002 0.5273
vn 0.4958 -0.8362 0.2342
vn 0.3853 -0.8863 0.2571
vn 0.0959 -0.8936 0.4386
vn 0.1294 -0.4953 0.8590
vn -0.3231 -0.9299 -0.1754
vn -0.4515 -0.8609 -0.2347
vn -0.3951 -0.8835 -0.2516
vn -0.2897 -0.9157 -0.2785
vn -0.2853 -0.9443 -0.1636
vn -0.0345 -0.7875 -0.6153
vn -0.3380 -0.9227 -0.1855
vn -0.4773 -0.8434 -0.2466
vn -0.4617 -0.8531 -0.2431
vn -0.3230 -0.9289 -0.1813
vn -0.4489 -0.8623 -0.2342
vn -0.3141 -0.9335 -0.1728
vn -0.1890 -0.9749 -0.1175
vn -0.1806 -0.9767 -0.1156
vn -0.1760 -0.9783 -0.1096
vn -0.1792 -0.9777 -0.1090
vn -0.1534 -0.9713 -0.1820
vn 0.0589 -0.8141 -0.5777
vn 0.3222 -0.9372 0.1334
vn 0.2779 -0.9560 0.0940
vn 0.1338 -0.9829 0.1265
vn 0.4194 -0.8884 0.1867
vn 0.4178 -0.8902 0.1816
vn 0.3956 -0.9023 0.1712
vn 0.3593 -0.9204 0.1538
vn 0.5383 -0.8043 0.2514
vn 0.2362 -0.9677 0.0873
vn -0.1768 -0.9785 -0.1063
vn -0.0321 -0.9986 -0.0415
vn -0.3163 -0.9333 -0.1697
vn -0.4496 -0.8626 -0.2317
vn -0.6183 -0.7220 -0.3103
vn 0.7714 -0.5121 0.3778
vn 0.8934 -0.0403 0.4473
vn 0.1098 -0.9937 0.0241
vn -0.8209 -0.4046 -0.4028
vn -0.8997 0.0403 -0.4346
vn 0.5860 0.7551 0.2940
vn 0.4149 0.8868 0.2033
vn 0.2951 0.9452 0.1397
vn 0.0294 0.9995 0.0132
vn -0.1160 0.9919 -0.0523
vn -0.2580 0.9589 -0.1179
vn -0.3953 0.9000 -0.1834
vn -0.5726 0.7742 -0.2695
vn 0.8008 0.4421 0.4040
vn 0.1706 0.9822 0.0782
vn -0.7938 0.4760 -0.3786
vn 0.4819 -0.8708 -0.0970
vn 0.2289 -0.9516 0.2050
vn 0.3634 -0.9006 0.2383
vn 0.5475 -0.8019 0.2391
vn 0.0914 -0.7999 0.5931
vn 0.2640 -0.9344 0.2393
vn -0.1388 -0.8915 0.4312
vn -0.3025 -0.8295 0.4695
vn -0.2232 -0.9744 -0.0264
vn -0.0454 -0.9976 0.0517
vn -0.4026 -0.8133 0.4199
vn -0.3825 -0.9213 -0.0697
vn -0.3489 -0.9334 -0.0830
vn -0.4815 -0.8633 -0.1511
vn -0.3932 -0.7720 -0.4994
vn -0.6163 -0.7298 -0.2959
vn 0.9763 -0.0241 -0.2148
vn 0.8181 -0.5309 -0.2209
vn 0.8122 -0.5069 0.2887
vn 0.9446 -0.0382 0.3260
vn -0.0039 -0.8177 0.5757
vn 0.1219 -0.9817 0.1457
vn -0.5341 -0.3927 -0.7487
vn -0.8014 -0.3877 -0.4555
vn -0.6196 0.0406 -0.7838
vn -0.8652 0.0402 -0.4997
vn 0.5348 0.8434 -0.0502
vn 0.5954 0.7524 0.2817
vn 0.4176 0.8622 0.2865
vn 0.2866 0.9231 0.2563
vn 0.3204 0.9019 0.2894
vn 0.1394 0.7592 0.6357
vn -0.0845 0.8733 0.4797
vn 0.0159 0.9942 0.1063
vn -0.1628 0.9863 0.0272
vn -0.2517 0.8196 0.5146
vn -0.3251 0.9455 -0.0185
vn -0.3527 0.8123 0.4645
vn -0.4273 0.8982 -0.1028
vn -0.2909 0.9562 -0.0311
vn -0.5696 0.7815 -0.2545
vn -0.3442 0.8207 -0.4560
vn 0.8415 0.4391 0.3148
vn 0.8496 0.4908 -0.1928
vn 0.1817 0.9630 0.1989
vn 0.0454 0.7836 0.6196
vn -0.7751 0.4607 -0.4322
vn -0.5076 0.4651 -0.7253
vn 0.6818 -0.0409 0.7303
vn 0.6554 -0.0408 0.7542
vn 0.6298 0.2383 0.7392
vn 0.6188 0.3836 0.6854
vn 0.6493 -0.0408 0.7594
vn 0.6367 0.1708 0.7519
vn 0.4158 0.8669 -0.2749
vn 0.3621 0.8636 0.3509
vn 0.3017 0.8940 0.3311
vn 0.0470 0.9986 -0.0237
vn 0.0637 0.9936 -0.0931
vn 0.0132 0.9683 -0.2495
vn 0.0525 0.9957 -0.0757
vn 0.1421 0.8511 -0.5054
vn 0.0134 0.7577 -0.6525
vn -0.1489 0.5209 -0.8405
vn -0.0499 0.7250 -0.6868
vn 0.2562 0.8945 -0.3664
vn -0.3942 0.9188 -0.0192
vn -0.4913 0.8612 -0.1301
vn -0.9150 0.3317 -0.2297
vn -0.8794 0.4624 -0.1132
vn -0.5237 0.8005 -0.2914
vn -0.7906 0.3613 -0.4943
vn -0.9387 0.0389 -0.3424
vn -0.9676 0.0370 -0.2496
vn -0.9875 0.0347 -0.1534
vn -0.7432 0.4743 -0.4718
vn -0.6795 0.5154 -0.5221
vn -0.7807 0.1789 -0.5988
vn -0.8329 0.1622 -0.5292
vn -0.5987 0.5544 -0.5781
vn -0.7071 0.1968 -0.6792
vn -0.7213 0.0410 -0.6913
vn -0.7931 0.0410 -0.6077
vn -0.8433 0.0407 -0.5358
vn -0.2771 0.5689 -0.7743
vn -0.3458 0.5555 -0.7562
vn -0.4119 0.1921 -0.8907
vn -0.3339 0.1986 -0.9214
vn -0.4722 0.5640 -0.6774
vn -0.5648 0.1969 -0.8013
vn -0.5785 0.0400 -0.8147
vn -0.4218 0.0378 -0.9059
vn -0.3423 0.0363 -0.9389
vn -0.7488 0.6617 -0.0373
vn -0.7803 0.6208 -0.0756
vn -0.9670 0.2288 -0.1115
vn -0.9639 0.2580 -0.0663
vn -0.8115 0.5748 -0.1047
vn -0.9696 0.1997 -0.1410
vn -0.9882 0.0347 -0.1494
vn -0.9920 0.0339 -0.1215
vn -0.9965 0.0327 -0.0770
vn -0.2705 0.9381 -0.2160
vn -0.2832 0.9286 -0.2397
vn -0.6097 0.5756 -0.5448
vn -0.6059 0.5918 -0.5316
vn -0.3073 0.9181 -0.2501
vn -0.6317 0.5562 -0.5399
vn -0.7561 0.0410 -0.6532
vn -0.7416 0.0413 -0.6695
vn -0.7461 0.0414 -0.6644
vn -0.4435 0.8786 -0.1769
vn -0.5430 0.8379 -0.0551
vn -0.8952 0.4309 -0.1136
vn -0.7991 0.4892 -0.3494
vn -0.5994 0.7957 0.0868
vn -0.9168 0.3821 0.1160
vn -0.9936 0.0275 0.1098
vn -0.9890 0.0344 -0.1439
vn -0.9098 0.0394 -0.4130
vn -0.5704 0.7913 0.2203
vn -0.5325 0.7900 0.3038
vn -0.8211 0.3733 0.4317
vn -0.8722 0.3785 0.3098
vn -0.4831 0.7541 0.4448
vn -0.7094 0.3347 0.6202
vn -0.7658 0.0059 0.6431
vn -0.8937 0.0150 0.4483
vn -0.9465 0.0201 0.3221
vn -0.4816 0.8566 0.1849
vn -0.5378 0.8323 0.1342
vn -0.8866 0.4281 0.1750
vn -0.8485 0.4573 0.2662
vn -0.5910 0.8001 0.1025
vn -0.9106 0.3932 0.1272
vn -0.9919 0.0273 0.1237
vn -0.9843 0.0255 0.1743
vn -0.9607 0.0219 0.2768
vn -0.6484 0.7613 -0.0025
vn -0.6519 0.7553 -0.0674
vn -0.9269 0.3585 -0.1106
vn -0.9325 0.3607 -0.0182
vn -0.6549 0.7452 -0.1259
vn -0.9158 0.3517 -0.1941
vn -0.9762 0.0357 -0.2140
vn -0.9915 0.0339 -0.1255
vn -0.9991 0.0317 -0.0280
vn 0.0823 0.9946 0.0634
vn 0.0740 0.9952 0.0639
vn -0.3631 0.8893 -0.2778
vn -0.4226 0.8668 -0.2645
vn 0.0632 0.9961 0.0619
vn -0.3009 0.9076 -0.2928
vn 0.0534 0.9954 0.0793
vn 0.0594 0.9943 0.0881
vn -0.1655 0.9123 -0.3745
vn -0.1273 0.9162 -0.3800
vn 0.0692 0.9934 0.0911
vn -0.2262 0.9180 -0.3257
vn 0.0128 0.9986 0.0506
vn 0.0174 0.9993 0.0333
vn -0.0970 0.9933 -0.0620
vn -0.0876 0.9956 -0.0313
vn 0.0233 0.9993 0.0279
vn -0.1093 0.9911 -0.0759
vn 0.0318 0.9992 0.0237
vn 0.0334 0.9992 0.0218
vn -0.2283 0.9735 -0.0059
vn -0.1752 0.9831 -0.0531
vn 0.0262 0.9994 0.0237
vn -0.2671 0.9621 0.0547
vn 0.0207 0.9993 0.0304
vn 0.0302 0.9993 0.0217
vn -0.2335 0.9589 0.1610
vn -0.2529 0.9602 0.1182
vn 0.0244 0.9994 0.0259
vn -0.2214 0.9467 0.2338
vn 0.0136 0.9994 0.0314
vn 0.0120 0.9996 0.0262
vn -0.2227 0.9711 0.0858
vn -0.1860 0.9765 0.1089
vn 0.0074 0.9997 0.0213
vn -0.2635 0.9623 0.0672
vn 0.0076 0.9998 0.0148
vn 0.0109 0.9998 0.0163
vn -0.3235 0.9460 -0.0227
vn -0.3151 0.9490 0.0094
vn 0.0109 0.9997 0.0213
vn -0.3334 0.9414 -0.0500
vn 0.7699 -0.0411 0.6369
vn 0.6986 -0.0410 0.7143
vn 0.6942 0.1314 0.7076
vn 0.7662 0.1114 0.6329
vn 0.6098 -0.0405 0.7915
vn 0.6048 0.1545 0.7812
vn 0.5090 0.5680 0.6467
vn 0.6001 0.5235 0.6048
vn 0.6780 0.4803 0.5563
vn 0.5191 -0.0394 0.8538
vn 0.5291 -0.0395 0.8476
vn 0.5249 0.1534 0.8372
vn 0.5137 0.1642 0.8420
vn 0.5914 -0.0403 0.8054
vn 0.5871 0.1503 0.7954
vn 0.4968 0.5541 0.6679
vn 0.4428 0.5608 0.6995
vn 0.4258 0.5825 0.6924
vn 0.8168 -0.0408 0.5755
vn 0.8539 -0.0404 0.5189
vn 0.7816 0.3710 0.5015
vn 0.6650 0.5241 0.5321
vn 0.9336 -0.0385 0.3562
vn 0.8922 0.2838 0.3513
vn 0.6176 0.7418 0.2613
vn 0.4658 0.8114 0.3530
vn 0.2707 0.9065 0.3239
vn 0.9932 -0.0337 0.1112
vn 0.9995 -0.0309 0.0044
vn 0.9857 0.1677 0.0121
vn 0.9732 0.1979 0.1174
vn 0.9952 -0.0280 -0.0932
vn 0.9843 0.1544 -0.0855
vn 0.8246 0.5626 -0.0590
vn 0.8081 0.5886 0.0223
vn 0.7624 0.6385 0.1050
vn 0.9636 -0.0224 -0.2664
vn 0.8571 -0.0121 -0.5150
vn 0.8509 0.1651 -0.4986
vn 0.9523 0.1659 -0.2561
vn 0.7425 -0.0041 -0.6698
vn 0.7376 0.1586 -0.6563
vn 0.6373 0.5466 -0.5431
vn 0.7231 0.5573 -0.4080
vn 0.7933 0.5755 -0.1984
vn 0.6126 0.0028 -0.7904
vn 0.7996 -0.0081 -0.6005
vn 0.7875 0.2077 -0.5802
vn 0.6017 0.2195 -0.7679
vn 0.9099 -0.0167 -0.4145
vn 0.8981 0.1828 -0.3999
vn 0.7316 0.6105 -0.3033
vn 0.6305 0.6454 -0.4312
vn 0.4881 0.6609 -0.5701
vn 0.9972 -0.0289 -0.0682
vn 0.9988 -0.0318 0.0358
vn 0.9897 0.1379 0.0392
vn 0.9873 0.1455 -0.0631
vn 0.9941 -0.0333 0.1032
vn 0.9860 0.1286 0.1064
vn 0.8545 0.5090 0.1030
vn 0.8480 0.5283 0.0424
vn 0.8373 0.5449 -0.0443
vn 0.9758 -0.0360 0.2157
vn 0.9466 0.2373 0.2183
vn 0.6996 0.6926 0.1753
vn 0.0273 0.9993 0.0247
vn -0.1333 0.9882 -0.0747
vn -0.3575 0.9030 -0.2383
vn -0.6913 0.5293 -0.4918
vn -0.8094 0.0410 -0.5858
vn 0.9822 -0.0352 0.1842
vn 0.8477 -0.0115 -0.5304
vn 0.7479 0.4137 -0.5191
vn 0.8520 0.4993 0.1573
vn 0.6810 -0.0008 -0.7323
vn 0.6000 0.3156 -0.7351
vn 0.3710 0.6143 -0.6964
vn 0.4030 0.7635 -0.5046
vn 0.3870 0.9214 0.0366
vn 0.1523 0.8480 -0.5076
vn 0.0562 0.9962 -0.0660
vn 0.1871 0.7044 -0.6847
vn 0.0224 0.6335 -0.7734
vn -0.0760 0.7855 -0.6141
vn -0.2595 0.9453 -0.1977
vn -0.3913 0.4563 -0.7992
vn -0.7284 0.5669 -0.3847
vn -0.2032 0.3598 -0.9106
vn -0.3097 0.0355 -0.9502
vn -0.5045 0.0391 -0.8625
vn -0.8853 0.0399 -0.4632
vn -0.1392 -0.0228 0.9900
vn -0.1508 0.2938 0.9439
vn 0.0187 -0.0280 0.9994
vn -0.0209 0.4194 0.9076
vn -0.1259 0.7449 0.6552
vn -0.1305 0.7238 0.6775
vn 0.0208 0.9998 -0.0020
vn -0.1892 0.8588 0.4760
vn -0.3801 0.7815 0.4947
vn -0.3956 0.7792 0.4861
vn -0.6647 0.3461 0.6621
vn -0.6928 0.4663 0.5501
vn -0.8345 0.0107 0.5508
vn -0.7437 0.0045 0.6685
vn 0.9750 -0.0362 0.2192
vn 0.9048 -0.0164 -0.4254
vn 0.7684 0.5150 -0.3799
vn 0.7949 0.5809 0.1754
vn 0.9146 -0.0172 -0.4039
vn 0.7734 0.5154 -0.3690
vn 0.3596 0.9052 -0.2262
vn 0.3826 0.8803 -0.2803
vn 0.2947 0.9547 0.0406
vn 0.1462 0.9610 -0.2345
vn 0.0551 0.9982 -0.0210
vn 0.1382 0.9684 -0.2075
vn -0.0335 0.9448 -0.3258
vn -0.0341 0.9336 -0.3568
vn -0.1524 0.9781 -0.1414
vn -0.3463 0.6111 -0.7118
vn -0.6127 0.6598 -0.4350
vn -0.3411 0.6275 -0.6999
vn -0.5006 0.0391 -0.8648
vn -0.4945 0.0389 -0.8683
vn -0.8206 0.0408 -0.5701
vn 0.9955 -0.0331 0.0886
vn 0.7726 0.6316 0.0647
vn 0.8962 -0.0397 0.4418
vn 0.6965 0.6267 0.3494
vn 0.2369 0.9633 0.1259
vn 0.2778 0.9606 0.0069
vn 0.0694 0.9964 -0.0483
vn 0.0326 0.9990 0.0302
vn -0.1734 0.9839 -0.0435
vn -0.1166 0.9795 -0.1641
vn -0.5273 0.6900 -0.4958
vn -0.6806 0.7072 -0.1914
vn -0.9603 0.0371 -0.2763
vn -0.7439 0.0412 -0.6670
vn 0.8472 -0.0405 0.5297
vn 0.6497 0.6456 0.4012
vn 0.8190 -0.0407 0.5723
vn 0.5930 0.6971 0.4028
vn 0.1899 0.9757 0.1094
vn 0.2196 0.9668 0.1305
vn 0.0293 0.9989 0.0351
vn 0.0297 0.9994 0.0196
vn -0.1839 0.9760 0.1169
vn -0.1866 0.9814 0.0456
vn -0.6887 0.6811 0.2483
vn -0.6061 0.6325 0.4822
vn -0.7680 0.0062 0.6403
vn -0.9268 0.0182 0.3751
vn 0.7889 -0.0411 0.6131
vn 0.5475 0.7210 0.4247
vn 0.7573 -0.0410 0.6518
vn 0.6022 0.5140 0.6108
vn 0.2108 0.9545 0.2108
vn 0.1665 0.9794 0.1139
vn 0.0317 0.9993 0.0175
vn 0.0477 0.9977 0.0480
vn 0.0357 0.9985 0.0400
vn 0.0136 0.9997 0.0217
vn -0.1966 0.9749 -0.1045
vn -0.1823 0.9828 0.0295
vn -0.7645 0.6355 0.1082
vn -0.6705 0.6442 -0.3680
vn -0.8694 0.0401 -0.4925
vn -0.9917 0.0273 0.1253
vn 0.8847 -0.0399 0.4645
vn 0.8627 -0.0403 0.5040
vn 0.6472 0.6453 0.4059
vn 0.7200 0.5971 0.3536
vn 0.1862 0.9661 0.1785
vn 0.2774 0.9532 0.1204
vn 0.0536 0.9948 0.0870
vn 0.0078 0.9928 0.1198
vn 0.0770 0.9821 0.1715
vn 0.0188 0.9987 0.0468
vn 0.0014 1.0000 -0.0068
vn 0.0149 0.9994 -0.0315
vn 0.0586 0.9982 -0.0078
vn 0.0790 0.9964 0.0309
vn 0.1305 0.9914 -0.0018
vn 0.1696 0.9847 0.0387
vn 0.1131 0.9915 0.0633
vn 0.0227 0.9958 0.0883
vn -0.0053 0.9904 0.1377
vn 0.0289 0.9742 0.2235
vn -0.1780 0.8321 0.5252
vn -0.2502 0.9596 -0.1285
vn -0.2606 0.9490 -0.1771
vn -0.6123 0.6099 -0.5031
vn -0.6150 0.6270 -0.4782
vn -0.7638 0.0412 -0.6442
vn -0.7772 0.0411 -0.6279
vn -0.1974 0.9708 -0.1365
vn -0.6379 0.6033 -0.4787
vn -0.1954 0.9702 -0.1434
vn -0.6189 0.6129 -0.4911
vn -0.7816 0.0410 -0.6224
vn -0.7958 0.0407 -0.6041
vn 0.2745 0.8726 0.4040
vn 0.0606 0.9928 0.1031
vn 0.2710 0.8257 0.4947
vn 0.0675 0.9883 0.1370
vn 0.0195 0.9979 0.0617
vn 0.0263 0.9980 0.0573
vn -0.2146 0.9696 -0.1177
vn -0.2373 0.9660 -0.1022
vn -0.6110 0.6352 -0.4725
vn -0.6065 0.6346 -0.4790
vn -0.7790 0.0411 -0.6257
vn -0.7783 0.0411 -0.6265
vn 0.4470 0.8093 0.3810
vn 0.3828 0.8992 0.2117
vn -0.0323 0.9973 0.0648
vn -0.0740 0.9970 0.0217
vn -0.5933 0.7807 0.1960
vn -0.6781 0.7136 -0.1759
vn 0.7393 -0.0412 0.6720
vn 0.8405 -0.0407 0.5402
vn 0.7580 0.4604 0.4620
vn 0.7146 0.3068 0.6287
vn 0.5206 -0.0396 0.8528
vn 0.6228 -0.0407 0.7813
vn 0.6150 0.1821 0.7671
vn 0.3512 0.1913 0.9165
vn 0.4168 0.7219 0.5523
vn 0.2973 0.6427 0.7061
vn -0.1799 0.9834 0.0232
vn -0.4832 0.7669 0.4223
vn -0.7117 0.5872 -0.3855
vn -0.8029 0.4551 -0.3850
vn -0.1961 0.9708 -0.1379
vn -0.6076 0.6284 -0.4856
vn -0.7792 0.0412 -0.6254
vn 0.2541 0.8162 0.5188
vn 0.0619 0.9862 0.1532
vn 0.2277 0.8045 0.5486
vn 0.0475 0.9783 0.2015
vn -0.0195 0.9914 0.1293
vn 0.0077 0.9972 0.0743
vn 0.1262 0.7844 0.6073
vn 0.0358 0.9685 0.2463
vn -0.0301 0.9853 0.1679
vn 0.7661 -0.0060 -0.6427
vn 0.7238 -0.0034 -0.6899
vn 0.7116 0.2173 -0.6681
vn 0.7560 0.1880 -0.6269
vn 0.5647 0.0051 -0.8252
vn 0.5614 0.2262 -0.7960
vn 0.4449 0.6476 -0.6186
vn 0.5640 0.6452 -0.5153
vn 0.6223 0.6012 -0.5012
vn 0.0221 0.9991 0.0349
vn 0.0238 0.9986 0.0478
vn -0.0880 0.9353 0.3427
vn -0.1386 0.9331 0.3316
vn 0.0244 0.9981 0.0569
vn -0.0872 0.9510 0.2967
vn -0.2239 0.7753 0.5906
vn -0.1868 0.7196 0.6688
vn -0.2787 0.7089 0.6478
vn -0.2626 0.2991 0.9174
vn -0.3728 0.2840 0.8834
vn -0.3863 0.3696 0.8451
vn -0.4261 -0.0116 0.9046
vn -0.2832 -0.0175 0.9589
vn -0.4016 -0.0127 0.9157
vn 0.4530 0.0104 -0.8914
vn 0.4499 0.2165 -0.8664
vn 0.3759 0.6422 -0.6680
vn 0.0133 0.9985 0.0524
vn -0.1426 0.9708 0.1930
vn -0.3860 0.8404 0.3803
vn -0.6965 0.4379 0.5684
vn -0.7886 0.0075 0.6149
vn -0.4007 0.7218 0.5642
vn -0.5578 0.3009 0.7734
vn -0.5979 -0.0035 0.8016
vn 0.0221 0.9992 0.0322
vn -0.1931 0.9365 0.2927
vn 0.7594 -0.0054 -0.6506
vn 0.7524 0.1656 -0.6375
vn 0.6405 0.5613 -0.5241
vn 0.9861 -0.0258 -0.1643
vn 0.9750 0.1578 -0.1563
vn 0.8155 0.5666 -0.1177
vn 0.0193 0.9994 0.0295
vn -0.2694 0.9579 0.0984
vn -0.5951 0.7832 0.1801
vn -0.8942 0.3708 0.2510
vn -0.9658 0.0225 0.2583
vn -0.2638 0.9445 0.1959
vn -0.2416 0.9642 0.1091
vn -0.7504 0.6602 -0.0307
vn -0.7524 0.6440 0.1382
vn -0.9926 0.0337 -0.1164
vn -0.9962 0.0284 0.0828
vn 0.0760 0.9198 0.3850
vn 0.1349 0.9374 0.3210
vn -0.0374 0.9820 0.1849
vn -0.0708 0.9662 0.2476
vn 0.4585 -0.0385 0.8878
vn 0.6329 -0.0407 0.7731
vn 0.4883 0.5821 0.6501
vn 0.3450 0.5669 0.7480
vn 0.9880 -0.0345 0.1504
vn 0.9928 -0.0272 -0.1165
vn 0.8285 0.5448 -0.1296
vn 0.8800 0.4517 0.1469
vn 0.5282 0.0071 -0.8490
vn 0.0767 0.5403 -0.8379
vn -0.1052 0.8477 -0.5199
vn 0.3659 0.9250 -0.1026
vn 0.4686 0.8796 0.0820
vn 0.0309 0.9925 -0.1181
vn 0.1591 0.9850 -0.0672
vn -0.3989 0.7751 -0.4899
vn 0.0916 0.8973 -0.4317
vn -0.7040 0.7097 0.0257
vn -0.7235 0.6901 0.0137
vn -0.9601 0.2794 -0.0020
vn -0.9557 0.2942 0.0124
vn -0.9994 0.0311 -0.0116
vn -0.9995 0.0307 0.0040
vn -0.6597 0.6485 -0.3798
vn -0.6827 0.6888 -0.2436
vn -0.9024 0.2776 -0.3296
vn -0.8397 0.2465 -0.4837
vn -0.6889 0.7111 -0.1402
vn -0.9327 0.2974 -0.2039
vn -0.9755 0.0360 -0.2171
vn -0.9384 0.0383 -0.3433
vn -0.8670 0.0404 -0.4967
vn 0.0436 0.9973 0.0584
vn 0.0049 0.9991 0.0405
vn -0.3073 0.9470 -0.0934
vn -0.2956 0.9422 -0.1578
vn -0.0198 0.9995 0.0258
vn -0.3129 0.9486 -0.0473
vn 0.7345 -0.0412 0.6774
vn 0.8074 -0.0410 0.5885
vn 0.7852 0.2468 0.5679
vn 0.7239 0.1874 0.6640
vn 0.8914 -0.0398 0.4514
vn 0.8350 0.3554 0.4201
vn 0.5920 0.7484 0.2991
vn 0.6214 0.6388 0.4536
vn 0.5926 0.5919 0.5463
vn -0.6938 0.7190 -0.0408
vn -0.9502 0.3022 -0.0761
vn -0.9957 0.0330 -0.0865
vn 0.5146 0.8432 0.1555
vn 0.3102 0.9503 0.0277
vn 0.4416 0.8722 0.2104
vn 0.2534 0.9577 -0.1362
vn 0.1461 0.9880 -0.0497
vn 0.1657 0.9861 -0.0088
vn 0.1460 0.9861 0.0797
vn 0.3488 0.9266 0.1403
vn 0.4134 0.8741 0.2551
vn 0.9561 -0.0374 0.2908
vn 0.8569 0.4402 0.2680
vn 0.5323 0.7260 -0.4353
vn 0.3619 0.9166 -0.1697
vn 0.7252 0.5974 -0.3421
vn 0.4458 0.8782 -0.1734
vn 0.1468 0.9871 -0.0630
vn 0.1442 0.9883 -0.0497
vn 0.7724 0.5504 -0.3169
vn 0.4782 0.8598 -0.1791
vn 0.7825 0.5669 -0.2573
vn 0.4681 0.8695 -0.1574
vn 0.1095 0.9911 -0.0751
vn 0.1380 0.9874 -0.0772
vn 0.6664 -0.0411 0.7444
vn 0.6602 0.1614 0.7335
vn 0.5509 0.5690 0.6104
vn 0.0682 0.9946 0.0775
vn -0.2744 0.9302 -0.2438
vn -0.5930 0.5984 -0.5386
vn -0.7257 0.2160 -0.6532
vn -0.7449 0.0412 -0.6659
vn 0.2136 -0.0333 0.9763
vn 0.5093 -0.0392 0.8597
vn 0.5033 0.1726 0.8467
vn 0.2190 0.1723 0.9604
vn 0.4132 0.5949 0.6894
vn 0.1863 0.5752 0.7965
vn 0.0422 0.9947 0.0937
vn 0.0512 0.9955 0.0800
vn -0.1040 0.9240 -0.3680
vn -0.0589 0.9273 -0.3696
vn -0.2387 0.5867 -0.7738
vn -0.1549 0.5904 -0.7921
vn -0.2929 0.2067 -0.9335
vn -0.1997 0.2062 -0.9579
vn -0.3013 0.0353 -0.9528
vn -0.2089 0.0331 -0.9774
vn 0.0663 0.5428 -0.8372
vn -0.0269 0.5667 -0.8234
vn -0.0497 0.1926 -0.9800
vn 0.0634 0.1800 -0.9816
vn -0.0582 0.0291 -0.9979
vn 0.0585 0.0255 -0.9980
vn 0.0257 0.9956 0.0898
vn 0.0278 0.9948 0.0978
vn 0.0034 0.9177 -0.3972
vn 0.0512 0.9051 -0.4221
vn -0.0504 -0.0258 0.9984
vn -0.0915 -0.0244 0.9955
vn -0.0826 0.1627 0.9832
vn -0.0453 0.1644 0.9853
vn -0.0518 0.5647 0.8236
vn -0.0232 0.5716 0.8202
vn 0.0775 -0.0297 0.9965
vn 0.0248 -0.0281 0.9993
vn 0.0294 0.1738 0.9843
vn 0.0809 0.1879 0.9788
vn 0.0357 0.5892 0.8072
vn 0.0757 0.6136 0.7860
vn 0.0207 0.9960 0.0867
vn 0.0257 0.9960 0.0849
vn 0.0739 0.9063 -0.4160
vn 0.1050 0.9161 -0.3869
vn 0.1128 0.5482 -0.8287
vn 0.1868 0.5677 -0.8018
vn 0.1210 0.1811 -0.9760
vn 0.2131 0.1870 -0.9589
vn 0.1182 0.0236 -0.9927
vn 0.2114 0.0202 -0.9772
vn 0.5565 0.4994 -0.6639
vn 0.3905 0.5551 -0.7344
vn 0.4492 0.1729 -0.8765
vn 0.6230 0.1465 -0.7683
vn 0.4463 0.0107 -0.8948
vn 0.6242 0.0021 -0.7812
vn -0.0215 0.9962 0.0838
vn -0.0133 0.9949 0.1001
vn 0.1933 0.9179 -0.3464
vn 0.3107 0.8868 -0.3421
vn -0.4692 -0.0098 0.8830
vn -0.0006 -0.0273 0.9996
vn 0.0094 0.2031 0.9791
vn -0.4373 0.2060 0.8754
vn 0.0393 0.6189 0.7844
vn -0.3227 0.5981 0.7335
vn -0.3480 -0.0149 0.9374
vn -0.6931 0.0016 0.7208
vn -0.6636 0.1926 0.7229
vn -0.3244 0.2620 0.9089
vn -0.3908 0.6445 0.6572
vn -0.1806 0.6987 0.6923
vn 0.0388 0.9986 0.0359
vn 0.0466 0.9980 0.0427
vn 0.2669 0.8904 -0.3686
vn 0.0181 0.9338 -0.3572
vn 0.3971 0.5580 -0.7286
vn -0.0349 0.6350 -0.7717
vn 0.4400 0.1864 -0.8784
vn -0.0712 0.2410 -0.9679
vn 0.4493 0.0106 -0.8933
vn -0.0762 0.0295 -0.9966
vn -0.4327 0.6206 -0.6539
vn -0.3391 0.6460 -0.6839
vn -0.4413 0.2452 -0.8632
vn -0.5449 0.2291 -0.8066
vn -0.4588 0.0384 -0.8877
vn -0.5619 0.0401 -0.8262
vn 0.0539 0.9963 0.0661
vn 0.0437 0.9973 0.0578
vn -0.1366 0.9430 -0.3034
vn -0.1869 0.9357 -0.2993
vn 0.3220 -0.0358 0.9460
vn 0.0829 -0.0298 0.9961
vn 0.0825 0.2618 0.9616
vn 0.3156 0.2183 0.9234
vn 0.0505 0.6740 0.7370
vn 0.2409 0.6341 0.7348
vn 0.4837 -0.0389 0.8744
vn 0.4780 0.1804 0.8596
vn 0.3909 0.6020 0.6962
vn 0.0575 0.9963 0.0633
vn -0.2355 0.9224 -0.3060
vn -0.5037 0.5879 -0.6330
vn -0.6129 0.2128 -0.7609
vn -0.6283 0.0407 -0.7769
vn 0.9748 -0.0240 -0.2216
vn 0.9640 0.1592 -0.2127
vn 0.8042 0.5713 -0.1636
vn 0.0063 0.9998 0.0169
vn -0.2964 0.9541 0.0418
vn -0.6297 0.7746 0.0587
vn -0.9268 0.3695 0.0670
vn -0.9977 0.0293 0.0613
vn -0.6572 0.7017 -0.2751
vn -0.5940 0.7463 -0.3001
vn -0.8402 0.3551 -0.4098
vn -0.8686 0.3180 -0.3800
vn -0.4198 0.8838 -0.2064
vn -0.8230 0.4834 -0.2983
vn -0.9451 0.0379 -0.3244
vn -0.8992 0.0393 -0.4357
vn -0.9134 0.0390 -0.4052
vn 0.0011 0.9998 0.0211
vn 0.0027 1.0000 -0.0002
vn -0.3260 0.9290 -0.1748
vn -0.3605 0.9229 -0.1353
vn 0.0116 0.9995 -0.0292
vn -0.1279 0.9828 -0.1327
vn 0.9589 -0.0372 0.2811
vn 0.9157 -0.0391 0.3998
vn 0.9049 0.1729 0.3889
vn 0.9533 0.1085 0.2818
vn 0.8500 -0.0403 0.5252
vn 0.8064 0.3506 0.4761
vn 0.5246 0.8105 0.2603
vn 0.7557 0.5762 0.3113
vn 0.8449 0.4680 0.2588
vn 0.9839 -0.0349 0.1748
vn 0.9773 0.1153 0.1775
vn 0.8592 0.4828 0.1689
vn 0.0058 0.9996 0.0253
vn -0.3496 0.9330 -0.0850
vn -0.6620 0.7237 -0.1949
vn -0.8980 0.3348 -0.2852
vn -0.9504 0.0376 -0.3087
vn -0.3088 0.9492 -0.0602
vn -0.8265 0.5494 -0.1224
vn -0.9864 0.0349 -0.1608
vn 0.3234 0.9148 0.2418
vn 0.0558 0.9984 0.0016
vn 0.2187 0.9724 0.0806
vn 0.0784 0.9962 0.0368
vn 0.1115 0.9930 -0.0384
vn 0.0599 0.9982 -0.0077
vn -0.0228 0.9997 0.0042
vn 0.2379 0.9686 0.0726
vn 0.4003 0.8899 0.2186
vn 0.2921 0.9453 0.1448
vn 0.1788 0.9787 0.1003
vn 0.0444 0.9980 0.0458
vn -0.1222 0.9923 -0.0200
vn -0.0602 0.9981 -0.0101
vn 0.0420 0.9988 0.0229
vn 0.7550 -0.0409 0.6544
vn 0.6701 0.4639 0.5795
vn 0.1020 0.9927 -0.0643
vn 0.0119 0.9985 -0.0535
vn 0.2981 0.8609 -0.4122
vn -0.1320 0.8648 -0.4845
vn 0.9169 -0.0390 0.3973
vn 0.8485 -0.0407 0.5276
vn 0.8451 0.0973 0.5256
vn 0.9123 0.0972 0.3978
vn 0.7601 0.4465 0.4721
vn 0.8213 0.4379 0.3655
vn 0.0931 0.9941 0.0546
vn 0.0871 0.9944 0.0590
vn -0.4836 0.8445 -0.2301
vn -0.5178 0.8377 -0.1733
vn -0.8064 0.4394 -0.3956
vn -0.8470 0.4359 -0.3042
vn -0.8870 0.1487 -0.4372
vn -0.9283 0.1484 -0.3410
vn -0.8960 0.0399 -0.4422
vn -0.9371 0.0382 -0.3468
vn -0.3370 0.9012 -0.2723
vn -0.3089 0.9299 -0.1994
vn -0.6771 0.5175 -0.5231
vn -0.7091 0.4529 -0.5404
vn -0.5176 0.8372 -0.1766
vn -0.8133 0.4151 -0.4076
vn -0.8772 0.0403 -0.4785
vn -0.7879 0.0414 -0.6144
vn -0.8002 0.0412 -0.5983
vn 0.4822 0.8756 0.0280
vn 0.4216 0.8998 0.1120
vn 0.0123 0.9971 0.0754
vn 0.0977 0.9928 0.0690
vn 0.5809 0.7838 0.2194
vn 0.3992 0.8664 0.3001
vn 0.5487 0.7755 0.3121
vn 0.2635 0.9045 0.3351
vn 0.0868 0.9867 0.1375
vn -0.2032 0.9762 0.0752
vn -0.3593 0.9309 -0.0659
vn -0.3744 0.9265 -0.0380
vn -0.4419 0.8939 -0.0754
vn -0.2221 0.9746 -0.0266
vn 0.0545 0.9984 0.0151
vn 0.0991 0.9944 0.0360
vn 0.0743 0.9961 0.0476
vn -0.1707 0.9853 -0.0099
vn -0.0518 0.9985 -0.0149
vn 0.0232 0.9967 0.0778
vn 0.0520 0.9864 0.1554
vn -0.0759 0.8736 0.4807
vn -0.0289 0.9900 0.1377
vn 0.0025 0.9959 0.0902
vn 0.9992 -0.0315 0.0240
vn 0.9916 -0.0338 0.1250
vn 0.8854 0.4476 0.1254
vn 0.9295 0.3686 0.0144
vn 0.9762 -0.0356 0.2138
vn 0.9112 0.3402 0.2324
vn -0.7806 0.5799 -0.2330
vn -0.9207 0.2252 -0.3186
vn -0.9393 0.0380 -0.3408
vn 0.0867 0.9949 0.0509
vn -0.4482 0.8884 -0.0988
vn 0.9563 -0.0370 0.2898
vn 0.9390 0.1679 0.3001
vn 0.7831 0.5518 0.2868
vn 0.9993 -0.0302 -0.0198
vn 0.9989 -0.0297 -0.0366
vn 0.9729 0.2284 -0.0345
vn 0.9442 0.2764 0.1790
vn 0.5803 0.8135 0.0385
vn 0.6496 0.7497 0.1256
vn -0.1791 0.8300 0.5283
vn -0.0344 0.9878 0.1518
vn -0.2029 0.9535 0.2228
vn -0.4819 0.7262 0.4903
vn -0.5553 0.6861 0.4700
vn -0.7402 0.4703 0.4806
vn -0.6147 0.7757 -0.1428
vn -0.4796 0.8419 -0.2472
vn -0.8171 0.3396 -0.4657
vn -0.9170 0.3621 -0.1672
vn -0.8657 0.0404 -0.4989
vn -0.9171 0.0390 -0.3966
vn -0.0843 0.8402 0.5356
vn 0.0131 0.9883 0.1522
vn -0.0918 0.9950 0.0382
vn -0.4480 0.8459 0.2893
vn -0.3267 0.9435 0.0556
vn -0.3232 0.9387 0.1196
vn -0.8242 0.5661 0.0147
vn -0.8284 0.5598 -0.0202
vn -0.9985 0.0319 -0.0435
vn -0.9975 0.0324 -0.0628
vn 0.2869 0.9169 0.2773
vn 0.2617 0.8923 0.3679
vn -0.0105 0.9783 0.2067
vn 0.0040 0.9913 0.1317
vn 0.8166 -0.0410 0.5756
vn 0.7473 -0.0412 0.6631
vn 0.6346 0.4743 0.6101
vn 0.6894 0.5008 0.5234
vn 0.9942 -0.0335 0.1019
vn 0.9326 -0.0387 0.3589
vn 0.7969 0.5183 0.3103
vn 0.9007 0.4284 0.0720
vn 0.3399 0.9328 0.1200
vn 0.4946 0.8688 -0.0212
vn 0.0003 1.0000 -0.0010
vn 0.1835 0.9805 -0.0704
vn -0.3847 0.9207 -0.0662
vn -0.5716 0.8069 -0.1486
vn -0.1209 0.9926 -0.0135
vn 0.1783 0.9828 0.0490
vn 0.2591 0.9533 0.1552
vn 0.1881 0.9785 0.0840
vn -0.0272 0.9963 0.0809
vn -0.2572 0.9658 -0.0326
vn -0.1547 0.9878 -0.0150
vn -0.1552 0.9879 -0.0050
vn -0.0952 0.9950 -0.0311
vn 0.0316 0.9971 -0.0683
vn -0.8512 0.5049 -0.1430
vn -0.9144 0.3564 -0.1921
vn -0.9855 0.0349 -0.1660
vn -0.9805 0.0355 -0.1931
vn -0.7787 0.6101 -0.1459
vn -0.9600 0.2188 -0.1745
vn -0.9835 0.0352 -0.1775
vn 0.7026 0.6961 -0.1471
vn 0.3740 0.9201 -0.1159
vn 0.0640 0.9955 -0.0691
vn 0.9573 -0.0213 -0.2881
vn 0.9886 -0.0264 -0.1479
vn 0.9525 0.2563 -0.1643
vn 0.9305 0.1661 -0.3262
vn 0.5879 0.7667 0.2578
vn 0.5065 0.8291 0.2365
vn 0.5809 0.7701 0.2633
vn 0.5029 0.8334 0.2292
vn 0.0557 0.9974 0.0454
vn 0.0779 0.9937 0.0807
vn 0.5213 0.7920 0.3177
vn 0.4499 0.8506 0.2719
vn 0.4476 0.8208 0.3549
vn 0.3864 0.8716 0.3017
vn 0.0506 0.9977 0.0447
vn 0.0500 0.9979 0.0415
vn 0.3057 0.8789 0.3662
vn 0.2232 0.9017 0.3703
vn 0.1948 0.9321 0.3053
vn 0.2629 0.9148 0.3065
vn 0.1219 0.9304 0.3458
vn 0.1160 0.9545 0.2746
vn 0.0155 0.9998 0.0109
vn 0.0329 0.9988 0.0345
vn 0.0414 0.9982 0.0420
vn 0.0265 0.9612 0.2746
vn 0.0435 0.9784 0.2021
vn -0.0015 0.9765 0.2156
vn 0.0190 0.9893 0.1447
vn 0.0635 0.9936 -0.0930
vn 0.0058 0.9992 -0.0393
vn -0.0014 0.9704 0.2414
vn -0.0112 0.9828 0.1841
vn 0.0562 0.9483 0.3124
vn -0.0358 0.9583 0.2836
vn 0.0591 0.9979 0.0276
vn 0.1469 0.9861 -0.0775
vn 0.0499 0.9232 0.3811
vn 0.0215 0.9427 0.3329
vn 0.0461 0.9054 0.4220
vn 0.0381 0.9328 0.3582
vn 0.0338 0.9981 0.0518
vn 0.0380 0.9974 0.0605
vn 0.0307 0.8925 0.4501
vn 0.0286 0.9236 0.3822
vn 0.0050 0.8821 0.4709
vn 0.0106 0.9171 0.3985
vn 0.0317 0.9981 0.0519
vn 0.0322 0.9981 0.0526
vn -0.0012 0.8825 0.4703
vn 0.0073 0.9158 0.4014
vn 0.1106 0.9007 0.4201
vn 0.0994 0.9230 0.3716
vn 0.0364 0.9954 0.0887
vn 0.0245 0.9975 0.0664
vn 0.2239 0.8983 0.3780
vn 0.1900 0.9265 0.3249
vn 0.2381 0.8895 0.3900
vn 0.2018 0.9209 0.3335
vn 0.0452 0.9977 0.0505
vn 0.0468 0.9974 0.0543
vn 0.2895 0.8766 0.3843
vn 0.3185 0.8798 0.3527
vn 0.2737 0.9110 0.3083
vn 0.2498 0.9092 0.3329
vn 0.3455 0.8778 0.3317
vn 0.2940 0.9087 0.2962
vn 0.0644 0.9912 0.1155
vn 0.0540 0.9953 0.0801
vn 0.0519 0.9965 0.0649
vn 0.3775 0.8753 0.3022
vn 0.3143 0.9129 0.2604
vn 0.0983 0.9859 0.1353
vn 0.2554 0.8797 0.4012
vn 0.2191 0.9124 0.3456
vn 0.0483 0.9972 0.0575
vn 0.3772 0.8520 0.3629
vn 0.3252 0.8945 0.3067
vn 0.0477 0.9978 0.0456
vn 0.3692 0.9257 0.0825
vn 0.3822 0.9159 0.1226
vn 0.3681 0.9216 0.1229
vn 0.3579 0.9300 0.0832
vn 0.3945 0.9028 0.1712
vn 0.3760 0.9113 0.1677
vn 0.4006 0.8923 0.2080
vn 0.3693 0.9095 0.1910
vn 0.2802 0.9590 -0.0430
vn 0.3162 0.9485 -0.0181
vn 0.3028 0.9529 -0.0155
vn 0.2676 0.9628 -0.0375
vn 0.3418 0.9397 0.0135
vn 0.3282 0.9445 0.0147
vn 0.2929 0.9561 0.0017
vn 0.2930 0.9556 -0.0292
vn 0.2921 0.9559 -0.0316
vn 0.2985 0.9544 -0.0033
vn 0.2777 0.9594 -0.0492
vn 0.2785 0.9591 -0.0511
vn 0.2519 0.9538 -0.1635
vn 0.2344 0.9528 -0.1932
vn 0.2314 0.9519 -0.2008
vn 0.2533 0.9523 -0.1699
vn 0.1954 0.9590 -0.2052
vn 0.1892 0.9573 -0.2184
vn 0.1403 0.9721 -0.1879
vn 0.1676 0.9757 -0.1407
vn 0.1584 0.9811 -0.1108
vn 0.1358 0.9751 -0.1750
vn 0.2054 0.9751 -0.0832
vn 0.1968 0.9780 -0.0692
vn 0.1545 0.9662 -0.2065
vn 0.1466 0.9664 -0.2109
vn 0.1558 0.9813 0.1131
vn 0.1812 0.9781 0.1018
vn 0.1831 0.9774 0.1054
vn 0.1536 0.9814 0.1150
vn 0.2197 0.9721 0.0815
vn 0.2275 0.9702 0.0839
vn 0.3573 0.9327 0.0480
vn 0.3453 0.9372 0.0488
vn 0.2403 0.9688 -0.0607
vn 0.2313 0.9715 -0.0522
vn 0.2588 0.9609 -0.0979
vn 0.2706 0.9564 -0.1097
vn 0.2633 0.9636 0.0456
vn 0.2748 0.9605 0.0427
vn 0.1552 0.9823 0.1046
vn 0.1370 0.9852 0.1031
vn -0.0772 0.9970 0.0085
vn -0.0814 0.9947 0.0630
vn 0.0115 0.9992 0.0371
vn -0.0041 0.9996 0.0287
vn -0.0224 0.9992 0.0324
vn -0.0582 0.9955 0.0741
vn -0.0856 0.9911 0.1014
vn -0.0173 0.9998 0.0135
vn -0.0098 0.9998 0.0164
vn -0.3290 0.9441 0.0223
vn -0.3154 0.9485 0.0269
vn 0.0060 0.9999 0.0133
vn -0.3489 0.9371 -0.0026
vn 0.0443 0.9989 0.0124
vn -0.3703 0.9286 -0.0216
vn 0.1087 0.9939 0.0173
vn -0.3868 0.9214 -0.0366
vn 0.1590 0.9869 0.0270
vn -0.3443 0.9366 -0.0640
vn -0.0224 0.9996 0.0139
vn -0.3119 0.9501 -0.0036
vn 0.7384 -0.0040 -0.6744
vn 0.6416 0.3608 -0.6769
vn 0.3712 0.7899 -0.4881
vn 0.0317 0.9986 0.0427
vn -0.0368 0.7696 -0.6375
vn -0.2024 0.3719 -0.9059
vn -0.3197 0.0357 -0.9468
vn -0.0907 0.9958 -0.0086
vn -0.1175 0.9930 0.0040
vn -0.0953 0.9954 0.0031
vn -0.1737 0.9847 0.0150
vn -0.1827 0.9831 -0.0047
vn -0.1884 0.9820 -0.0126
vn -0.1932 0.9810 -0.0168
vn -0.1788 0.9837 -0.0174
vn -0.1686 0.9856 -0.0122
vn -0.1821 0.9832 -0.0138
vn -0.1512 0.9884 -0.0136
vn -0.1269 0.9919 0.0028
vn -0.1859 0.9825 -0.0059
vn -0.1801 0.9836 0.0126
vn -0.1078 0.9940 0.0161
vn -0.1719 0.9847 0.0270
vn -0.3641 0.9276 -0.0834
vn -0.3560 0.9256 -0.1284
vn -0.3164 0.9420 -0.1118
vn -0.3483 0.9335 -0.0852
vn -0.3117 0.9356 -0.1655
vn -0.2572 0.9485 -0.1849
vn -0.2262 0.9610 -0.1591
vn -0.2726 0.9516 -0.1416
vn -0.1136 0.9747 -0.1922
vn -0.1579 0.9698 -0.1859
vn -0.0793 0.9768 -0.1987
vn -0.0642 0.9850 -0.1604
vn -0.0966 0.9821 -0.1613
vn -0.1366 0.9779 -0.1583
vn -0.0383 0.9771 -0.2092
vn 0.0655 0.9705 -0.2318
vn 0.0444 0.9869 -0.1550
vn -0.0273 0.9877 -0.1540
vn 0.2207 0.9434 -0.2473
vn 0.2089 0.9514 -0.2259
vn 0.1914 0.9617 -0.1963
vn 0.1540 0.9723 -0.1756
vn 0.0809 0.9742 -0.2109
vn 0.0358 0.9733 -0.2266
vn 0.0394 0.9786 -0.2020
vn 0.0864 0.9767 -0.1966
vn 0.0360 0.9687 -0.2454
vn 0.0442 0.9650 -0.2586
vn 0.0422 0.9727 -0.2282
vn 0.0374 0.9753 -0.2176
vn 0.0363 0.9673 -0.2510
vn -0.0240 0.9762 -0.2154
vn -0.0194 0.9779 -0.2080
vn 0.0355 0.9731 -0.2278
vn -0.0820 0.9763 -0.2004
vn -0.0941 0.9731 -0.2102
vn -0.0791 0.9790 -0.1877
vn -0.0690 0.9810 -0.1812
vn -0.1582 0.9762 -0.1484
vn -0.1363 0.9706 -0.1981
vn -0.1665 0.9831 -0.0758
vn -0.1681 0.9825 -0.0798
vn -0.1475 0.9792 -0.1395
vn -0.1224 0.9755 -0.1830
vn -0.1540 0.9880 -0.0128
vn -0.1835 0.9825 -0.0312
vn -0.1094 0.9701 -0.2165
vn -0.0952 0.9758 -0.1967
vn -0.2062 0.9607 -0.1856
vn -0.1811 0.9704 -0.1599
vn 0.3093 -0.0356 0.9503
vn 0.2227 0.5289 0.8189
vn 0.0129 0.8784 0.4777
vn -0.1097 0.9414 0.3190
vn -0.3102 0.9032 0.2966
vn -0.7522 0.5911 0.2911
vn -0.9648 0.0226 0.2622
vn -0.2314 0.9726 -0.0225
vn -0.2318 0.9727 -0.0014
vn -0.2934 0.9560 -0.0032
vn -0.2948 0.9545 -0.0437
vn -0.2310 0.9727 0.0233
vn -0.2864 0.9576 0.0304
vn -0.0715 0.9973 0.0113
vn -0.0915 0.9958 0.0030
vn -0.0901 0.9959 0.0064
vn -0.2612 0.9652 -0.0134
vn -0.2639 0.9642 -0.0239
vn -0.3351 0.9420 -0.0175
vn -0.3515 0.9361 -0.0103
vn 0.1232 0.9918 0.0348
vn 0.0320 0.9995 0.0047
vn -0.2460 0.9691 0.0132
vn -0.2568 0.9664 -0.0043
vn -0.3308 0.9437 -0.0019
vn -0.3073 0.9514 0.0162
vn -0.0181 0.9998 0.0035
vn -0.0429 0.9990 0.0116
vn -0.2342 0.9717 0.0304
vn -0.2894 0.9565 0.0359
vn -0.0545 0.9983 0.0184
vn -0.4352 0.8945 -0.1019
vn -0.5109 0.8503 -0.1260
vn -0.4117 0.9003 -0.1415
vn -0.5170 0.8361 -0.1834
vn 0.0133 0.9998 0.0149
vn 0.0301 0.9994 0.0139
vn -0.3644 0.9132 -0.1822
vn -0.4647 0.8538 -0.2346
vn -0.3070 0.9293 -0.2052
vn -0.3980 0.8780 -0.2657
vn 0.0105 0.9999 0.0110
vn 0.0131 0.9998 0.0143
vn -0.1999 0.9562 -0.2135
vn -0.1476 0.9645 -0.2190
vn -0.1986 0.9380 -0.2840
vn -0.2629 0.9244 -0.2764
vn -0.1069 0.9712 -0.2128
vn -0.1497 0.9483 -0.2797
vn 0.0201 0.9998 0.0074
vn 0.0202 0.9997 0.0122
vn 0.0196 0.9997 0.0133
vn -0.0644 0.9754 -0.2106
vn -0.0938 0.9583 -0.2701
vn 0.0446 0.9698 -0.2396
vn 0.0329 0.9585 -0.2831
vn 0.0176 0.9985 0.0509
vn 0.0276 0.9995 0.0177
vn 0.2156 0.9422 -0.2563
vn 0.2271 0.9221 -0.3134
vn 0.2141 0.9470 -0.2394
vn 0.2922 0.8972 -0.3310
vn 0.0802 0.9966 -0.0157
vn -0.0149 0.9989 0.0432
vn 0.1144 0.9639 -0.2402
vn 0.1649 0.9238 -0.3456
vn 0.0584 0.9611 -0.2698
vn 0.0723 0.9286 -0.3639
vn 0.0356 0.9993 -0.0096
vn 0.0699 0.9969 -0.0342
vn 0.0484 0.9550 -0.2926
vn 0.0556 0.9199 -0.3882
vn 0.0462 0.9519 -0.3029
vn 0.0505 0.9146 -0.4012
vn 0.0337 0.9994 -0.0082
vn 0.0326 0.9995 -0.0045
vn 0.0234 0.9579 -0.2861
vn 0.0220 0.9205 -0.3902
vn -0.0342 0.9674 -0.2510
vn -0.0552 0.9326 -0.3566
vn 0.0236 0.9993 -0.0289
vn 0.0369 0.9990 -0.0235
vn -0.0847 0.9656 -0.2456
vn -0.1181 0.9354 -0.3333
vn -0.1008 0.9611 -0.2573
vn -0.1379 0.9286 -0.3445
vn 0.0163 0.9998 -0.0017
vn 0.0162 0.9998 -0.0054
vn -0.1596 0.9598 -0.2309
vn -0.1902 0.9662 -0.1741
vn -0.2610 0.9328 -0.2485
vn -0.2209 0.9207 -0.3217
vn -0.2096 0.9720 -0.1063
vn -0.2801 0.9462 -0.1620
vn -0.0398 0.9992 -0.0016
vn -0.0132 0.9998 -0.0148
vn 0.0027 0.9998 -0.0211
vn -0.2243 0.9731 -0.0526
vn -0.2896 0.9528 -0.0909
vn -0.0691 0.9976 0.0092
vn -0.1230 0.9579 -0.2593
vn -0.1694 0.9201 -0.3531
vn 0.0121 0.9998 -0.0126
vn -0.2530 0.9445 -0.2092
vn -0.3317 0.9032 -0.2723
vn 0.0130 0.9998 0.0101
vn -0.1126 0.9890 -0.0954
vn -0.1442 0.9849 -0.0959
vn -0.0826 0.9921 -0.0944
vn -0.0495 0.9916 -0.1195
vn -0.0382 0.9926 -0.1151
vn -0.0687 0.9918 -0.1078
vn -0.1346 0.9909 -0.0051
vn -0.1115 0.9931 -0.0355
vn -0.1487 0.9889 0.0001
vn -0.0889 0.9931 -0.0767
vn -0.0305 0.9935 -0.1095
vn -0.0017 0.9928 -0.1193
vn 0.0307 0.9902 -0.1362
vn 0.0389 0.9892 -0.1410
vn 0.0379 0.9902 -0.1342
vn 0.0411 0.9916 -0.1227
vn 0.0717 0.9909 -0.1136
vn 0.1299 0.9850 -0.1129
vn 0.1168 0.9872 -0.1087
vn 0.0384 0.9947 -0.0950
vn -0.0113 0.9960 -0.0887
vn -0.0342 0.9951 -0.0929
vn -0.0555 0.9938 -0.0957
vn -0.1779 0.9803 -0.0855
vn -0.2109 0.9753 -0.0659
vn -0.2532 0.9662 -0.0473
vn -0.1370 0.9904 0.0201
vn -0.1426 0.9897 0.0110
vn -0.1375 0.9905 0.0064
vn -0.1289 0.9916 -0.0109
vn -0.1038 0.9944 -0.0200
vn -0.0836 0.9963 -0.0204
vn -0.1502 0.9886 -0.0021
vn 0.1001 0.9948 0.0151
vn 0.1053 0.9928 0.0574
vn 0.1135 0.9935 -0.0003
vn 0.4381 0.8960 0.0726
vn 0.3405 0.9398 0.0264
vn 0.2369 0.9714 0.0156
vn 0.1700 0.9854 0.0119
vn 0.1355 0.9907 0.0067
vn 0.4400 0.8889 0.1277
vn 0.4376 0.8817 0.1760
vn 0.3949 0.8937 0.2129
vn 0.3420 0.9102 0.2334
vn 0.1933 0.9509 0.2416
vn 0.2397 0.9413 0.2375
vn 0.1597 0.9584 0.2365
vn 0.1222 0.9655 0.2298
vn 0.0325 0.9695 0.2430
vn -0.1118 0.9571 0.2673
vn -0.1635 0.9464 0.2784
vn -0.0778 0.9553 0.2853
vn -0.0102 0.9536 0.3007
vn 0.0051 0.9475 0.3197
vn 0.0129 0.9445 0.3283
vn 0.0379 0.9478 0.3167
vn 0.0876 0.9523 0.2923
vn 0.1260 0.9514 0.2808
vn 0.1410 0.9465 0.2903
vn 0.2165 0.9524 0.2147
vn 0.2026 0.9411 0.2705
vn 0.1874 0.9702 0.1538
vn 0.1384 0.9850 0.1032
vn 0.1657 0.9407 0.2960
vn 0.2907 0.9272 0.2360
vn 0.4212 0.8063 0.4153
vn 0.4962 0.7698 0.4015
vn 0.3425 0.8393 0.4222
vn 0.2949 0.8373 0.4604
vn 0.2769 0.8509 0.4463
vn 0.3324 0.8324 0.4434
vn 0.4476 0.8284 0.3366
vn 0.3980 0.8374 0.3745
vn 0.3655 0.8377 0.4057
vn 0.2636 0.8605 0.4359
vn 0.1231 0.8549 0.5040
vn -0.0146 0.8388 0.5442
vn 0.0012 0.8424 0.5388
vn 0.0348 0.8550 0.5175
vn 0.0573 0.8708 0.4884
vn 0.0674 0.8842 0.4623
vn -0.0406 0.8956 0.4430
vn -0.0199 0.9326 0.3603
vn -0.0110 0.9470 0.3210
vn 0.0164 0.9217 0.3876
vn 0.1348 0.8908 0.4339
vn 0.2509 0.8644 0.4357
vn 0.5740 0.7378 0.3551
vn 0.6343 0.7172 0.2886
vn 0.6208 0.7384 0.2633
vn 0.0522 0.9915 0.1192
vn 0.3296 0.8216 0.4651
vn 0.4261 0.4491 0.7853
vn 0.3078 0.6500 0.6948
vn 0.1501 0.9351 0.3208
vn 0.2106 0.6981 0.6843
vn 0.0686 0.9959 0.0584
vn 0.0842 0.9943 0.0653
vn 0.0736 0.9955 0.0586
vn 0.0818 0.9945 0.0652
vn 0.1016 0.9939 0.0433
vn 0.1179 0.9925 0.0308
vn 0.1289 0.9910 0.0345
vn 0.1102 0.9927 0.0487
vn 0.1261 0.9919 0.0172
vn 0.1420 0.9897 0.0170
vn 0.1194 0.9928 0.0007
vn 0.1162 0.9929 -0.0233
vn 0.1270 0.9915 -0.0255
vn 0.1355 0.9908 -0.0043
vn 0.1108 0.9929 -0.0435
vn 0.1257 0.9906 -0.0542
vn 0.0861 0.9962 -0.0152
vn 0.0986 0.9951 -0.0091
vn 0.1175 0.9930 -0.0139
vn 0.1026 0.9944 -0.0227
vn 0.1120 0.9937 -0.0052
vn 0.1350 0.9908 -0.0085
vn 0.1388 0.9902 0.0128
vn 0.1476 0.9886 0.0273
vn 0.1740 0.9843 0.0305
vn 0.1651 0.9861 0.0139
vn 0.1532 0.9872 0.0442
vn 0.1796 0.9825 0.0494
vn 0.0856 0.9950 0.0512
vn 0.0934 0.9940 0.0576
vn 0.0920 0.9945 -0.0491
vn 0.0773 0.9959 -0.0464
vn 0.0855 0.9940 -0.0672
vn 0.1031 0.9923 -0.0678
vn 0.0698 0.9966 -0.0427
vn 0.0777 0.9951 -0.0611
vn 0.0741 0.9968 -0.0290
vn 0.0869 0.9951 -0.0456
vn 0.1050 0.9933 -0.0485
vn 0.1193 0.9907 -0.0651
vn 0.1241 0.9922 0.0085
vn 0.1424 0.9898 0.0044
vn 0.1265 0.9919 0.0017
vn 0.1518 0.9884 0.0005
vn 0.1617 0.9834 0.0821
vn 0.1699 0.9808 0.0956
vn 0.2185 0.9681 0.1224
vn 0.1940 0.9763 0.0952
vn 0.1570 0.9856 0.0629
vn 0.1853 0.9801 0.0709
vn 0.0089 0.9997 0.0222
vn 0.0026 0.9996 0.0277
vn -0.2346 0.9717 -0.0247
vn -0.2166 0.9762 -0.0086
vn -0.0003 0.9996 0.0264
vn -0.2477 0.9673 -0.0541
vn -0.0958 0.9954 -0.0064
vn -0.0890 0.9960 0.0049
vn -0.0808 0.9967 0.0088
vn 0.0195 0.9995 0.0237
vn -0.2429 0.9673 -0.0723
vn -0.1099 0.9938 -0.0168
vn 0.0076 0.9996 0.0264
vn 0.0046 0.9998 0.0180
vn -0.1718 0.9838 0.0507
vn -0.1411 0.9866 0.0816
vn 0.0065 0.9999 0.0141
vn -0.1909 0.9814 0.0224
vn -0.0665 0.9976 0.0179
vn -0.0577 0.9978 0.0311
vn -0.0435 0.9980 0.0460
vn 0.0248 0.9994 0.0256
vn 0.0216 0.9994 0.0285
vn -0.1562 0.9858 0.0607
vn -0.1585 0.9863 0.0449
vn 0.0262 0.9993 0.0279
vn -0.1460 0.9862 0.0773
vn -0.0551 0.9971 0.0526
vn -0.0575 0.9973 0.0441
vn -0.0615 0.9974 0.0381
vn 0.0215 0.9991 0.0344
vn 0.0198 0.9990 0.0390
vn -0.1216 0.9782 0.1680
vn -0.1291 0.9774 0.1675
vn 0.0223 0.9991 0.0372
vn -0.1001 0.9821 0.1595
vn -0.0288 0.9954 0.0915
vn -0.0389 0.9948 0.0934
vn -0.0444 0.9945 0.0950
vn 0.0274 0.9993 0.0244
vn 0.0246 0.9988 0.0414
vn -0.0530 0.9854 0.1614
vn -0.0517 0.9855 0.1615
vn 0.0185 0.9988 0.0449
vn -0.0773 0.9880 0.1339
vn -0.0159 0.9976 0.0677
vn -0.0070 0.9968 0.0799
vn -0.0073 0.9955 0.0940
vn 0.0254 0.9991 0.0345
vn -0.0729 0.9854 0.1536
vn -0.0160 0.9959 0.0891
vn 0.0279 0.9991 0.0329
vn 0.0290 0.9992 0.0261
vn -0.0860 0.9962 -0.0070
vn -0.0655 0.9978 -0.0125
vn 0.0306 0.9992 0.0242
vn -0.1134 0.9935 0.0030
vn -0.0423 0.9990 0.0162
vn -0.0275 0.9995 0.0112
vn -0.0182 0.9998 0.0091
vn 0.0092 0.9998 0.0158
vn -0.2025 0.9793 0.0026
vn -0.0724 0.9973 0.0103
vn 0.0151 0.9993 0.0339
vn -0.1073 0.9884 0.1073
vn -0.0298 0.9978 0.0588
vn 0.0363 0.9992 0.0154
vn -0.1346 0.9829 0.1252
vn -0.0567 0.9948 0.0843
vn 0.0302 0.9992 0.0236
vn -0.1422 0.9896 0.0224
vn -0.0572 0.9980 0.0272
vn 0.0269 0.9981 0.0554
vn -0.0439 0.9988 -0.0223
vn -0.0076 0.9999 -0.0044
vn 0.1356 0.9891 0.0563
vn 0.1321 0.9904 0.0399
vn 0.1381 0.9878 0.0724
vn 0.1281 0.9886 0.0794
vn 0.1117 0.9937 0.0035
vn 0.0999 0.9950 -0.0023
vn 0.1217 0.9925 0.0126
vn 0.1055 0.9943 0.0130
vn 0.1051 0.9942 0.0208
vn 0.1006 0.9949 0.0069
vn 0.0914 0.9953 -0.0325
vn 0.0946 0.9951 -0.0279
vn 0.0814 0.9962 -0.0313
vn 0.0669 0.9974 -0.0257
vn 0.0630 0.9976 -0.0286
vn 0.0775 0.9969 -0.0125
vn 0.0699 0.9971 -0.0298
vn 0.0732 0.9962 0.0458
vn 0.0635 0.9966 0.0519
vn 0.0845 0.9956 0.0398
vn 0.1284 0.9914 0.0249
vn 0.0878 0.9961 -0.0055
vn 0.0938 0.9955 -0.0074
vn 0.0965 0.9948 0.0313
vn 0.0583 0.9972 0.0470
vn 0.1743 0.9679 0.1812
vn 0.2460 0.9612 0.1243
vn 0.3997 0.9163 0.0250
vn 0.3521 0.9338 0.0636
vn 0.4185 0.9081 -0.0141
vn 0.3811 0.9026 -0.2000
vn 0.3984 0.9138 -0.0791
vn 0.3419 0.9040 -0.2567
vn 0.2963 0.9411 -0.1625
vn 0.2359 0.9489 -0.2094
vn 0.3499 0.9292 -0.1185
vn 0.4518 0.8914 0.0347
vn 0.4336 0.9010 -0.0113
vn 0.4678 0.8809 0.0725
vn 0.2973 0.9504 0.0909
vn 0.2609 0.9413 -0.2142
vn 0.3049 0.9266 -0.2201
vn 0.2097 0.9402 -0.2682
vn 0.1928 0.9430 -0.2711
vn 0.3328 0.9116 -0.2413
vn 0.4106 0.9109 -0.0408
vn 0.4007 0.9139 -0.0654
vn 0.4327 0.8846 0.1740
vn 0.4837 0.8592 0.1668
vn 0.4823 0.8683 0.1157
vn 0.6775 0.6868 -0.2629
vn 0.2775 0.9566 -0.0889
vn 0.8441 0.4803 -0.2383
vn 0.6042 0.7339 -0.3102
vn 0.0678 0.9960 -0.0580
vn 0.0786 0.8841 -0.4606
vn 0.5929 -0.4578 0.6624
vn 0.6128 -0.3165 0.7241
vn 0.2455 -0.9277 0.2811
vn 0.3078 -0.9020 0.3026
vn 0.3631 -0.8746 -0.3213
vn 0.6237 -0.2502 0.7405
vn -0.0144 -0.9968 -0.0784
vn -0.0087 -0.9914 -0.1302
vn -0.0460 -0.9521 -0.3022
vn 0.0026 -0.9890 -0.1474
vn 0.2014 -0.8871 -0.4152
vn -0.0932 -0.6819 -0.7254
vn -0.1793 -0.4639 -0.8675
vn -0.0321 -0.7202 -0.6930
vn 0.0904 -0.8292 -0.5515
vn -0.4497 -0.8905 -0.0687
vn -0.9059 -0.4008 -0.1368
vn -0.9331 -0.2622 -0.2459
vn -0.5426 -0.8213 -0.1760
vn -0.8105 -0.2846 -0.5120
vn -0.5708 -0.7502 -0.3336
vn -0.7703 -0.4010 -0.4958
vn -0.8404 -0.0815 -0.5358
vn -0.7891 -0.0978 -0.6063
vn -0.7091 -0.4432 -0.5484
vn -0.7166 -0.1158 -0.6877
vn -0.6306 -0.4842 -0.6065
vn -0.3103 -0.5076 -0.8038
vn -0.3440 -0.1270 -0.9303
vn -0.4215 -0.1173 -0.8992
vn -0.3781 -0.4910 -0.7848
vn -0.5745 -0.1176 -0.8099
vn -0.5049 -0.4959 -0.7065
vn -0.7881 -0.6113 -0.0721
vn -0.9778 -0.1943 -0.0787
vn -0.9791 -0.1625 -0.1223
vn -0.8168 -0.5666 -0.1082
vn -0.9798 -0.1317 -0.1501
vn -0.8450 -0.5175 -0.1346
vn -0.3273 -0.9066 -0.2664
vn -0.6403 -0.5234 -0.5622
vn -0.6430 -0.5064 -0.5745
vn -0.3393 -0.8950 -0.2896
vn -0.6638 -0.4860 -0.5684
vn -0.3627 -0.8824 -0.2994
vn -0.4964 -0.8387 -0.2239
vn -0.8271 -0.4192 -0.3743
vn -0.9199 -0.3680 -0.1354
vn -0.5935 -0.7986 -0.0999
vn -0.9387 -0.3309 0.0965
vn -0.6474 -0.7609 0.0442
vn -0.6185 -0.7654 0.1778
vn -0.8943 -0.3405 0.2901
vn -0.8432 -0.3452 0.4121
vn -0.5808 -0.7711 0.2611
vn -0.7297 -0.3239 0.6022
vn -0.5294 -0.7461 0.4038
vn -0.5338 -0.8342 0.1386
vn -0.8755 -0.4182 0.2422
vn -0.9116 -0.3816 0.1529
vn -0.5882 -0.8037 0.0894
vn -0.9333 -0.3427 0.1070
vn -0.6392 -0.7667 0.0596
vn -0.6939 -0.7188 -0.0430
vn -0.9529 -0.3012 -0.0363
vn -0.9470 -0.2943 -0.1285
vn -0.6969 -0.7091 -0.1075
vn -0.9353 -0.2837 -0.2115
vn -0.6993 -0.6954 -0.1653
vn 0.0210 -0.9997 0.0088
vn -0.4748 -0.8233 -0.3109
vn -0.4169 -0.8486 -0.3256
vn 0.0127 -0.9998 0.0094
vn -0.3558 -0.8699 -0.3416
vn 0.0018 -1.0000 0.0073
vn -0.0080 -0.9996 0.0247
vn -0.1827 -0.8845 -0.4293
vn -0.2207 -0.8785 -0.4236
vn -0.0020 -0.9994 0.0335
vn -0.2817 -0.8832 -0.3750
vn 0.0079 -0.9993 0.0365
vn -0.0487 -0.9988 -0.0041
vn -0.1486 -0.9852 -0.0855
vn -0.1577 -0.9806 -0.1161
vn -0.0441 -0.9988 -0.0214
vn -0.1700 -0.9768 -0.1298
vn -0.0381 -0.9989 -0.0268
vn -0.0297 -0.9991 -0.0310
vn -0.2352 -0.9661 -0.1065
vn -0.2877 -0.9559 -0.0587
vn -0.0280 -0.9991 -0.0329
vn -0.3257 -0.9454 0.0025
vn -0.0353 -0.9989 -0.0309
vn -0.0408 -0.9989 -0.0243
vn -0.3117 -0.9479 0.0660
vn -0.2923 -0.9501 0.1087
vn -0.0313 -0.9990 -0.0330
vn -0.2796 -0.9427 0.1821
vn -0.0371 -0.9989 -0.0287
vn -0.0479 -0.9986 -0.0233
vn -0.2459 -0.9677 0.0556
vn -0.2821 -0.9588 0.0329
vn -0.0495 -0.9984 -0.0285
vn -0.3223 -0.9465 0.0149
vn -0.0541 -0.9980 -0.0333
vn -0.0538 -0.9977 -0.0399
vn -0.3729 -0.9269 -0.0419
vn -0.3810 -0.9216 -0.0738
vn -0.0507 -0.9980 -0.0384
vn -0.3906 -0.9150 -0.1009
vn -0.0505 -0.9981 -0.0334
vn 0.7568 -0.1928 0.6245
vn 0.6836 -0.2123 0.6982
vn 0.6463 -0.5509 0.5281
vn 0.5658 -0.5917 0.5742
vn 0.4720 -0.6327 0.6139
vn 0.5929 -0.2338 0.7706
vn 0.5013 -0.2413 0.8310
vn 0.5131 -0.2308 0.8267
vn 0.3880 -0.6446 0.6587
vn 0.4063 -0.6243 0.6671
vn 0.4607 -0.6191 0.6359
vn 0.5755 -0.2293 0.7850
vn 0.6306 -0.5922 0.5015
vn 0.7565 -0.4451 0.4792
vn 0.2140 -0.9378 0.2734
vn 0.4145 -0.8566 0.3074
vn 0.5705 -0.7915 0.2193
vn 0.8725 -0.3568 0.3338
vn 0.9590 -0.2633 0.1047
vn 0.9736 -0.2283 0.0013
vn 0.7217 -0.6888 0.0687
vn 0.7704 -0.6374 -0.0112
vn 0.7884 -0.6083 -0.0910
vn 0.9731 -0.2098 -0.0955
vn 0.9407 -0.2099 -0.2664
vn 0.8401 -0.1895 -0.5083
vn 0.7567 -0.6115 -0.2310
vn 0.6881 -0.5777 -0.4390
vn 0.6033 -0.5546 -0.5731
vn 0.7276 -0.1675 -0.6652
vn 0.5884 -0.2137 -0.7798
vn 0.7743 -0.2236 -0.5920
vn 0.4474 -0.6576 -0.6061
vn 0.5903 -0.6584 -0.4669
vn 0.6933 -0.6367 -0.3375
vn 0.8859 -0.2154 -0.4109
vn 0.9766 -0.2022 -0.0726
vn 0.9792 -0.2004 0.0299
vn 0.8023 -0.5922 -0.0754
vn 0.8139 -0.5809 0.0120
vn 0.8214 -0.5655 0.0736
vn 0.9760 -0.1947 0.0975
vn 0.9298 -0.3067 0.2034
vn 0.6555 -0.7428 0.1360
vn -0.1937 -0.9726 -0.1284
vn -0.0342 -0.9989 -0.0300
vn -0.4118 -0.8650 -0.2867
vn -0.7217 -0.4581 -0.5188
vn 0.8195 -0.5585 0.1283
vn 0.7219 -0.4298 -0.5422
vn 0.3296 -0.9440 -0.0145
vn 0.3561 -0.7581 -0.5462
vn 0.3338 -0.5970 -0.7295
vn 0.5807 -0.3111 -0.7523
vn -0.0049 -0.9927 -0.1205
vn 0.1007 -0.8267 -0.5535
vn -0.3168 -0.9153 -0.2486
vn -0.1231 -0.7446 -0.6560
vn -0.0153 -0.5904 -0.8069
vn 0.1446 -0.6761 -0.7225
vn -0.7613 -0.4992 -0.4138
vn -0.4173 -0.3869 -0.8223
vn -0.2234 -0.2963 -0.9286
vn -0.1702 -0.3350 0.9267
vn -0.1759 -0.7505 0.6371
vn -0.1725 -0.7704 0.6137
vn -0.0482 -0.4663 0.8833
vn -0.0407 -0.9976 -0.0565
vn -0.4436 -0.7787 0.4436
vn -0.4284 -0.7823 0.4521
vn -0.2425 -0.8702 0.4288
vn -0.6858 -0.3400 0.6434
vn -0.7211 -0.4522 0.5248
vn 0.7573 -0.6374 0.1420
vn 0.7359 -0.5398 -0.4088
vn 0.2354 -0.9718 -0.0121
vn 0.3283 -0.8855 -0.3287
vn 0.3038 -0.9119 -0.2759
vn 0.7409 -0.5411 -0.3978
vn -0.0063 -0.9971 -0.0756
vn 0.0873 -0.9539 -0.2869
vn -0.2120 -0.9577 -0.1944
vn -0.0908 -0.9088 -0.4072
vn -0.0910 -0.9218 -0.3769
vn 0.0787 -0.9623 -0.2604
vn -0.6513 -0.5962 -0.4693
vn -0.3820 -0.5489 -0.7435
vn -0.3779 -0.5661 -0.7326
vn 0.7322 -0.6805 0.0288
vn 0.2182 -0.9748 -0.0460
vn 0.1770 -0.9815 0.0727
vn 0.6560 -0.6865 0.3135
vn 0.0081 -0.9947 -0.1028
vn -0.1763 -0.9601 -0.2173
vn -0.2335 -0.9675 -0.0969
vn -0.0289 -0.9993 -0.0245
vn -0.5679 -0.6280 -0.5320
vn -0.7224 -0.6525 -0.2286
vn 0.6082 -0.7052 0.3643
vn 0.1596 -0.9842 0.0771
vn 0.1294 -0.9900 0.0556
vn 0.5485 -0.7531 0.3632
vn -0.0322 -0.9993 -0.0196
vn -0.2466 -0.9691 -0.0078
vn -0.2438 -0.9677 0.0637
vn -0.0317 -0.9989 -0.0351
vn -0.7297 -0.6501 0.2119
vn -0.6447 -0.6194 0.4479
vn 0.5014 -0.7754 0.3836
vn 0.1058 -0.9926 0.0599
vn 0.1514 -0.9758 0.1580
vn 0.5687 -0.5822 0.5811
vn -0.0298 -0.9988 -0.0372
vn -0.2424 -0.9699 -0.0240
vn -0.2560 -0.9538 -0.1574
vn -0.0479 -0.9983 -0.0330
vn -0.0258 -0.9995 -0.0146
vn -0.0137 -0.9999 -0.0066
vn -0.8024 -0.5921 0.0745
vn -0.7081 -0.5807 -0.4015
vn 0.6813 -0.6587 0.3193
vn 0.6056 -0.7050 0.3689
vn 0.2181 -0.9736 0.0677
vn 0.1262 -0.9841 0.1251
vn -0.0534 -0.9964 0.0653
vn -0.0078 -0.9994 0.0324
vn -0.2297 -0.8471 0.4791
vn -0.0314 -0.9850 0.1698
vn -0.0664 -0.9943 0.0833
vn -0.0386 -0.9987 0.0337
vn 0.0519 -0.9986 0.0088
vn 0.1087 -0.9939 -0.0154
vn 0.0693 -0.9960 -0.0562
vn 0.0175 -0.9995 -0.0237
vn -0.0029 -0.9980 -0.0624
vn -0.0465 -0.9952 -0.0861
vn -0.0600 -0.9963 -0.0615
vn -0.0427 -0.9991 -0.0078
vn 0.0162 -0.9929 0.1174
vn -0.3085 -0.9340 -0.1803
vn -0.6516 -0.5609 -0.5106
vn -0.6478 -0.5426 -0.5347
vn -0.3182 -0.9201 -0.2283
vn -0.6728 -0.5361 -0.5098
vn -0.2565 -0.9478 -0.1891
vn -0.6546 -0.5459 -0.5228
vn -0.2544 -0.9470 -0.1959
vn -0.0007 -0.9988 0.0486
vn 0.2197 -0.9086 0.3552
vn -0.0352 -0.9994 0.0027
vn -0.0419 -0.9991 0.0070
vn 0.0063 -0.9966 0.0827
vn 0.2189 -0.8666 0.4484
vn -0.2735 -0.9467 -0.1702
vn -0.6435 -0.5690 -0.5120
vn -0.6479 -0.5697 -0.5055
vn -0.2960 -0.9426 -0.1544
vn 0.3959 -0.8548 0.3355
vn -0.1352 -0.9903 -0.0327
vn -0.0937 -0.9955 0.0103
vn 0.3265 -0.9312 0.1616
vn -0.7203 -0.6599 -0.2136
vn -0.6405 -0.7523 0.1539
vn 0.6934 -0.3839 0.6098
vn 0.7275 -0.5306 0.4349
vn 0.3373 -0.2626 0.9040
vn 0.6014 -0.2613 0.7550
vn 0.2560 -0.6974 0.6693
vn 0.3708 -0.7753 0.5113
vn -0.5304 -0.7576 0.3803
vn -0.2403 -0.9702 -0.0304
vn -0.8287 -0.3829 -0.4081
vn -0.7460 -0.5201 -0.4159
vn -0.6443 -0.5623 -0.5182
vn -0.2552 -0.9479 -0.1904
vn 0.0009 -0.9951 0.0989
vn 0.2026 -0.8574 0.4730
vn -0.0537 -0.9984 0.0197
vn -0.0807 -0.9939 0.0749
vn -0.0131 -0.9890 0.1476
vn 0.1769 -0.8457 0.5034
vn -0.0242 -0.9809 0.1929
vn 0.0767 -0.8227 0.5632
vn -0.0909 -0.9893 0.1139
vn 0.7441 -0.1994 -0.6375
vn 0.6981 -0.2236 -0.6801
vn 0.5851 -0.6099 -0.5344
vn 0.5242 -0.6494 -0.5508
vn 0.4053 -0.6389 -0.6538
vn 0.5478 -0.2164 -0.8081
vn -0.0394 -0.9990 -0.0198
vn -0.1963 -0.9396 0.2803
vn -0.1458 -0.9455 0.2912
vn -0.0377 -0.9992 -0.0069
vn -0.3228 -0.7248 0.6086
vn -0.2318 -0.7422 0.6287
vn -0.2721 -0.7912 0.5477
vn -0.1460 -0.9586 0.2444
vn -0.0370 -0.9993 0.0022
vn -0.3910 -0.3085 0.8672
vn -0.2820 -0.3321 0.9001
vn -0.4097 -0.3908 0.8242
vn 0.4372 -0.1961 -0.8777
vn 0.3368 -0.6267 -0.7027
vn -0.2023 -0.9693 0.1399
vn -0.0481 -0.9988 -0.0023
vn -0.4375 -0.8347 0.3344
vn -0.7230 -0.4247 0.5448
vn -0.5766 -0.3079 0.7568
vn -0.4452 -0.7257 0.5245
vn -0.2508 -0.9374 0.2414
vn -0.0393 -0.9990 -0.0225
vn 0.7418 -0.1765 -0.6469
vn 0.6055 -0.5703 -0.5550
vn 0.9637 -0.2087 -0.1664
vn 0.7793 -0.6085 -0.1499
vn -0.3280 -0.9435 0.0464
vn -0.0422 -0.9988 -0.0251
vn -0.6424 -0.7538 0.1380
vn -0.9156 -0.3283 0.2318
vn -0.3217 -0.9358 0.1444
vn -0.7909 -0.6030 0.1041
vn -0.7895 -0.6102 -0.0655
vn -0.3006 -0.9521 0.0566
vn 0.0186 -0.9424 0.3340
vn -0.1305 -0.9722 0.1945
vn -0.0980 -0.9865 0.1310
vn 0.0765 -0.9601 0.2691
vn 0.3083 -0.6271 0.7153
vn 0.4505 -0.6457 0.6164
vn 0.8503 -0.5123 0.1205
vn 0.7937 -0.5867 -0.1605
vn 0.4135 -0.9099 0.0330
vn 0.3085 -0.9387 -0.1535
vn -0.1564 -0.8099 -0.5653
vn 0.0447 -0.4973 -0.8664
vn 0.0984 -0.9877 -0.1212
vn -0.0299 -0.9846 -0.1723
vn 0.0370 -0.8763 -0.4802
vn -0.4449 -0.7212 -0.5308
vn -0.7462 -0.6655 -0.0120
vn -0.9720 -0.2351 -0.0020
vn -0.9755 -0.2194 -0.0156
vn -0.7645 -0.6441 -0.0228
vn -0.6976 -0.5850 -0.4135
vn -0.8525 -0.1675 -0.4951
vn -0.9172 -0.2030 -0.3428
vn -0.7235 -0.6310 -0.2799
vn -0.9489 -0.2277 -0.2184
vn -0.7311 -0.6587 -0.1777
vn -0.0178 -0.9998 0.0038
vn -0.3526 -0.9122 -0.2086
vn -0.3648 -0.9198 -0.1445
vn -0.0565 -0.9983 -0.0141
vn -0.3705 -0.9236 -0.0985
vn -0.0812 -0.9962 -0.0289
vn 0.7099 -0.2675 0.6515
vn 0.7676 -0.3252 0.5522
vn 0.5542 -0.6561 0.5122
vn 0.5802 -0.6996 0.4170
vn 0.5445 -0.7985 0.2568
vn 0.8109 -0.4284 0.3986
vn -0.9668 -0.2387 -0.0909
vn -0.7365 -0.6717 -0.0789
vn 0.3868 -0.9079 0.1616
vn 0.2511 -0.9676 -0.0248
vn 0.4616 -0.8804 0.1083
vn 0.3584 -0.9105 0.2062
vn 0.2910 -0.9526 0.0888
vn 0.0850 -0.9960 0.0254
vn 0.1047 -0.9925 -0.0630
vn 0.0852 -0.9909 -0.1039
vn 0.1943 -0.9626 -0.1888
vn 0.8278 -0.5060 0.2421
vn 0.3052 -0.9265 -0.2202
vn 0.4874 -0.7325 -0.4753
vn 0.0832 -0.9911 -0.1039
vn 0.0860 -0.9894 -0.1171
vn 0.3913 -0.8931 -0.2219
vn 0.6877 -0.6213 -0.3755
vn 0.4248 -0.8765 -0.2266
vn 0.7376 -0.5786 -0.3478
vn 0.0772 -0.9883 -0.1314
vn 0.0486 -0.9904 -0.1294
vn 0.4140 -0.8867 -0.2056
vn 0.7465 -0.5991 -0.2892
vn 0.6478 -0.2415 0.7225
vn 0.5139 -0.6342 0.5776
vn -0.3305 -0.8969 -0.2937
vn 0.0068 -0.9997 0.0229
vn -0.6278 -0.5306 -0.5695
vn -0.7365 -0.1347 -0.6628
vn 0.2063 -0.2378 0.9491
vn 0.4902 -0.2494 0.8351
vn 0.1493 -0.6283 0.7635
vn 0.3747 -0.6560 0.6552
vn -0.0191 -0.9990 0.0391
vn -0.1151 -0.9003 -0.4197
vn -0.1600 -0.8943 -0.4178
vn -0.0101 -0.9996 0.0254
vn -0.1896 -0.5355 -0.8230
vn -0.2730 -0.5276 -0.8044
vn -0.2103 -0.1408 -0.9674
vn -0.3035 -0.1369 -0.9429
vn 0.0342 -0.4993 -0.8657
vn 0.0539 -0.1296 -0.9901
vn -0.0598 -0.1353 -0.9890
vn -0.0603 -0.5182 -0.8531
vn -0.0357 -0.9987 0.0352
vn -0.0038 -0.8821 -0.4710
vn -0.0523 -0.8931 -0.4467
vn -0.0335 -0.9985 0.0432
vn -0.0570 -0.2149 0.9749
vn -0.0941 -0.2109 0.9730
vn -0.0597 -0.6130 0.7878
vn -0.0878 -0.6047 0.7916
vn 0.0675 -0.2458 0.9669
vn 0.0170 -0.2288 0.9733
vn 0.0365 -0.6591 0.7511
vn -0.0019 -0.6335 0.7737
vn -0.0407 -0.9986 0.0321
vn 0.0492 -0.8983 -0.4366
vn 0.0188 -0.8851 -0.4650
vn -0.0357 -0.9989 0.0303
vn 0.1529 -0.5333 -0.8319
vn 0.0803 -0.5080 -0.8576
vn 0.2028 -0.1470 -0.9681
vn 0.1113 -0.1345 -0.9846
vn 0.5259 -0.4957 -0.6912
vn 0.6141 -0.1424 -0.7762
vn 0.4392 -0.1520 -0.8854
vn 0.3568 -0.5370 -0.7643
vn -0.0829 -0.9961 0.0293
vn 0.2561 -0.8842 -0.3906
vn 0.1371 -0.9077 -0.3965
vn -0.0746 -0.9962 0.0456
vn -0.4506 -0.2263 0.8635
vn -0.0047 -0.2565 0.9665
vn -0.3601 -0.6164 0.7002
vn -0.0001 -0.6621 0.7494
vn -0.3414 -0.2906 0.8938
vn -0.6754 -0.1906 0.7124
vn -0.2243 -0.7231 0.6533
vn -0.4308 -0.6542 0.6215
vn -0.0227 -0.9995 -0.0187
vn -0.0387 -0.9123 -0.4077
vn 0.2123 -0.8837 -0.4171
vn -0.0149 -0.9998 -0.0119
vn -0.0726 -0.5884 -0.8053
vn 0.3633 -0.5407 -0.7587
vn -0.0843 -0.1829 -0.9795
vn 0.4292 -0.1647 -0.8880
vn -0.4689 -0.5563 -0.6860
vn -0.5566 -0.1505 -0.8170
vn -0.4541 -0.1701 -0.8745
vn -0.3770 -0.5857 -0.7176
vn -0.0075 -0.9999 0.0114
vn -0.2434 -0.9047 -0.3496
vn -0.1938 -0.9149 -0.3542
vn -0.0178 -0.9998 0.0031
vn 0.3000 -0.2875 0.9095
vn 0.0646 -0.3185 0.9457
vn 0.2003 -0.6869 0.6985
vn 0.0077 -0.7151 0.6990
vn 0.4646 -0.2562 0.8476
vn 0.3521 -0.6620 0.6616
vn -0.2911 -0.8882 -0.3554
vn -0.0039 -0.9999 0.0086
vn -0.5378 -0.5204 -0.6633
vn -0.6236 -0.1327 -0.7704
vn 0.9528 -0.2062 -0.2227
vn 0.7678 -0.6099 -0.1959
vn -0.3547 -0.9349 -0.0099
vn -0.0552 -0.9977 -0.0378
vn -0.6762 -0.7364 0.0173
vn -0.9479 -0.3148 0.0482
vn -0.6985 -0.6440 -0.3120
vn -0.8858 -0.2429 -0.3954
vn -0.8598 -0.2798 -0.4272
vn -0.6385 -0.6907 -0.3395
vn -0.8507 -0.4147 -0.3229
vn -0.4731 -0.8437 -0.2537
vn -0.0605 -0.9976 -0.0337
vn -0.4164 -0.8902 -0.1849
vn -0.3822 -0.8963 -0.2248
vn -0.0589 -0.9967 -0.0549
vn -0.1878 -0.9644 -0.1860
vn -0.0498 -0.9952 -0.0838
vn 0.9444 -0.1820 0.2738
vn 0.8919 -0.2491 0.3774
vn 0.8141 -0.5326 0.2314
vn 0.7183 -0.6377 0.2781
vn 0.4733 -0.8544 0.2146
vn 0.7826 -0.4249 0.4550
vn 0.9681 -0.1847 0.1692
vn 0.8276 -0.5434 0.1408
vn -0.4063 -0.9037 -0.1353
vn -0.0556 -0.9980 -0.0294
vn -0.7049 -0.6699 -0.2330
vn -0.9164 -0.2632 -0.3015
vn -0.8586 -0.4899 -0.1509
vn -0.3665 -0.9237 -0.1115
vn 0.1584 -0.9870 0.0270
vn -0.0056 -0.9986 -0.0530
vn 0.2661 -0.9449 0.1908
vn -0.0192 -0.9993 -0.0317
vn -0.1215 -0.9905 -0.0646
vn -0.1830 -0.9803 -0.0740
vn -0.0172 -0.9998 -0.0089
vn 0.1181 -0.9919 0.0463
vn 0.2331 -0.9680 0.0923
vn 0.3448 -0.9233 0.1691
vn 0.1777 -0.9839 0.0192
vn -0.0842 -0.9951 -0.0504
vn -0.0015 -0.9980 -0.0623
vn 0.0503 -0.9944 -0.0928
vn 0.0170 -0.9997 -0.0178
vn 0.6393 -0.5351 0.5521
vn -0.0493 -0.9929 -0.1080
vn 0.0409 -0.9921 -0.1187
vn -0.1839 -0.8274 -0.5305
vn 0.2453 -0.8538 -0.4591
vn 0.9039 -0.1746 0.3904
vn 0.8367 -0.1778 0.5180
vn 0.7922 -0.5070 0.3396
vn 0.7304 -0.5175 0.4457
vn 0.0318 -0.9995 0.0000
vn -0.5682 -0.7935 -0.2180
vn -0.5343 -0.7992 -0.2752
vn 0.0258 -0.9996 0.0044
vn -0.8717 -0.3656 -0.3261
vn -0.8312 -0.3668 -0.4177
vn -0.9350 -0.0724 -0.3470
vn -0.8937 -0.0698 -0.4432
vn -0.3912 -0.8626 -0.3206
vn -0.7347 -0.3782 -0.5632
vn -0.7068 -0.4453 -0.5496
vn -0.3651 -0.8969 -0.2495
vn -0.8367 -0.3412 -0.4284
vn -0.5679 -0.7928 -0.2213
vn 0.4274 -0.9038 -0.0206
vn 0.0363 -0.9992 0.0144
vn -0.0491 -0.9986 0.0208
vn 0.3652 -0.9288 0.0619
vn -0.0588 -0.9976 0.0356
vn -0.0899 -0.9924 0.0834
vn -0.1303 -0.8922 0.4324
vn -0.0089 -0.9948 0.1011
vn -0.0382 -0.9990 0.0231
vn -0.1130 -0.9911 -0.0694
vn -0.2309 -0.9709 -0.0634
vn 0.0131 -0.9999 -0.0070
vn 0.0377 -0.9991 -0.0185
vn -0.0072 -0.9992 -0.0397
vn -0.2817 -0.9562 -0.0795
vn -0.4955 -0.8598 -0.1233
vn -0.4306 -0.8982 -0.0880
vn -0.4154 -0.9022 -0.1160
vn -0.2629 -0.9645 0.0222
vn 0.0260 -0.9962 0.0834
vn 0.2067 -0.9360 0.2847
vn 0.4994 -0.8238 0.2682
vn 0.3445 -0.9044 0.2514
vn 0.5310 -0.8290 0.1752
vn 0.9050 -0.4253 -0.0073
vn 0.8560 -0.5073 0.0992
vn 0.8882 -0.4077 0.2119
vn -0.9323 -0.1504 -0.3289
vn -0.8145 -0.5170 -0.2631
vn -0.5018 -0.8524 -0.1465
vn 0.0255 -0.9997 -0.0036
vn 0.9265 -0.2412 0.2889
vn 0.7470 -0.6140 0.2548
vn 0.9252 -0.3432 0.1620
vn 0.9572 -0.2852 -0.0485
vn 0.6024 -0.7938 0.0833
vn 0.5292 -0.8484 -0.0071
vn -0.2306 -0.8449 0.4825
vn -0.5264 -0.7209 0.4507
vn -0.2615 -0.9500 0.1707
vn -0.0953 -0.9906 0.0975
vn -0.7685 -0.4494 0.4554
vn -0.5972 -0.6753 0.4327
vn -0.6610 -0.7275 -0.1838
vn -0.9373 -0.2952 -0.1852
vn -0.8357 -0.2630 -0.4821
vn -0.5299 -0.7962 -0.2919
vn -0.1366 -0.8615 0.4889
vn -0.5001 -0.8310 0.2435
vn -0.1529 -0.9881 -0.0160
vn -0.0479 -0.9940 0.0979
vn -0.3841 -0.9233 0.0045
vn -0.8611 -0.5059 -0.0494
vn -0.8574 -0.5144 -0.0148
vn -0.3804 -0.9222 0.0687
vn 0.2296 -0.9466 0.2263
vn -0.0571 -0.9954 0.0773
vn -0.0710 -0.9857 0.1529
vn 0.2058 -0.9254 0.3181
vn 0.6563 -0.5701 0.4941
vn 0.6032 -0.5451 0.5823
vn 0.8725 -0.4864 0.0469
vn 0.7630 -0.5825 0.2801
vn 0.4404 -0.8951 -0.0695
vn 0.2817 -0.9570 0.0683
vn 0.1230 -0.9846 -0.1241
vn -0.0612 -0.9966 -0.0556
vn -0.0295 -0.9920 -0.1228
vn -0.1562 -0.9840 -0.0852
vn -0.2156 -0.9747 -0.0587
vn -0.2153 -0.9741 -0.0687
vn -0.3159 -0.9450 -0.0848
vn -0.0884 -0.9957 0.0264
vn 0.1282 -0.9913 0.0301
vn 0.1998 -0.9745 0.1024
vn 0.1172 -0.9931 -0.0052
vn -0.1816 -0.9810 -0.0676
vn -0.6199 -0.7609 -0.1915
vn -0.4403 -0.8903 -0.1158
vn -0.9343 -0.2884 -0.2097
vn -0.8804 -0.4431 -0.1689
vn -0.9714 -0.1493 -0.1846
vn -0.8144 -0.5523 -0.1777
vn 0.3169 -0.9337 -0.1667
vn 0.6586 -0.7291 -0.1861
vn 0.0028 -0.9923 -0.1235
vn 0.9191 -0.2051 -0.3364
vn 0.9352 -0.3052 -0.1796
vn 0.4542 -0.8704 0.1900
vn 0.5392 -0.8144 0.2145
vn 0.0167 -0.9995 0.0262
vn -0.0058 -0.9999 -0.0093
vn 0.4502 -0.8741 0.1823
vn 0.5321 -0.8176 0.2199
vn 0.3963 -0.8903 0.2242
vn 0.4710 -0.8388 0.2731
vn -0.0116 -0.9998 -0.0132
vn -0.0108 -0.9999 -0.0099
vn 0.3316 -0.9089 0.2529
vn 0.3956 -0.8649 0.3088
vn 0.2505 -0.9147 0.3171
vn 0.2056 -0.9446 0.2556
vn 0.1366 -0.9576 0.2535
vn 0.1668 -0.9326 0.3201
vn -0.0201 -0.9997 -0.0127
vn -0.0286 -0.9994 -0.0203
vn -0.0460 -0.9980 -0.0438
vn 0.0566 -0.9734 0.2218
vn 0.0639 -0.9536 0.2942
vn -0.0170 -0.9888 0.1482
vn -0.0331 -0.9745 0.2216
vn -0.0556 -0.9940 -0.0939
vn 0.0024 -0.9891 -0.1473
vn -0.0421 -0.9950 0.0904
vn -0.0619 -0.9849 0.1618
vn -0.0719 -0.9889 0.1300
vn -0.0614 -0.9802 0.1880
vn 0.0861 -0.9875 -0.1316
vn -0.0024 -0.9996 -0.0270
vn -0.0951 -0.9683 0.2309
vn -0.0026 -0.9655 0.2601
vn -0.0370 -0.9590 0.2809
vn -0.0075 -0.9439 0.3299
vn -0.0234 -0.9997 0.0058
vn -0.0277 -0.9996 -0.0028
vn -0.0199 -0.9516 0.3066
vn -0.0103 -0.9282 0.3718
vn -0.0289 -0.9432 0.3310
vn -0.0250 -0.9159 0.4005
vn -0.0293 -0.9995 -0.0021
vn -0.0297 -0.9995 -0.0028
vn -0.0464 -0.9364 0.3478
vn -0.0500 -0.9052 0.4219
vn -0.0496 -0.9351 0.3507
vn -0.0563 -0.9052 0.4213
vn -0.0369 -0.9992 0.0117
vn -0.0249 -0.9991 0.0341
vn 0.0418 -0.9463 0.3204
vn 0.0544 -0.9274 0.3699
vn 0.1322 -0.9527 0.2735
vn 0.1677 -0.9297 0.3280
vn -0.0146 -0.9999 -0.0003
vn -0.0163 -0.9998 -0.0042
vn 0.1443 -0.9484 0.2824
vn 0.1823 -0.9224 0.3403
vn 0.2344 -0.9124 0.3353
vn 0.1929 -0.9397 0.2822
vn 0.2167 -0.9416 0.2576
vn 0.2632 -0.9157 0.3035
vn -0.0096 -0.9999 0.0103
vn -0.0073 -0.9996 0.0255
vn 0.0032 -0.9981 0.0610
vn 0.2371 -0.9399 0.2456
vn 0.2903 -0.9142 0.2827
vn 0.2572 -0.9433 0.2096
vn 0.3224 -0.9120 0.2533
vn 0.0372 -0.9960 0.0811
vn 0.1619 -0.9417 0.2948
vn 0.2002 -0.9143 0.3520
vn -0.0132 -0.9999 0.0028
vn 0.2691 -0.9283 0.2568
vn 0.3235 -0.8922 0.3152
vn -0.0138 -0.9998 -0.0091
vn 0.3113 -0.9498 0.0311
vn 0.2999 -0.9534 0.0316
vn 0.3105 -0.9478 0.0717
vn 0.3248 -0.9430 0.0716
vn 0.3190 -0.9405 0.1170
vn 0.3379 -0.9334 0.1209
vn 0.3126 -0.9395 0.1404
vn 0.3449 -0.9252 0.1584
vn 0.2208 -0.9706 -0.0958
vn 0.2079 -0.9739 -0.0905
vn 0.2437 -0.9674 -0.0681
vn 0.2574 -0.9637 -0.0705
vn 0.2696 -0.9622 -0.0375
vn 0.2835 -0.9582 -0.0384
vn 0.2334 -0.9710 -0.0511
vn 0.2392 -0.9693 -0.0560
vn 0.2328 -0.9689 -0.0843
vn 0.2337 -0.9688 -0.0819
vn 0.2191 -0.9701 -0.1039
vn 0.2184 -0.9705 -0.1021
vn 0.1931 -0.9571 -0.2159
vn 0.1946 -0.9554 -0.2222
vn 0.1727 -0.9519 -0.2529
vn 0.1757 -0.9534 -0.2453
vn 0.1303 -0.9538 -0.2708
vn 0.1364 -0.9565 -0.2577
vn 0.0805 -0.9672 -0.2409
vn 0.0759 -0.9706 -0.2283
vn 0.0980 -0.9815 -0.1645
vn 0.1075 -0.9751 -0.1941
vn 0.1365 -0.9830 -0.1229
vn 0.1452 -0.9799 -0.1367
vn 0.0873 -0.9606 -0.2636
vn 0.0952 -0.9611 -0.2593
vn 0.0950 -0.9937 0.0590
vn 0.0928 -0.9938 0.0609
vn 0.1225 -0.9911 0.0515
vn 0.1205 -0.9915 0.0479
vn 0.1673 -0.9854 0.0304
vn 0.1594 -0.9868 0.0279
vn 0.2869 -0.9579 -0.0031
vn 0.2993 -0.9541 -0.0036
vn 0.1712 -0.9796 -0.1056
vn 0.1803 -0.9770 -0.1139
vn 0.2116 -0.9638 -0.1623
vn 0.1995 -0.9682 -0.1508
vn 0.2152 -0.9765 -0.0103
vn 0.2035 -0.9790 -0.0076
vn 0.0760 -0.9959 0.0488
vn 0.0943 -0.9942 0.0504
vn -0.1425 -0.9897 0.0087
vn -0.1383 -0.9893 -0.0458
vn -0.0499 -0.9986 -0.0175
vn -0.0656 -0.9975 -0.0259
vn -0.0838 -0.9962 -0.0222
vn -0.1194 -0.9926 0.0197
vn -0.1466 -0.9881 0.0472
vn -0.0787 -0.9960 -0.0411
vn -0.3731 -0.9275 -0.0244
vn -0.3864 -0.9219 -0.0287
vn -0.0713 -0.9967 -0.0383
vn -0.4058 -0.9124 -0.0532
vn -0.0555 -0.9976 -0.0414
vn -0.4266 -0.9015 -0.0717
vn -0.0171 -0.9989 -0.0423
vn -0.4425 -0.8926 -0.0862
vn 0.0474 -0.9982 -0.0372
vn -0.4010 -0.9089 -0.1145
vn 0.0979 -0.9948 -0.0272
vn -0.3696 -0.9275 -0.0550
vn -0.0838 -0.9956 -0.0407
vn 0.6194 -0.3619 -0.6966
vn 0.3227 -0.7833 -0.5312
vn -0.0297 -0.9995 -0.0121
vn -0.0830 -0.7298 -0.6786
vn -0.2233 -0.3088 -0.9245
vn -0.1783 -0.9827 -0.0500
vn -0.1517 -0.9864 -0.0629
vn -0.2484 -0.9664 -0.0660
vn -0.2428 -0.9683 -0.0581
vn -0.2339 -0.9715 -0.0385
vn -0.1563 -0.9864 -0.0512
vn -0.2389 -0.9684 -0.0708
vn -0.2531 -0.9649 -0.0701
vn -0.2422 -0.9679 -0.0673
vn -0.2288 -0.9712 -0.0658
vn -0.1876 -0.9809 -0.0512
vn -0.2116 -0.9750 -0.0674
vn -0.2402 -0.9698 -0.0408
vn -0.2459 -0.9675 -0.0593
vn -0.1687 -0.9849 -0.0381
vn -0.2322 -0.9723 -0.0266
vn -0.4203 -0.8975 -0.1334
vn -0.4048 -0.9043 -0.1355
vn -0.3735 -0.9132 -0.1626
vn -0.4120 -0.8936 -0.1782
vn -0.3683 -0.9043 -0.2159
vn -0.3304 -0.9239 -0.1929
vn -0.2846 -0.9351 -0.2110
vn -0.3147 -0.9193 -0.2360
vn -0.2169 -0.9466 -0.2384
vn -0.1730 -0.9539 -0.2451
vn -0.1962 -0.9575 -0.2113
vn -0.1565 -0.9640 -0.2147
vn -0.1244 -0.9689 -0.2139
vn -0.1388 -0.9578 -0.2517
vn -0.0980 -0.9600 -0.2622
vn -0.0877 -0.9742 -0.2077
vn -0.0160 -0.9778 -0.2088
vn 0.0061 -0.9586 -0.2847
vn 0.1627 -0.9403 -0.2989
vn 0.0943 -0.9688 -0.2289
vn 0.1323 -0.9594 -0.2488
vn 0.1504 -0.9487 -0.2779
vn 0.0212 -0.9643 -0.2639
vn 0.0265 -0.9679 -0.2499
vn -0.0205 -0.9666 -0.2553
vn -0.0237 -0.9598 -0.2795
vn -0.0232 -0.9543 -0.2981
vn -0.0222 -0.9624 -0.2707
vn -0.0172 -0.9595 -0.2811
vn -0.0147 -0.9503 -0.3110
vn -0.0228 -0.9525 -0.3036
vn -0.0239 -0.9595 -0.2806
vn -0.0791 -0.9621 -0.2611
vn -0.0836 -0.9596 -0.2684
vn -0.1415 -0.9569 -0.2533
vn -0.1289 -0.9635 -0.2345
vn -0.1388 -0.9606 -0.2408
vn -0.1533 -0.9525 -0.2629
vn -0.1954 -0.9481 -0.2506
vn -0.2177 -0.9550 -0.2013
vn -0.1818 -0.9546 -0.2358
vn -0.2071 -0.9591 -0.1926
vn -0.2281 -0.9645 -0.1332
vn -0.2265 -0.9654 -0.1292
vn -0.2145 -0.9745 -0.0666
vn -0.2436 -0.9662 -0.0846
vn -0.1685 -0.9483 -0.2690
vn -0.1546 -0.9559 -0.2496
vn -0.2646 -0.9346 -0.2375
vn -0.2402 -0.9472 -0.2124
vn 0.1884 -0.5856 0.7884
vn -0.0418 -0.9024 0.4289
vn -0.1678 -0.9489 0.2672
vn -0.3655 -0.8974 0.2472
vn -0.7876 -0.5589 0.2595
vn -0.2906 -0.9539 -0.0752
vn -0.3527 -0.9308 -0.0952
vn -0.3515 -0.9345 -0.0550
vn -0.2912 -0.9551 -0.0542
vn -0.1511 -0.9873 -0.0479
vn -0.1525 -0.9870 -0.0512
vn -0.1327 -0.9902 -0.0431
vn -0.3447 -0.9384 -0.0215
vn -0.2904 -0.9564 -0.0295
vn -0.3200 -0.9451 -0.0657
vn -0.4083 -0.9108 -0.0609
vn -0.3919 -0.9174 -0.0684
vn -0.3224 -0.9435 -0.0761
vn -0.0295 -0.9983 -0.0499
vn 0.0622 -0.9979 -0.0196
vn -0.3051 -0.9515 -0.0394
vn -0.3653 -0.9302 -0.0353
vn -0.3882 -0.9200 -0.0529
vn -0.3158 -0.9471 -0.0567
vn -0.1043 -0.9936 -0.0429
vn -0.0795 -0.9955 -0.0511
vn -0.3477 -0.9375 -0.0159
vn -0.2936 -0.9557 -0.0223
vn -0.1157 -0.9926 -0.0361
vn -0.5617 -0.8094 -0.1714
vn -0.4888 -0.8594 -0.1498
vn -0.0318 -0.9986 -0.0410
vn -0.0489 -0.9980 -0.0400
vn -0.5671 -0.7915 -0.2280
vn -0.4656 -0.8644 -0.1896
vn -0.5160 -0.8094 -0.2802
vn -0.4194 -0.8778 -0.2312
vn -0.0487 -0.9980 -0.0405
vn -0.0509 -0.9977 -0.0436
vn -0.4506 -0.8362 -0.3125
vn -0.3634 -0.8960 -0.2552
vn -0.2579 -0.9291 -0.2651
vn -0.3188 -0.8899 -0.3261
vn -0.2555 -0.9070 -0.3347
vn -0.2063 -0.9401 -0.2712
vn -0.0420 -0.9982 -0.0415
vn -0.0413 -0.9982 -0.0425
vn -0.0413 -0.9980 -0.0472
vn -0.2073 -0.9206 -0.3309
vn -0.1661 -0.9497 -0.2655
vn -0.1520 -0.9344 -0.3219
vn -0.1239 -0.9566 -0.2635
vn -0.0339 -0.9987 -0.0370
vn -0.0439 -0.9990 -0.0038
vn -0.0256 -0.9418 -0.3351
vn -0.0147 -0.9562 -0.2924
vn 0.1706 -0.9158 -0.3637
vn 0.1576 -0.9383 -0.3078
vn -0.0763 -0.9970 -0.0115
vn 0.0187 -0.9973 -0.0702
vn 0.2370 -0.8941 -0.3799
vn 0.1560 -0.9438 -0.2913
vn 0.1084 -0.9119 -0.3959
vn 0.0554 -0.9545 -0.2928
vn 0.0085 -0.9960 -0.0886
vn -0.0258 -0.9976 -0.0643
vn 0.0157 -0.9100 -0.4142
vn -0.0002 -0.9467 -0.3220
vn -0.0004 -0.8990 -0.4380
vn -0.0099 -0.9387 -0.3444
vn -0.0289 -0.9978 -0.0592
vn -0.0277 -0.9976 -0.0629
vn -0.0051 -0.8927 -0.4507
vn -0.0118 -0.9350 -0.3545
vn -0.0339 -0.8974 -0.4400
vn -0.0350 -0.9405 -0.3380
vn -0.0245 -0.9966 -0.0782
vn -0.0378 -0.9958 -0.0836
vn -0.1118 -0.9066 -0.4070
vn -0.0931 -0.9483 -0.3034
vn -0.1748 -0.9068 -0.3836
vn -0.1434 -0.9438 -0.2978
vn -0.0452 -0.9972 -0.0601
vn -0.0451 -0.9974 -0.0563
vn -0.1941 -0.8982 -0.3944
vn -0.1592 -0.9375 -0.3092
vn -0.2179 -0.9341 -0.2827
vn -0.2766 -0.8864 -0.3712
vn -0.3175 -0.8999 -0.2988
vn -0.2489 -0.9417 -0.2263
vn -0.0588 -0.9954 -0.0759
vn -0.0748 -0.9948 -0.0696
vn -0.1013 -0.9933 -0.0562
vn -0.3375 -0.9169 -0.2131
vn -0.2687 -0.9500 -0.1589
vn -0.3474 -0.9268 -0.1424
vn -0.2835 -0.9531 -0.1053
vn -0.1303 -0.9904 -0.0452
vn -0.2250 -0.8873 -0.4025
vn -0.1812 -0.9330 -0.3110
vn -0.0493 -0.9965 -0.0672
vn -0.3859 -0.8650 -0.3206
vn -0.3102 -0.9144 -0.2600
vn -0.0484 -0.9978 -0.0445
vn -0.2044 -0.9674 -0.1494
vn -0.1731 -0.9735 -0.1491
vn -0.1433 -0.9785 -0.1484
vn -0.0989 -0.9806 -0.1691
vn -0.1102 -0.9786 -0.1735
vn -0.1293 -0.9783 -0.1617
vn -0.1723 -0.9810 -0.0896
vn -0.1953 -0.9789 -0.0591
vn -0.2092 -0.9764 -0.0537
vn -0.1496 -0.9800 -0.1307
vn -0.0625 -0.9828 -0.1734
vn -0.0913 -0.9823 -0.1636
vn -0.0217 -0.9806 -0.1949
vn -0.0300 -0.9813 -0.1902
vn -0.0197 -0.9840 -0.1768
vn -0.0228 -0.9818 -0.1882
vn 0.0694 -0.9835 -0.1668
vn 0.0109 -0.9858 -0.1677
vn -0.0226 -0.9885 -0.1494
vn 0.0561 -0.9850 -0.1627
vn -0.0952 -0.9845 -0.1471
vn -0.0724 -0.9871 -0.1430
vn -0.1163 -0.9818 -0.1498
vn -0.2704 -0.9554 -0.1188
vn -0.2377 -0.9614 -0.1386
vn -0.3121 -0.9448 -0.0997
vn -0.2031 -0.9782 -0.0429
vn -0.1976 -0.9797 -0.0338
vn -0.1981 -0.9790 -0.0475
vn -0.1896 -0.9797 -0.0649
vn -0.1647 -0.9835 -0.0742
vn -0.1446 -0.9866 -0.0747
vn -0.2107 -0.9759 -0.0559
vn 0.0440 -0.9990 0.0028
vn 0.0388 -0.9984 -0.0394
vn 0.0523 -0.9971 -0.0548
vn 0.2820 -0.9590 -0.0256
vn 0.3822 -0.9238 0.0228
vn 0.1091 -0.9931 -0.0422
vn 0.1767 -0.9835 -0.0379
vn 0.0743 -0.9961 -0.0476
vn 0.3844 -0.9199 0.0781
vn 0.3822 -0.9153 0.1267
vn 0.3387 -0.9266 0.1630
vn 0.2850 -0.9409 0.1827
vn 0.1810 -0.9658 0.1853
vn 0.1341 -0.9728 0.1889
vn 0.1001 -0.9779 0.1835
vn 0.0622 -0.9823 0.1765
vn -0.0276 -0.9815 0.1896
vn -0.1709 -0.9616 0.2148
vn -0.2218 -0.9484 0.2265
vn -0.1369 -0.9628 0.2328
vn -0.0693 -0.9662 0.2481
vn -0.0537 -0.9621 0.2674
vn -0.0457 -0.9600 0.2762
vn -0.0209 -0.9642 0.2643
vn 0.0284 -0.9704 0.2396
vn 0.0668 -0.9713 0.2281
vn 0.0821 -0.9678 0.2379
vn 0.1439 -0.9652 0.2182
vn 0.1571 -0.9742 0.1619
vn 0.1272 -0.9868 0.1002
vn 0.0774 -0.9958 0.0490
vn 0.1071 -0.9639 0.2438
vn 0.2328 -0.9549 0.1844
vn 0.4473 -0.8196 0.3580
vn 0.3701 -0.8521 0.3699
vn 0.2896 -0.8806 0.3751
vn 0.2233 -0.8895 0.3986
vn 0.2421 -0.8777 0.4134
vn 0.2799 -0.8742 0.3966
vn 0.3452 -0.8795 0.3275
vn 0.3952 -0.8716 0.2900
vn 0.3127 -0.8795 0.3586
vn 0.0695 -0.8871 0.4564
vn 0.2094 -0.8976 0.3878
vn -0.0515 -0.8691 0.4920
vn -0.0671 -0.8648 0.4975
vn 0.0028 -0.8980 0.4399
vn -0.0187 -0.8825 0.4699
vn -0.0962 -0.9143 0.3933
vn 0.0122 -0.9106 0.4131
vn -0.0697 -0.9607 0.2687
vn -0.0777 -0.9479 0.3088
vn 0.0791 -0.9198 0.3844
vn -0.0409 -0.9407 0.3366
vn 0.1965 -0.9007 0.3874
vn 0.5885 -0.7695 0.2479
vn 0.5270 -0.7900 0.3133
vn 0.5737 -0.7885 0.2215
vn 0.2777 -0.8644 0.4191
vn -0.0090 -0.9979 0.0646
vn 0.3964 -0.5165 0.7590
vn 0.1661 -0.7461 0.6447
vn 0.0919 -0.9587 0.2692
vn 0.2662 -0.7046 0.6577
vn 0.0228 -0.9997 0.0107
vn 0.0072 -0.9999 0.0037
vn 0.0204 -0.9997 0.0105
vn 0.0122 -0.9999 0.0040
vn 0.0402 -0.9991 -0.0113
vn 0.0489 -0.9988 -0.0058
vn 0.0677 -0.9975 -0.0199
vn 0.0566 -0.9981 -0.0237
vn 0.0809 -0.9960 -0.0374
vn 0.0649 -0.9972 -0.0373
vn 0.0582 -0.9968 -0.0538
vn 0.0743 -0.9955 -0.0587
vn 0.0659 -0.9946 -0.0799
vn 0.0550 -0.9954 -0.0778
vn 0.0647 -0.9920 -0.1085
vn 0.0497 -0.9939 -0.0979
vn 0.0247 -0.9973 -0.0698
vn 0.0413 -0.9962 -0.0772
vn 0.0562 -0.9961 -0.0684
vn 0.0373 -0.9973 -0.0636
vn 0.0738 -0.9953 -0.0628
vn 0.0508 -0.9969 -0.0597
vn 0.0776 -0.9961 -0.0416
vn 0.1042 -0.9937 -0.0403
vn 0.1131 -0.9933 -0.0236
vn 0.0865 -0.9959 -0.0270
vn 0.1188 -0.9929 -0.0046
vn 0.0922 -0.9957 -0.0101
vn 0.0320 -0.9995 0.0030
vn 0.0242 -0.9997 -0.0034
vn 0.0308 -0.9941 -0.1036
vn 0.0420 -0.9916 -0.1220
vn 0.0243 -0.9923 -0.1216
vn 0.0160 -0.9948 -0.1009
vn 0.0164 -0.9931 -0.1156
vn 0.0085 -0.9952 -0.0973
vn 0.0257 -0.9946 -0.1000
vn 0.0127 -0.9964 -0.0836
vn 0.0583 -0.9911 -0.1194
vn 0.0438 -0.9937 -0.1029
vn 0.0812 -0.9954 -0.0500
vn 0.0629 -0.9969 -0.0460
vn 0.0907 -0.9944 -0.0537
vn 0.0653 -0.9965 -0.0527
vn 0.1009 -0.9945 0.0280
vn 0.1334 -0.9902 0.0414
vn 0.1583 -0.9850 0.0689
vn 0.1091 -0.9931 0.0416
vn 0.1246 -0.9920 0.0169
vn 0.0960 -0.9953 0.0087
vn -0.0526 -0.9981 -0.0325
vn -0.2761 -0.9591 -0.0616
vn -0.2939 -0.9527 -0.0774
vn -0.0589 -0.9979 -0.0270
vn -0.1418 -0.9888 -0.0455
vn -0.1500 -0.9874 -0.0493
vn -0.1568 -0.9857 -0.0607
vn -0.3066 -0.9458 -0.1065
vn -0.0617 -0.9977 -0.0283
vn -0.3017 -0.9452 -0.1246
vn -0.0417 -0.9986 -0.0309
vn -0.1708 -0.9827 -0.0710
vn -0.0539 -0.9981 -0.0283
vn -0.2015 -0.9791 0.0278
vn -0.2321 -0.9727 -0.0028
vn -0.0568 -0.9977 -0.0367
vn -0.1048 -0.9944 -0.0086
vn -0.1190 -0.9926 -0.0234
vn -0.1278 -0.9911 -0.0365
vn -0.2509 -0.9675 -0.0309
vn -0.0549 -0.9977 -0.0406
vn -0.0368 -0.9989 -0.0291
vn -0.2190 -0.9757 -0.0088
vn -0.2166 -0.9762 0.0069
vn -0.0399 -0.9988 -0.0262
vn -0.1227 -0.9923 -0.0164
vn -0.1188 -0.9929 -0.0103
vn -0.1165 -0.9932 -0.0019
vn -0.2065 -0.9781 0.0235
vn -0.0352 -0.9990 -0.0269
vn -0.0399 -0.9990 -0.0203
vn -0.1892 -0.9753 0.1140
vn -0.1818 -0.9766 0.1144
vn -0.0417 -0.9990 -0.0157
vn -0.1057 -0.9936 0.0406
vn -0.1001 -0.9942 0.0389
vn -0.0901 -0.9952 0.0370
vn -0.1606 -0.9813 0.1057
vn -0.0392 -0.9991 -0.0175
vn -0.0341 -0.9989 -0.0302
vn -0.1124 -0.9878 0.1075
vn -0.1137 -0.9877 0.1074
vn -0.0368 -0.9992 -0.0133
vn -0.0686 -0.9969 0.0394
vn -0.0684 -0.9973 0.0253
vn -0.0773 -0.9969 0.0131
vn -0.1381 -0.9872 0.0798
vn -0.0430 -0.9990 -0.0099
vn -0.1335 -0.9860 0.0996
vn -0.0361 -0.9991 -0.0201
vn -0.0774 -0.9964 0.0345
vn -0.0336 -0.9992 -0.0218
vn -0.1267 -0.9897 -0.0669
vn -0.1471 -0.9872 -0.0614
vn -0.0325 -0.9991 -0.0286
vn -0.0796 -0.9958 -0.0455
vn -0.0889 -0.9951 -0.0434
vn -0.1036 -0.9939 -0.0384
vn -0.1742 -0.9834 -0.0511
vn -0.0309 -0.9991 -0.0305
vn -0.2623 -0.9637 -0.0506
vn -0.0522 -0.9979 -0.0389
vn -0.1336 -0.9901 -0.0441
vn -0.1680 -0.9843 0.0533
vn -0.0464 -0.9987 -0.0208
vn -0.0911 -0.9958 0.0042
vn -0.1950 -0.9782 0.0715
vn -0.0251 -0.9989 -0.0393
vn -0.1180 -0.9926 0.0299
vn -0.2028 -0.9787 -0.0315
vn -0.0313 -0.9990 -0.0311
vn -0.1184 -0.9926 -0.0273
vn -0.1051 -0.9915 -0.0768
vn -0.0346 -0.9994 0.0007
vn -0.0690 -0.9958 -0.0591
vn 0.0710 -0.9973 -0.0145
vn 0.0746 -0.9972 0.0020
vn 0.0771 -0.9969 0.0181
vn 0.0670 -0.9974 0.0251
vn 0.0386 -0.9976 -0.0568
vn 0.0504 -0.9974 -0.0510
vn 0.0604 -0.9973 -0.0419
vn 0.0438 -0.9984 -0.0338
vn 0.0442 -0.9981 -0.0416
vn 0.0392 -0.9981 -0.0476
vn 0.0333 -0.9960 -0.0825
vn 0.0301 -0.9957 -0.0870
vn 0.0201 -0.9961 -0.0859
vn 0.0016 -0.9965 -0.0832
vn 0.0055 -0.9967 -0.0804
vn 0.0161 -0.9976 -0.0670
vn 0.0085 -0.9964 -0.0844
vn 0.0020 -1.0000 -0.0028
vn 0.0118 -0.9999 -0.0088
vn 0.0231 -0.9996 -0.0148
vn 0.0672 -0.9973 -0.0295
vn 0.0264 -0.9978 -0.0601
vn 0.0325 -0.9975 -0.0620
vn 0.0351 -0.9991 -0.0233
vn -0.0031 -0.9999 -0.0077
vn 0.1142 -0.9852 0.1277
vn 0.1863 -0.9799 0.0712
vn 0.2939 -0.9557 0.0119
vn 0.3425 -0.9391 -0.0258
vn 0.3619 -0.9300 -0.0644
vn 0.3416 -0.9308 -0.1296
vn 0.3251 -0.9121 -0.2496
vn 0.2861 -0.9079 -0.3063
vn 0.1774 -0.9488 -0.2612
vn 0.2382 -0.9473 -0.2142
vn 0.2922 -0.9411 -0.1697
vn 0.3774 -0.9240 -0.0613
vn 0.3961 -0.9181 -0.0148
vn 0.4128 -0.9105 0.0234
vn 0.2381 -0.9705 0.0384
vn 0.2478 -0.9301 -0.2709
vn 0.2029 -0.9424 -0.2658
vn 0.1519 -0.9353 -0.3195
vn 0.1349 -0.9369 -0.3225
vn 0.2765 -0.9158 -0.2913
vn 0.3539 -0.9308 -0.0913
vn 0.3438 -0.9319 -0.1159
vn 0.4295 -0.8952 0.1187
vn 0.3772 -0.9177 0.1246
vn 0.4278 -0.9013 0.0672
vn 0.2186 -0.9655 -0.1416
vn 0.6345 -0.7118 -0.3012
vn 0.5584 -0.7517 -0.3508
vn 0.8135 -0.5173 -0.2656
vn 0.0065 -0.9936 -0.1126
vn 0.0249 -0.8608 -0.5083
vn -0.9752 0.0359 -0.2183
vn -0.8732 0.0400 -0.4856
vn -0.9259 0.0387 -0.3757
vn -0.5448 -0.0063 0.8385
vn -0.9431 0.0197 0.3319
vn -0.6857 0.0012 0.7279
vn 0.3744 -0.0369 0.9265
vn 0.0963 -0.0302 0.9949
vn 0.4638 -0.0385 0.8851
vn 0.4262 -0.0378 0.9038
vn 0.5798 -0.0401 0.8138
vn -0.2583 0.0342 -0.9654
vn 0.4275 0.0114 -0.9039
vn 0.4922 0.0086 -0.8704
vn 0.9134 -0.0171 -0.4068
vn 0.9520 -0.0211 -0.3055
vn 0.7716 -0.0064 -0.6360
vn -0.1792 0.0324 -0.9832
vn -0.0917 0.0301 -0.9953
vn 0.1328 0.0232 -0.9908
vn 0.2385 0.0193 -0.9709
vn -0.1646 0.0320 -0.9858
vn -0.3121 0.0356 -0.9494
vn -0.6797 0.0410 -0.7323
vn -0.2674 0.0345 -0.9630
vn 0.6519 0.0007 -0.7583
vn 0.8840 -0.0144 -0.4672
vn 0.9199 -0.0175 -0.3916
vn -0.6147 -0.0026 0.7887
vn -0.2273 -0.0194 0.9736
vn -0.8446 0.0114 0.5352
vn -0.2504 -0.0188 0.9679
vn -0.7837 0.0071 0.6211
vn 0.4487 -0.0383 0.8928
vn 0.3758 -0.0370 0.9259
vn 0.1095 -0.0306 0.9935
vn -0.3082 -0.0165 0.9511
vn -0.8502 0.0119 0.5263
vn 0.5293 -0.0394 0.8475
usemtl Material.011
s 1
f 741/1/1 2191/2/2 2292/3/3 2214/4/4
f 2191/2/2 60/5/5 946/6/6 2292/3/3
f 2292/3/3 946/6/6 428/7/7 2193/8/8
f 2214/4/4 2292/3/3 2193/8/8 743/9/9
f 747/10/10 2197/11/11 2293/12/12 2213/13/13
f 2197/11/11 158/14/14 1192/15/15 2293/12/12
f 2293/12/12 1192/15/15 152/16/16 1196/17/17
f 2213/13/13 2293/12/12 1196/17/17 745/18/18
f 744/19/19 2194/20/20 2294/21/21 2212/22/22
f 2194/20/20 429/23/23 948/24/24 2294/21/21
f 2294/21/21 948/24/24 61/25/25 2192/26/26
f 2212/22/22 2294/21/21 2192/26/26 742/27/27
f 729/28/28 2167/29/29 2399/30/30 2190/31/31
f 2167/29/29 150/32/32 1189/33/33 2399/30/30
f 2399/30/30 1189/33/33 564/34/34 2169/35/35
f 2190/31/31 2399/30/30 2169/35/35 731/36/36
f 735/37/37 2173/38/38 2400/39/39 2189/40/40
f 2173/38/38 159/41/41 1193/42/42 2400/39/39
f 2400/39/39 1193/42/42 153/43/43 1195/44/44
f 2189/40/40 2400/39/39 1195/44/44 733/45/45
f 732/46/46 2170/47/47 2401/48/48 2188/49/49
f 2170/47/47 565/50/50 1191/51/51 2401/48/48
f 2401/48/48 1191/51/51 151/52/52 2168/53/53
f 2188/49/49 2401/48/48 2168/53/53 730/54/54
f 734/55/55 2172/56/56 2402/57/57 2187/58/58
f 2172/56/56 157/59/59 1190/60/60 2402/57/57
f 2402/57/57 1190/60/60 150/32/32 2167/29/29
f 2187/58/58 2402/57/57 2167/29/29 729/28/28
f 746/61/61 2196/62/62 2403/63/63 2211/64/64
f 2196/62/62 155/65/65 947/66/66 2403/63/63
f 2403/63/63 947/66/66 60/5/5 2191/2/2
f 2211/64/64 2403/63/63 2191/2/2 741/1/1
f 745/18/18 1196/17/17 2404/67/67 2210/68/68
f 1196/17/17 152/16/16 1197/69/69 2404/67/67
f 2404/67/67 1197/69/69 155/65/65 2196/62/62
f 2210/68/68 2404/67/67 2196/62/62 746/61/61
f 733/45/45 1195/44/44 2405/70/70 2186/71/71
f 1195/44/44 153/43/43 1199/72/72 2405/70/70
f 2405/70/70 1199/72/72 157/59/59 2172/56/56
f 2186/71/71 2405/70/70 2172/56/56 734/55/55
f 730/54/54 2168/53/53 2406/73/73 2185/74/74
f 2168/53/53 151/52/52 1203/75/75 2406/73/73
f 2406/73/73 1203/75/75 159/41/41 2173/38/38
f 2185/74/74 2406/73/73 2173/38/38 735/37/37
f 742/27/27 2192/26/26 2407/76/76 2209/77/77
f 2192/26/26 61/25/25 1202/78/78 2407/76/76
f 2407/76/76 1202/78/78 158/14/14 2197/11/11
f 2209/77/77 2407/76/76 2197/11/11 747/10/10
f 748/79/79 2208/80/80 2625/81/81 2198/82/82
f 2208/80/80 743/83/9 2193/84/8 2625/81/81
f 2625/81/81 2193/84/8 428/85/7 1642/86/83
f 2198/82/82 2625/81/81 1642/86/83 426/87/84
f 752/88/85 2207/89/86 2626/90/87 2202/91/88
f 2207/89/86 750/92/89 1846/93/90 2626/90/87
f 2626/90/87 1846/93/90 566/94/91 1842/95/92
f 2202/91/88 2626/90/87 1842/95/92 572/96/93
f 744/97/19 2206/98/94 2627/99/95 2194/100/20
f 2206/98/94 749/101/96 2199/102/97 2627/99/95
f 2627/99/95 2199/102/97 427/103/98 1644/104/99
f 2194/100/20 2627/99/95 1644/104/99 429/105/23
f 736/106/100 2184/107/101 2732/108/102 2174/109/103
f 2184/107/101 731/110/36 2169/111/35 2732/108/102
f 2732/108/102 2169/111/35 564/112/34 1839/113/104
f 2174/109/103 2732/108/102 1839/113/104 562/114/105
f 740/115/106 2183/116/107 2733/117/108 2178/118/109
f 2183/116/107 738/119/110 1845/120/111 2733/117/108
f 2733/117/108 1845/120/111 567/121/112 1843/122/113
f 2178/118/109 2733/117/108 1843/122/113 573/123/114
f 732/124/46 2182/125/115 2734/126/116 2170/127/47
f 2182/125/115 737/128/117 2175/129/118 2734/126/116
f 2734/126/116 2175/129/118 563/130/119 1841/131/120
f 2170/127/47 2734/126/116 1841/131/120 565/132/50
f 739/133/121 2181/134/122 2735/135/123 2177/136/124
f 2181/134/122 736/106/100 2174/109/103 2735/135/123
f 2735/135/123 2174/109/103 562/114/105 1840/137/125
f 2177/136/124 2735/135/123 1840/137/125 571/138/126
f 751/139/127 2205/140/128 2736/141/129 2201/142/130
f 2205/140/128 748/79/79 2198/82/82 2736/141/129
f 2736/141/129 2198/82/82 426/87/84 1643/143/131
f 2201/142/130 2736/141/129 1643/143/131 569/144/132
f 750/92/89 2204/145/133 2737/146/134 1846/93/90
f 2204/145/133 751/139/127 2201/142/130 2737/146/134
f 2737/146/134 2201/142/130 569/144/132 1847/147/135
f 1846/93/90 2737/146/134 1847/147/135 566/94/91
f 738/119/110 2180/148/136 2738/149/137 1845/120/111
f 2180/148/136 739/133/121 2177/136/124 2738/149/137
f 2738/149/137 2177/136/124 571/138/126 1849/150/138
f 1845/120/111 2738/149/137 1849/150/138 567/121/112
f 737/128/117 2179/151/139 2739/152/140 2175/129/118
f 2179/151/139 740/115/106 2178/118/109 2739/152/140
f 2739/152/140 2178/118/109 573/123/114 1853/153/141
f 2175/129/118 2739/152/140 1853/153/141 563/130/119
f 749/101/96 2203/154/142 2740/155/143 2199/102/97
f 2203/154/142 752/88/85 2202/91/88 2740/155/143
f 2740/155/143 2202/91/88 572/96/93 1852/156/144
f 2199/102/97 2740/155/143 1852/156/144 427/103/98
f 427/103/98 1852/156/144 2902/157/145 1641/158/146
f 1852/156/144 572/96/93 1855/159/147 2902/157/145
f 2902/157/145 1855/159/147 740/115/106 2179/151/139
f 1641/158/146 2902/157/145 2179/151/139 737/128/117
f 566/94/91 1847/147/135 2903/160/148 2176/161/149
f 1847/147/135 569/144/132 1851/162/150 2903/160/148
f 2903/160/148 1851/162/150 739/133/121 2180/148/136
f 2176/161/149 2903/160/148 2180/148/136 738/119/110
f 569/144/132 1643/143/131 2904/163/151 1851/162/150
f 1643/143/131 426/87/84 1640/164/152 2904/163/151
f 2904/163/151 1640/164/152 736/106/100 2181/134/122
f 1851/162/150 2904/163/151 2181/134/122 739/133/121
f 429/105/23 1644/104/99 2905/165/153 945/166/154
f 1644/104/99 427/103/98 1641/158/146 2905/165/153
f 2905/165/153 1641/158/146 737/128/117 2182/125/115
f 945/166/154 2905/165/153 2182/125/115 732/124/46
f 572/96/93 1842/95/92 2906/167/155 1855/159/147
f 1842/95/92 566/94/91 2176/161/149 2906/167/155
f 2906/167/155 2176/161/149 738/119/110 2183/116/107
f 1855/159/147 2906/167/155 2183/116/107 740/115/106
f 426/87/84 1642/86/83 2907/168/156 1640/164/152
f 1642/86/83 428/85/7 944/169/157 2907/168/156
f 2907/168/156 944/169/157 731/110/36 2184/107/101
f 1640/164/152 2907/168/156 2184/107/101 736/106/100
f 61/25/25 943/170/158 2908/171/159 1202/78/78
f 943/170/158 730/54/54 2185/74/74 2908/171/159
f 2908/171/159 2185/74/74 735/37/37 1205/172/160
f 1202/78/78 2908/171/159 1205/172/160 158/14/14
f 152/16/16 2171/173/161 2909/174/162 1197/69/69
f 2171/173/161 733/45/45 2186/71/71 2909/174/162
f 2909/174/162 2186/71/71 734/55/55 1201/175/163
f 1197/69/69 2909/174/162 1201/175/163 155/65/65
f 155/65/65 1201/175/163 2910/176/164 947/66/66
f 1201/175/163 734/55/55 2187/58/58 2910/176/164
f 2910/176/164 2187/58/58 729/28/28 942/177/165
f 947/66/66 2910/176/164 942/177/165 60/5/5
f 429/23/23 945/178/154 2911/179/166 948/24/24
f 945/178/154 732/46/46 2188/49/49 2911/179/166
f 2911/179/166 2188/49/49 730/54/54 943/170/158
f 948/24/24 2911/179/166 943/170/158 61/25/25
f 158/14/14 1205/172/160 2912/180/167 1192/15/15
f 1205/172/160 735/37/37 2189/40/40 2912/180/167
f 2912/180/167 2189/40/40 733/45/45 2171/173/161
f 1192/15/15 2912/180/167 2171/173/161 152/16/16
f 60/5/5 942/177/165 2913/181/168 946/6/6
f 942/177/165 729/28/28 2190/31/31 2913/181/168
f 2913/181/168 2190/31/31 731/36/36 944/182/157
f 946/6/6 2913/181/168 944/182/157 428/7/7
f 559/183/169 1854/184/170 2914/185/171 1833/186/172
f 1854/184/170 574/187/173 1856/188/174 2914/185/171
f 2914/185/171 1856/188/174 752/88/85 2203/154/142
f 1833/186/172 2914/185/171 2203/154/142 749/101/96
f 568/189/175 1848/190/176 2915/191/177 2200/192/178
f 1848/190/176 570/193/179 1850/194/180 2915/191/177
f 2915/191/177 1850/194/180 751/139/127 2204/145/133
f 2200/192/178 2915/191/177 2204/145/133 750/92/89
f 570/193/179 1835/195/181 2916/196/182 1850/194/180
f 1835/195/181 558/197/183 1832/198/184 2916/196/182
f 2916/196/182 1832/198/184 748/79/79 2205/140/128
f 1850/194/180 2916/196/182 2205/140/128 751/139/127
f 561/199/185 1834/200/186 2917/201/187 1181/202/188
f 1834/200/186 559/183/169 1833/186/172 2917/201/187
f 2917/201/187 1833/186/172 749/101/96 2206/98/94
f 1181/202/188 2917/201/187 2206/98/94 744/97/19
f 574/187/173 1844/203/189 2918/204/190 1856/188/174
f 1844/203/189 568/189/175 2200/192/178 2918/204/190
f 2918/204/190 2200/192/178 750/92/89 2207/89/86
f 1856/188/174 2918/204/190 2207/89/86 752/88/85
f 558/205/183 1836/206/191 2919/207/192 1832/208/184
f 1836/206/191 560/209/193 1180/210/194 2919/207/192
f 2919/207/192 1180/210/194 743/9/9 2208/211/80
f 1832/208/184 2919/207/192 2208/211/80 748/212/79
f 149/213/195 1179/214/196 2920/215/197 1204/216/198
f 1179/214/196 742/27/27 2209/77/77 2920/215/197
f 2920/215/197 2209/77/77 747/10/10 1206/217/199
f 1204/216/198 2920/215/197 1206/217/199 160/218/200
f 154/219/201 2195/220/202 2921/221/203 1198/222/204
f 2195/220/202 745/18/18 2210/68/68 2921/221/203
f 2921/221/203 2210/68/68 746/61/61 1200/223/205
f 1198/222/204 2921/221/203 1200/223/205 156/224/206
f 156/224/206 1200/223/205 2922/225/207 1183/226/208
f 1200/223/205 746/61/61 2211/64/64 2922/225/207
f 2922/225/207 2211/64/64 741/1/1 1178/227/209
f 1183/226/208 2922/225/207 1178/227/209 148/228/210
f 561/229/185 1181/230/188 2923/231/211 1182/232/212
f 1181/230/188 744/19/19 2212/22/22 2923/231/211
f 2923/231/211 2212/22/22 742/27/27 1179/214/196
f 1182/232/212 2923/231/211 1179/214/196 149/213/195
f 160/218/200 1206/217/199 2924/233/213 1194/234/214
f 1206/217/199 747/10/10 2213/13/13 2924/233/213
f 2924/233/213 2213/13/13 745/18/18 2195/220/202
f 1194/234/214 2924/233/213 2195/220/202 154/219/201
f 148/228/210 1178/227/209 2925/235/215 1184/236/216
f 1178/227/209 741/1/1 2214/4/4 2925/235/215
f 2925/235/215 2214/4/4 743/9/9 1180/210/194
f 1184/236/216 2925/235/215 1180/210/194 560/209/193
usemtl metal.001
f 487/237/217 1047/238/218 2215/239/219 1050/240/220
f 1047/238/218 319/241/221 756/242/222 2215/239/219
f 2215/239/219 756/242/222 3/243/223 1045/244/224
f 1050/240/220 2215/239/219 1045/244/224 91/245/225
f 312/246/226 1500/247/227 2216/248/228 1052/249/229
f 1500/247/227 311/250/230 1051/251/231 2216/248/228
f 2216/248/228 1051/251/231 92/252/232 1054/253/233
f 1052/249/229 2216/248/228 1054/253/233 94/254/234
f 90/255/235 1044/256/236 2217/257/237 1048/258/238
f 1044/256/236 1/259/239 760/260/240 2217/257/237
f 2217/257/237 760/260/240 318/261/241 1046/262/242
f 1048/258/238 2217/257/237 1046/262/242 486/263/243
f 95/264/244 1055/265/245 2218/266/246 1061/267/247
f 1055/265/245 12/268/248 795/269/249 2218/266/246
f 2218/266/246 795/269/249 344/270/250 1057/271/251
f 1061/267/247 2218/266/246 1057/271/251 493/272/252
f 70/273/253 974/274/254 2219/275/255 980/276/256
f 974/274/254 11/277/257 796/278/258 2219/275/255
f 2219/275/255 796/278/258 343/279/259 976/280/260
f 980/276/256 2219/275/255 976/280/260 446/281/261
f 58/282/262 937/283/263 2220/284/264 941/285/265
f 937/283/263 10/286/266 797/287/267 2220/284/264
f 2220/284/264 797/287/267 342/288/268 938/289/269
f 941/285/265 2220/284/264 938/289/269 424/290/270
f 35/291/271 866/292/272 2221/293/273 872/294/274
f 866/292/272 9/295/275 798/296/276 2221/293/273
f 2221/293/273 798/296/276 341/297/277 868/298/278
f 872/294/274 2221/293/273 868/298/278 383/299/279
f 21/300/280 819/301/281 2222/302/282 825/303/283
f 819/301/281 8/304/284 799/305/285 2222/302/282
f 2222/302/282 799/305/285 340/306/286 821/307/287
f 825/303/283 2222/302/282 821/307/287 355/308/288
f 54/309/289 923/310/290 2223/311/291 929/312/292
f 923/310/290 7/313/293 800/314/294 2223/311/291
f 2223/311/291 800/314/294 339/315/295 925/316/296
f 929/312/292 2223/311/291 925/316/296 416/317/297
f 50/318/298 909/319/299 2224/320/300 915/321/301
f 909/319/299 6/322/302 801/323/303 2224/320/300
f 2224/320/300 801/323/303 338/324/304 911/325/305
f 915/321/301 2224/320/300 911/325/305 408/326/306
f 84/327/307 1023/328/308 2225/329/309 1029/330/310
f 1023/328/308 5/331/311 802/332/312 2225/329/309
f 2225/329/309 802/332/312 337/333/313 1025/334/314
f 1029/330/310 2225/329/309 1025/334/314 474/335/315
f 231/336/316 1353/337/317 2226/338/318 1060/339/319
f 1353/337/317 217/340/320 803/341/321 2226/338/318
f 2226/338/318 803/341/321 12/342/248 1055/343/245
f 1060/339/319 2226/338/318 1055/343/245 95/344/244
f 224/345/322 1352/346/323 2227/347/324 979/348/325
f 1352/346/323 218/349/326 804/350/327 2227/347/324
f 2227/347/324 804/350/327 11/351/257 974/352/254
f 979/348/325 2227/347/324 974/352/254 70/353/253
f 132/354/328 1161/355/329 2228/356/330 871/357/331
f 1161/355/329 126/358/332 806/359/333 2228/356/330
f 2228/356/330 806/359/333 9/360/275 866/361/272
f 871/357/331 2228/356/330 866/361/272 35/362/271
f 131/363/334 1160/364/335 2229/365/336 824/366/337
f 1160/364/335 127/367/338 807/368/339 2229/365/336
f 2229/365/336 807/368/339 8/369/284 819/370/281
f 824/366/337 2229/365/336 819/370/281 21/371/280
f 136/372/340 1159/373/341 2230/374/342 928/375/343
f 1159/373/341 128/376/344 808/377/345 2230/374/342
f 2230/374/342 808/377/345 7/378/293 923/379/290
f 928/375/343 2230/374/342 923/379/290 54/380/289
f 134/381/346 1158/382/347 2231/383/348 914/384/349
f 1158/382/347 129/385/350 809/386/351 2231/383/348
f 2231/383/348 809/386/351 6/387/302 909/388/299
f 914/384/349 2231/383/348 909/388/299 50/389/298
f 137/390/352 1157/391/353 2232/392/354 1028/393/355
f 1157/391/353 130/394/356 810/395/357 2232/392/354
f 2232/392/354 810/395/357 5/396/311 1023/397/308
f 1028/393/355 2232/392/354 1023/397/308 84/398/307
f 494/399/358 1058/400/359 2233/401/360 1059/402/361
f 1058/400/359 352/403/362 811/404/363 2233/401/360
f 2233/401/360 811/404/363 20/405/364 1056/406/365
f 1059/402/361 2233/401/360 1056/406/365 96/407/366
f 447/408/367 977/409/368 2234/410/369 978/411/370
f 977/409/368 351/412/371 812/413/372 2234/410/369
f 2234/410/369 812/413/372 19/414/373 975/415/374
f 978/411/370 2234/410/369 975/415/374 71/416/375
f 384/417/376 869/418/377 2235/419/378 870/420/379
f 869/418/377 349/421/380 814/422/381 2235/419/378
f 2235/419/378 814/422/381 17/423/382 867/424/383
f 870/420/379 2235/419/378 867/424/383 36/425/384
f 356/426/385 822/427/386 2236/428/387 823/429/388
f 822/427/386 348/430/389 815/431/390 2236/428/387
f 2236/428/387 815/431/390 16/432/391 820/433/392
f 823/429/388 2236/428/387 820/433/392 22/434/393
f 417/435/394 926/436/395 2237/437/396 927/438/397
f 926/436/395 347/439/398 816/440/399 2237/437/396
f 2237/437/396 816/440/399 15/441/400 924/442/401
f 927/438/397 2237/437/396 924/442/401 55/443/402
f 409/444/403 912/445/404 2238/446/405 913/447/406
f 912/445/404 346/448/407 817/449/408 2238/446/405
f 2238/446/405 817/449/408 14/450/409 910/451/410
f 913/447/406 2238/446/405 910/451/410 51/452/411
f 475/453/412 1026/454/413 2239/455/414 1027/456/415
f 1026/454/413 345/457/416 818/458/417 2239/455/414
f 2239/455/414 818/458/417 13/459/418 1024/460/419
f 1027/456/415 2239/455/414 1024/460/419 85/461/420
f 349/421/380 791/462/421 2240/463/422 814/422/381
f 791/462/421 356/426/385 823/429/388 2240/463/422
f 2240/463/422 823/429/388 22/434/393 775/464/423
f 814/422/381 2240/463/422 775/464/423 17/423/382
f 126/358/332 1156/465/424 2241/466/425 806/359/333
f 1156/465/424 131/363/334 824/366/337 2241/466/425
f 2241/466/425 824/366/337 21/371/280 767/467/426
f 806/359/333 2241/466/425 767/467/426 9/360/275
f 9/295/275 767/468/426 2242/469/427 798/296/276
f 767/468/426 21/300/280 825/303/283 2242/469/427
f 2242/469/427 825/303/283 355/308/288 783/470/428
f 798/296/276 2242/469/427 783/470/428 341/297/277
f 513/471/429 1090/472/430 2243/473/431 1093/474/432
f 1090/472/430 360/475/433 830/476/434 2243/473/431
f 2243/473/431 830/476/434 24/477/435 1088/478/436
f 1093/474/432 2243/473/431 1088/478/436 107/479/437
f 107/479/437 1088/478/436 2244/480/438 1092/481/439
f 1088/478/436 24/477/435 831/482/440 2244/480/438
f 2244/480/438 831/482/440 23/483/441 1087/484/442
f 1092/481/439 2244/480/438 1087/484/442 106/485/443
f 106/485/443 1087/484/442 2245/486/444 1091/487/445
f 1087/484/442 23/483/441 832/488/446 2245/486/444
f 2245/486/444 832/488/446 359/489/447 1089/490/448
f 1091/487/445 2245/486/444 1089/490/448 512/491/449
f 565/492/50 1188/493/450 2246/494/451 1191/495/51
f 1188/493/450 364/496/452 837/497/453 2246/494/451
f 2246/494/451 837/497/453 26/498/454 1186/499/455
f 1191/495/51 2246/494/451 1186/499/455 151/500/52
f 151/501/52 1186/502/455 2247/503/456 1203/504/75
f 26/505/454 838/506/457 2247/503/456 1186/502/455
f 25/507/458 1185/508/459 2247/503/456 838/506/457
f 150/509/32 1190/510/60 2247/503/456 1185/508/459
f 157/511/59 1199/512/72 2247/503/456 1190/510/60
f 153/513/43 1193/514/42 2247/503/456 1199/512/72
f 159/515/41 1203/504/75 2247/503/456 1193/514/42
f 150/516/32 1185/517/459 2248/518/460 1189/519/33
f 1185/517/459 25/520/458 839/521/461 2248/518/460
f 2248/518/460 839/521/461 363/522/462 1187/523/463
f 1189/519/33 2248/518/460 1187/523/463 564/524/34
f 421/525/464 933/526/465 2249/527/466 936/528/467
f 933/526/465 368/529/468 844/530/469 2249/527/466
f 2249/527/466 844/530/469 28/531/470 931/532/471
f 936/528/467 2249/527/466 931/532/471 57/533/472
f 57/534/472 931/535/471 2250/536/473 935/537/474
f 931/535/471 28/538/470 845/539/475 2250/536/473
f 2250/536/473 845/539/475 27/540/476 930/541/477
f 935/537/474 2250/536/473 930/541/477 56/542/478
f 56/543/478 930/544/477 2251/545/479 934/546/480
f 930/544/477 27/547/476 846/548/481 2251/545/479
f 2251/545/479 846/548/481 367/549/482 932/550/483
f 934/546/480 2251/545/479 932/550/483 420/551/484
f 368/552/468 843/553/485 2252/554/486 844/555/469
f 843/553/485 372/556/487 851/557/488 2252/554/486
f 2252/554/486 851/557/488 30/558/489 841/559/490
f 844/555/469 2252/554/486 841/559/490 28/560/470
f 28/538/470 841/561/490 2253/562/491 845/539/475
f 841/561/490 30/563/489 852/564/492 2253/562/491
f 2253/562/491 852/564/492 29/565/493 840/566/494
f 845/539/475 2253/562/491 840/566/494 27/540/476
f 27/567/476 840/568/494 2254/569/495 846/570/481
f 840/568/494 29/571/493 853/572/496 2254/569/495
f 2254/569/495 853/572/496 371/573/497 842/574/498
f 846/570/481 2254/569/495 842/574/498 367/575/482
f 372/556/487 850/576/499 2255/577/500 851/557/488
f 850/576/499 376/578/501 858/579/502 2255/577/500
f 2255/577/500 858/579/502 32/580/503 848/581/504
f 851/557/488 2255/577/500 848/581/504 30/558/489
f 30/563/489 848/582/504 2256/583/505 852/564/492
f 848/582/504 32/584/503 859/585/506 2256/583/505
f 2256/583/505 859/585/506 31/586/507 847/587/508
f 852/564/492 2256/583/505 847/587/508 29/565/493
f 29/588/493 847/589/508 2257/590/509 853/591/496
f 847/589/508 31/592/507 860/593/510 2257/590/509
f 2257/590/509 860/593/510 375/594/511 849/595/512
f 853/591/496 2257/590/509 849/595/512 371/596/497
f 376/578/501 857/597/513 2258/598/514 858/579/502
f 857/597/513 380/599/515 863/600/516 2258/598/514
f 2258/598/514 863/600/516 34/601/517 855/602/518
f 858/579/502 2258/598/514 855/602/518 32/580/503
f 32/584/503 855/603/518 2259/604/519 859/585/506
f 34/605/517 1166/606/520 2259/604/519 855/603/518
f 143/607/521 864/608/522 2259/604/519 1166/606/520
f 33/609/523 854/610/524 2259/604/519 864/608/522
f 31/586/507 859/585/506 2259/604/519 854/610/524
f 31/592/507 854/611/524 2260/612/525 860/593/510
f 854/611/524 33/613/523 865/614/526 2260/612/525
f 2260/612/525 865/614/526 379/615/527 856/616/528
f 860/593/510 2260/612/525 856/616/528 375/594/511
f 392/617/529 883/618/530 2261/619/531 886/620/532
f 883/618/530 384/417/376 870/420/379 2261/619/531
f 2261/619/531 870/420/379 36/425/384 881/621/533
f 886/620/532 2261/619/531 881/621/533 40/622/534
f 40/623/534 881/624/533 2262/625/535 895/626/536
f 36/627/384 1474/628/537 2262/625/535 881/624/533
f 301/629/538 1420/630/539 2262/625/535 1474/628/537
f 273/631/540 1447/632/541 2262/625/535 1420/630/539
f 287/633/542 1393/634/543 2262/625/535 1447/632/541
f 259/635/544 1141/636/545 2262/625/535 1393/634/543
f 132/354/328 1163/637/546 2262/625/535 1141/636/545
f 140/638/547 1162/639/548 2262/625/535 1163/637/546
f 45/640/549 895/626/536 2262/625/535 1162/639/548
f 39/641/550 880/642/551 2263/643/552 884/644/553
f 880/642/551 35/291/271 872/294/274 2263/643/552
f 2263/643/552 872/294/274 383/299/279 882/645/554
f 884/644/553 2263/643/552 882/645/554 391/646/555
f 33/647/523 861/648/556 2264/649/557 865/650/526
f 861/648/556 37/651/558 877/652/559 2264/649/557
f 2264/649/557 877/652/559 387/653/560 862/654/561
f 865/650/526 2264/649/557 862/654/561 379/655/527
f 34/605/517 901/656/562 2265/657/563 1166/606/520
f 901/656/562 47/658/564 1165/659/565 2265/657/563
f 2265/657/563 1165/659/565 142/660/566 1167/661/567
f 1166/606/520 2265/657/563 1167/661/567 143/607/521
f 41/662/568 887/663/569 2266/664/570 893/665/571
f 887/663/569 39/641/550 884/644/553 2266/664/570
f 2266/664/570 884/644/553 391/646/555 889/666/572
f 893/665/571 2266/664/570 889/666/572 395/667/573
f 42/668/574 888/669/575 2267/670/576 894/671/577
f 888/669/575 40/623/534 895/626/536 2267/670/576
f 2267/670/576 895/626/536 45/640/549 899/672/578
f 894/671/577 2267/670/576 899/672/578 43/673/579
f 396/674/580 890/675/581 2268/676/582 891/677/583
f 890/675/581 392/617/529 886/620/532 2268/676/582
f 2268/676/582 886/620/532 40/622/534 888/678/575
f 891/677/583 2268/676/582 888/678/575 42/679/574
f 388/680/584 876/681/585 2269/682/586 879/683/587
f 876/681/585 396/674/580 891/677/583 2269/682/586
f 2269/682/586 891/677/583 42/679/574 874/684/588
f 879/683/587 2269/682/586 874/684/588 38/685/589
f 38/686/589 874/687/588 2270/688/590 896/689/591
f 874/687/588 42/668/574 894/671/577 2270/688/590
f 2270/688/590 894/671/577 43/673/579 897/690/592
f 896/689/591 2270/688/590 897/690/592 46/691/593
f 37/651/558 873/692/594 2271/693/595 877/652/559
f 873/692/594 41/662/568 893/665/571 2271/693/595
f 2271/693/595 893/665/571 395/667/573 875/694/596
f 877/652/559 2271/693/595 875/694/596 387/653/560
f 47/658/564 898/695/597 2272/696/598 1165/659/565
f 898/695/597 44/697/599 1164/698/600 2272/696/598
f 2272/696/598 1164/698/600 141/699/601 1168/700/602
f 1165/659/565 2272/696/598 1168/700/602 142/660/566
f 44/697/599 900/701/603 2273/702/604 1164/698/600
f 900/701/603 45/640/549 1162/639/548 2273/702/604
f 2273/702/604 1162/639/548 140/638/547 1169/703/605
f 1164/698/600 2273/702/604 1169/703/605 141/699/601
f 413/704/606 919/705/607 2274/706/608 922/707/609
f 919/705/607 405/708/610 906/709/611 2274/706/608
f 2274/706/608 906/709/611 49/710/612 917/711/613
f 922/707/609 2274/706/608 917/711/613 53/712/614
f 135/713/615 1155/714/616 2275/715/617 921/716/618
f 1155/714/616 133/717/619 907/718/620 2275/715/617
f 2275/715/617 907/718/620 48/719/621 916/720/622
f 921/716/618 2275/715/617 916/720/622 52/721/623
f 52/722/623 916/723/622 2276/724/624 920/725/625
f 916/723/622 48/726/621 908/727/626 2276/724/624
f 2276/724/624 908/727/626 404/728/627 918/729/628
f 920/725/625 2276/724/624 918/729/628 412/730/629
f 405/708/610 905/731/630 2277/732/631 906/709/611
f 905/731/630 409/444/403 913/447/406 2277/732/631
f 2277/732/631 913/447/406 51/452/411 903/733/632
f 906/709/611 2277/732/631 903/733/632 49/710/612
f 133/717/619 1154/734/633 2278/735/634 907/718/620
f 1154/734/633 134/381/346 914/384/349 2278/735/634
f 2278/735/634 914/384/349 50/389/298 902/736/635
f 907/718/620 2278/735/634 902/736/635 48/719/621
f 48/726/621 902/737/635 2279/738/636 908/727/626
f 902/737/635 50/318/298 915/321/301 2279/738/636
f 2279/738/636 915/321/301 408/326/306 904/739/637
f 908/727/626 2279/738/636 904/739/637 404/728/627
f 7/313/293 765/740/638 2280/741/639 800/314/294
f 765/740/638 52/722/623 920/725/625 2280/741/639
f 2280/741/639 920/725/625 412/730/629 781/742/640
f 800/314/294 2280/741/639 781/742/640 339/315/295
f 128/376/344 1153/743/641 2281/744/642 808/377/345
f 1153/743/641 135/713/615 921/716/618 2281/744/642
f 2281/744/642 921/716/618 52/721/623 765/745/638
f 808/377/345 2281/744/642 765/745/638 7/378/293
f 347/439/398 789/746/643 2282/747/644 816/440/399
f 789/746/643 413/704/606 922/707/609 2282/747/644
f 2282/747/644 922/707/609 53/712/614 773/748/645
f 816/440/399 2282/747/644 773/748/645 15/441/400
f 348/430/389 790/749/646 2283/750/647 815/431/390
f 790/749/646 417/751/394 927/752/397 2283/750/647
f 2283/750/647 927/752/397 55/753/402 774/754/648
f 815/431/390 2283/750/647 774/754/648 16/432/391
f 127/367/338 1152/755/649 2284/756/650 807/368/339
f 1152/755/649 136/372/340 928/375/343 2284/756/650
f 2284/756/650 928/375/343 54/380/289 766/757/651
f 807/368/339 2284/756/650 766/757/651 8/369/284
f 8/758/284 766/759/651 2285/760/652 799/761/285
f 766/759/651 54/309/289 929/312/292 2285/760/652
f 2285/760/652 929/312/292 416/317/297 782/762/653
f 799/761/285 2285/760/652 782/762/653 340/763/286
f 179/764/654 1242/765/655 2286/766/656 1248/767/657
f 1242/765/655 56/768/478 934/769/480 2286/766/656
f 2286/766/656 934/769/480 420/770/484 1244/771/658
f 1248/767/657 2286/766/656 1244/771/658 595/772/659
f 180/773/660 1243/774/661 2287/775/662 1247/776/663
f 1243/774/661 57/534/472 935/537/474 2287/775/662
f 2287/775/662 935/537/474 56/542/478 1242/777/655
f 1247/776/663 2287/775/662 1242/777/655 179/778/654
f 596/779/664 1245/780/665 2288/781/666 1246/782/667
f 1245/780/665 421/783/464 936/784/467 2288/781/666
f 2288/781/666 936/784/467 57/785/472 1243/786/661
f 1246/782/667 2288/781/666 1243/786/661 180/787/660
f 437/788/668 959/789/669 2289/790/670 962/791/671
f 959/789/669 425/792/672 939/793/673 2289/790/670
f 2289/790/670 939/793/673 59/794/674 957/795/675
f 962/791/671 2289/790/670 957/795/675 65/796/676
f 65/797/676 957/798/675 2290/799/677 963/800/678
f 59/801/674 965/802/679 2290/799/677 957/798/675
f 67/803/680 963/800/678 2290/799/677 965/802/679
f 64/804/681 956/805/682 2291/806/683 960/807/684
f 956/805/682 58/282/262 941/285/265 2291/806/683
f 2291/806/683 941/285/265 424/290/270 958/808/685
f 960/807/684 2291/806/683 958/808/685 436/809/686
f 68/810/687 967/811/688 2295/812/689 973/813/690
f 967/811/688 62/814/691 953/815/692 2295/812/689
f 2295/812/689 953/815/692 432/816/693 969/817/694
f 973/813/690 2295/812/689 969/817/694 442/818/695
f 223/819/696 1351/820/697 2296/821/698 972/822/699
f 1351/820/697 221/823/700 954/824/701 2296/821/698
f 2296/821/698 954/824/701 62/825/691 967/826/688
f 972/822/699 2296/821/698 967/826/688 68/827/687
f 443/828/702 970/829/703 2297/830/704 971/831/705
f 970/829/703 433/832/706 955/833/707 2297/830/704
f 2297/830/704 955/833/707 63/834/708 968/835/709
f 971/831/705 2297/830/704 968/835/709 69/836/710
f 62/814/691 949/837/711 2298/838/712 953/815/692
f 949/837/711 64/804/681 960/807/684 2298/838/712
f 2298/838/712 960/807/684 436/809/686 951/839/713
f 953/815/692 2298/838/712 951/839/713 432/816/693
f 63/840/708 950/841/714 2299/842/715 1356/843/716
f 65/797/676 963/800/678 2299/842/715 950/841/714
f 67/803/680 1171/844/717 2299/842/715 963/800/678
f 145/845/718 1177/846/719 2299/842/715 1171/844/717
f 114/847/720 1110/848/721 2299/842/715 1177/846/719
f 237/849/722 1356/843/716 2299/842/715 1110/848/721
f 433/832/706 952/850/723 2300/851/724 955/833/707
f 952/850/723 437/788/668 962/791/671 2300/851/724
f 2300/851/724 962/791/671 65/796/676 950/852/714
f 955/833/707 2300/851/724 950/852/714 63/834/708
f 67/803/680 964/853/725 2301/854/726 1171/844/717
f 964/853/725 66/855/727 1172/856/728 2301/854/726
f 2301/854/726 1172/856/728 146/857/729 1174/858/730
f 1171/844/717 2301/854/726 1174/858/730 145/845/718
f 66/855/727 966/859/731 2302/860/732 1172/856/728
f 966/859/731 18/861/733 1170/862/734 2302/860/732
f 2302/860/732 1170/862/734 144/863/735 1175/864/736
f 1172/856/728 2302/860/732 1175/864/736 146/857/729
f 351/412/371 793/865/737 2303/866/738 812/413/372
f 793/865/737 443/828/702 971/831/705 2303/866/738
f 2303/866/738 971/831/705 69/836/710 777/867/739
f 812/413/372 2303/866/738 777/867/739 19/414/373
f 218/349/326 1350/868/740 2304/869/741 804/350/327
f 1350/868/740 223/819/696 972/822/699 2304/869/741
f 2304/869/741 972/822/699 68/827/687 769/870/742
f 804/350/327 2304/869/741 769/870/742 11/351/257
f 11/871/257 769/872/742 2305/873/743 796/874/258
f 769/872/742 68/810/687 973/813/690 2305/873/743
f 2305/873/743 973/813/690 442/818/695 785/875/744
f 796/874/258 2305/873/743 785/875/744 343/876/259
f 451/877/745 984/878/746 2306/879/747 987/880/748
f 984/878/746 447/408/367 978/411/370 2306/879/747
f 2306/879/747 978/411/370 71/416/375 982/881/749
f 987/880/748 2306/879/747 982/881/749 73/882/750
f 225/883/751 1349/884/752 2307/885/753 986/886/754
f 1349/884/752 224/345/322 979/348/325 2307/885/753
f 2307/885/753 979/348/325 70/353/253 981/887/755
f 986/886/754 2307/885/753 981/887/755 72/888/756
f 72/889/756 981/890/755 2308/891/757 985/892/758
f 981/890/755 70/273/253 980/276/256 2308/891/757
f 2308/891/757 980/276/256 446/281/261 983/893/759
f 985/892/758 2308/891/757 983/893/759 450/894/760
f 74/895/761 988/896/762 2309/897/763 994/898/764
f 988/896/762 72/889/756 985/892/758 2309/897/763
f 2309/897/763 985/892/758 450/894/760 990/899/765
f 994/898/764 2309/897/763 990/899/765 454/900/766
f 226/901/767 1348/902/768 2310/903/769 993/904/770
f 1348/902/768 225/883/751 986/886/754 2310/903/769
f 2310/903/769 986/886/754 72/888/756 988/905/762
f 993/904/770 2310/903/769 988/905/762 74/906/761
f 455/907/771 991/908/772 2311/909/773 992/910/774
f 991/908/772 451/911/745 987/912/748 2311/909/773
f 2311/909/773 987/912/748 73/913/750 989/914/775
f 992/910/774 2311/909/773 989/914/775 75/915/776
f 459/916/777 998/917/778 2312/918/779 1001/919/780
f 998/917/778 455/920/771 992/921/774 2312/918/779
f 2312/918/779 992/921/774 75/922/776 996/923/781
f 1001/919/780 2312/918/779 996/923/781 77/924/782
f 227/925/783 1347/926/784 2313/927/785 1000/928/786
f 1347/926/784 226/901/767 993/904/770 2313/927/785
f 2313/927/785 993/904/770 74/906/761 995/929/787
f 1000/928/786 2313/927/785 995/929/787 76/930/788
f 76/931/788 995/932/787 2314/933/789 999/934/790
f 995/932/787 74/895/761 994/898/764 2314/933/789
f 2314/933/789 994/898/764 454/900/766 997/935/791
f 999/934/790 2314/933/789 997/935/791 458/936/792
f 78/937/793 1002/938/794 2315/939/795 1008/940/796
f 1002/938/794 76/931/788 999/934/790 2315/939/795
f 2315/939/795 999/934/790 458/936/792 1004/941/797
f 1008/940/796 2315/939/795 1004/941/797 462/942/798
f 228/943/799 1346/944/800 2316/945/801 1007/946/802
f 1346/944/800 227/925/783 1000/928/786 2316/945/801
f 2316/945/801 1000/928/786 76/930/788 1002/947/794
f 1007/946/802 2316/945/801 1002/947/794 78/948/793
f 463/949/803 1005/950/804 2317/951/805 1006/952/806
f 1005/950/804 459/916/777 1001/919/780 2317/951/805
f 2317/951/805 1001/919/780 77/924/782 1003/953/807
f 1006/952/806 2317/951/805 1003/953/807 79/954/808
f 467/955/809 1012/956/810 2318/957/811 1015/958/812
f 1012/956/810 463/959/803 1006/960/806 2318/957/811
f 2318/957/811 1006/960/806 79/961/808 1010/962/813
f 1015/958/812 2318/957/811 1010/962/813 81/963/814
f 229/964/815 1345/965/816 2319/966/817 1014/967/818
f 1345/965/816 228/943/799 1007/946/802 2319/966/817
f 2319/966/817 1007/946/802 78/948/793 1009/968/819
f 1014/967/818 2319/966/817 1009/968/819 80/969/820
f 80/970/820 1009/971/819 2320/972/821 1013/973/822
f 1009/971/819 78/937/793 1008/940/796 2320/972/821
f 2320/972/821 1008/940/796 462/942/798 1011/974/823
f 1013/973/822 2320/972/821 1011/974/823 466/975/824
f 82/976/825 1016/977/826 2321/978/827 1022/979/828
f 1016/977/826 80/980/820 1013/981/822 2321/978/827
f 2321/978/827 1013/981/822 466/982/824 1018/983/829
f 1022/979/828 2321/978/827 1018/983/829 470/984/830
f 230/985/831 1344/986/832 2322/987/833 1021/988/834
f 1344/986/832 229/964/815 1014/967/818 2322/987/833
f 2322/987/833 1014/967/818 80/969/820 1016/989/826
f 1021/988/834 2322/987/833 1016/989/826 82/990/825
f 471/991/835 1019/992/836 2323/993/837 1020/994/838
f 1019/992/836 467/995/809 1015/996/812 2323/993/837
f 2323/993/837 1015/996/812 81/997/814 1017/998/839
f 1020/994/838 2323/993/837 1017/998/839 83/999/840
f 352/403/362 794/1000/841 2324/1001/842 811/404/363
f 794/1000/841 471/991/835 1020/994/838 2324/1001/842
f 2324/1001/842 1020/994/838 83/999/840 778/1002/843
f 811/404/363 2324/1001/842 778/1002/843 20/405/364
f 217/340/320 1343/1003/844 2325/1004/845 803/341/321
f 1343/1003/844 230/985/831 1021/988/834 2325/1004/845
f 2325/1004/845 1021/988/834 82/990/825 770/1005/846
f 803/341/321 2325/1004/845 770/1005/846 12/342/248
f 12/268/248 770/1006/846 2326/1007/847 795/269/249
f 770/1006/846 82/976/825 1022/979/828 2326/1007/847
f 2326/1007/847 1022/979/828 470/984/830 786/1008/848
f 795/269/249 2326/1007/847 786/1008/848 344/270/250
f 346/1009/407 788/1010/849 2327/1011/850 817/1012/408
f 788/1010/849 475/453/412 1027/456/415 2327/1011/850
f 2327/1011/850 1027/456/415 85/461/420 772/1013/851
f 817/1012/408 2327/1011/850 772/1013/851 14/1014/409
f 129/385/350 1151/1015/852 2328/1016/853 809/386/351
f 1151/1015/852 137/390/352 1028/393/355 2328/1016/853
f 2328/1016/853 1028/393/355 84/398/307 764/1017/854
f 809/386/351 2328/1016/853 764/1017/854 6/387/302
f 6/1018/302 764/1019/854 2329/1020/855 801/1021/303
f 764/1019/854 84/327/307 1029/330/310 2329/1020/855
f 2329/1020/855 1029/330/310 474/335/315 780/1022/856
f 801/1021/303 2329/1020/855 780/1022/856 338/1023/304
f 88/1024/857 1037/1025/858 2330/1026/859 1043/1027/860
f 1037/1025/858 86/1028/861 1034/1029/862 2330/1026/859
f 2330/1026/859 1034/1029/862 478/1030/863 1039/1031/864
f 1043/1027/860 2330/1026/859 1039/1031/864 482/1032/865
f 139/1033/866 1150/1034/867 2331/1035/868 1042/1036/869
f 1150/1034/867 138/1037/870 1035/1038/871 2331/1035/868
f 2331/1035/868 1035/1038/871 86/1039/861 1037/1040/858
f 1042/1036/869 2331/1035/868 1037/1040/858 88/1041/857
f 483/1042/872 1040/1043/873 2332/1044/874 1041/1045/875
f 1040/1043/873 479/1046/876 1036/1047/877 2332/1044/874
f 2332/1044/874 1036/1047/877 87/1048/878 1038/1049/879
f 1041/1045/875 2332/1044/874 1038/1049/879 89/1050/880
f 345/457/416 787/1051/881 2333/1052/882 818/458/417
f 787/1051/881 483/1042/872 1041/1045/875 2333/1052/882
f 2333/1052/882 1041/1045/875 89/1050/880 771/1053/883
f 818/458/417 2333/1052/882 771/1053/883 13/459/418
f 130/394/356 1149/1054/884 2334/1055/885 810/395/357
f 1149/1054/884 139/1033/866 1042/1036/869 2334/1055/885
f 2334/1055/885 1042/1036/869 88/1041/857 763/1056/886
f 810/395/357 2334/1055/885 763/1056/886 5/396/311
f 5/331/311 763/1057/886 2335/1058/887 802/332/312
f 763/1057/886 88/1024/857 1043/1027/860 2335/1058/887
f 2335/1058/887 1043/1027/860 482/1032/865 779/1059/888
f 802/332/312 2335/1058/887 779/1059/888 337/333/313
f 86/1028/861 1030/1060/889 2336/1061/890 1034/1029/862
f 1030/1060/889 90/255/235 1048/258/238 2336/1061/890
f 2336/1061/890 1048/258/238 486/263/243 1032/1062/891
f 1034/1029/862 2336/1061/890 1032/1062/891 478/1030/863
f 87/1063/878 1031/1064/892 2337/1065/893 1480/1066/894
f 91/1067/225 1499/1068/895 2337/1065/893 1031/1064/892
f 312/246/226 1052/249/229 2337/1065/893 1499/1068/895
f 94/254/234 1496/1069/896 2337/1065/893 1052/249/229
f 310/1070/897 1049/1071/898 2337/1065/893 1496/1069/896
f 90/1072/235 1030/1073/889 2337/1065/893 1049/1071/898
f 86/1039/861 1035/1038/871 2337/1065/893 1030/1073/889
f 138/1037/870 1147/1074/899 2337/1065/893 1035/1038/871
f 265/1075/900 1399/1076/901 2337/1065/893 1147/1074/899
f 293/1077/902 1453/1078/903 2337/1065/893 1399/1076/901
f 279/1079/904 1426/1080/905 2337/1065/893 1453/1078/903
f 307/1081/906 1480/1066/894 2337/1065/893 1426/1080/905
f 479/1046/876 1033/1082/907 2338/1083/908 1036/1047/877
f 1033/1082/907 487/237/217 1050/240/220 2338/1083/908
f 2338/1083/908 1050/240/220 91/245/225 1031/1084/892
f 1036/1047/877 2338/1083/908 1031/1084/892 87/1048/878
f 310/1070/897 1497/1085/909 2339/1086/910 1049/1071/898
f 1497/1085/909 309/1087/911 757/1088/912 2339/1086/910
f 2339/1086/910 757/1088/912 1/1089/239 1044/1090/236
f 1049/1071/898 2339/1086/910 1044/1090/236 90/1072/235
f 502/1091/913 1072/1092/914 2340/1093/915 1075/1094/916
f 1072/1092/914 494/399/358 1059/402/361 2340/1093/915
f 2340/1093/915 1059/402/361 96/407/366 1070/1095/917
f 1075/1094/916 2340/1093/915 1070/1095/917 100/1096/918
f 233/1097/919 1342/1098/920 2341/1099/921 1074/1100/922
f 1342/1098/920 231/336/316 1060/339/319 2341/1099/921
f 2341/1099/921 1060/339/319 95/344/244 1069/1101/923
f 1074/1100/922 2341/1099/921 1069/1101/923 99/1102/924
f 99/1103/924 1069/1104/923 2342/1105/925 1073/1106/926
f 1069/1104/923 95/264/244 1061/267/247 2342/1105/925
f 2342/1105/925 1061/267/247 493/272/252 1071/1107/927
f 1073/1106/926 2342/1105/925 1071/1107/927 501/1108/928
f 101/1109/929 1076/1110/930 2343/1111/931 1082/1112/932
f 1076/1110/930 97/1113/933 1066/1114/934 2343/1111/931
f 2343/1111/931 1066/1114/934 497/1115/935 1078/1116/936
f 1082/1112/932 2343/1111/931 1078/1116/936 505/1117/937
f 102/1118/938 1077/1119/939 2344/1120/940 1382/1121/941
f 98/1122/942 1366/1123/943 2344/1120/940 1077/1119/939
f 247/1124/944 1120/1125/945 2344/1120/940 1366/1123/943
f 124/1126/946 1222/1127/947 2344/1120/940 1120/1125/945
f 176/1128/948 1299/1129/949 2344/1120/940 1222/1127/947
f 214/1130/950 1264/1131/951 2344/1120/940 1299/1129/949
f 196/1132/952 1334/1133/953 2344/1120/940 1264/1131/951
f 232/1134/954 1067/1135/955 2344/1120/940 1334/1133/953
f 97/1136/933 1076/1137/930 2344/1120/940 1067/1135/955
f 101/1138/929 1081/1139/956 2344/1120/940 1076/1137/930
f 251/1140/957 1384/1141/958 2344/1120/940 1081/1139/956
f 105/1142/959 1084/1143/960 2344/1120/940 1384/1141/958
f 250/1144/961 1382/1121/941 2344/1120/940 1084/1143/960
f 506/1145/962 1079/1146/963 2345/1147/964 1080/1148/965
f 1079/1146/963 498/1149/966 1068/1150/967 2345/1147/964
f 2345/1147/964 1068/1150/967 98/1151/942 1077/1152/939
f 1080/1148/965 2345/1147/964 1077/1152/939 102/1153/938
f 97/1113/933 1062/1154/968 2346/1155/969 1066/1114/934
f 1062/1154/968 99/1103/924 1073/1106/926 2346/1155/969
f 2346/1155/969 1073/1106/926 501/1108/928 1064/1156/970
f 1066/1114/934 2346/1155/969 1064/1156/970 497/1115/935
f 232/1134/954 1341/1157/971 2347/1158/972 1067/1135/955
f 1341/1157/971 233/1097/919 1074/1100/922 2347/1158/972
f 2347/1158/972 1074/1100/922 99/1102/924 1062/1159/968
f 1067/1135/955 2347/1158/972 1062/1159/968 97/1136/933
f 498/1149/966 1065/1160/973 2348/1161/974 1068/1150/967
f 1065/1160/973 502/1091/913 1075/1094/916 2348/1161/974
f 2348/1161/974 1075/1094/916 100/1096/918 1063/1162/975
f 1068/1150/967 2348/1161/974 1063/1162/975 98/1151/942
f 317/1163/976 762/1164/977 2349/1165/978 759/1166/979
f 762/1164/977 506/1145/962 1080/1148/965 2349/1165/978
f 2349/1165/978 1080/1148/965 102/1153/938 755/1167/980
f 759/1166/979 2349/1165/978 755/1167/980 4/1168/981
f 249/1169/982 1383/1170/983 2350/1171/984 1381/1172/985
f 1383/1170/983 250/1144/961 1084/1143/960 2350/1171/984
f 2350/1171/984 1084/1143/960 105/1142/959 1085/1173/986
f 1381/1172/985 2350/1171/984 1085/1173/986 104/1174/987
f 2/1175/988 754/1176/989 2351/1177/990 758/1178/991
f 754/1176/989 101/1109/929 1082/1112/932 2351/1177/990
f 2351/1177/990 1082/1112/932 505/1117/937 761/1179/992
f 758/1178/991 2351/1177/990 761/1179/992 320/1180/993
f 252/1181/994 1386/1182/995 2352/1183/996 1385/1184/997
f 1386/1182/995 251/1140/957 1081/1139/956 2352/1183/996
f 2352/1183/996 1081/1139/956 101/1138/929 754/1185/989
f 1385/1184/997 2352/1183/996 754/1185/989 2/1186/988
f 108/1187/998 1094/1188/999 2353/1189/1000 1100/1190/1001
f 1094/1188/999 106/1191/443 1091/1192/445 2353/1189/1000
f 2353/1189/1000 1091/1192/445 512/1193/449 1096/1194/1002
f 1100/1190/1001 2353/1189/1000 1096/1194/1002 516/1195/1003
f 109/1196/1004 1095/1197/1005 2354/1198/1006 1099/1199/1007
f 1095/1197/1005 107/1200/437 1092/1201/439 2354/1198/1006
f 2354/1198/1006 1092/1201/439 106/1202/443 1094/1203/999
f 1099/1199/1007 2354/1198/1006 1094/1203/999 108/1204/998
f 517/1205/1008 1097/1206/1009 2355/1207/1010 1098/1208/1011
f 1097/1206/1009 513/1209/429 1093/1210/432 2355/1207/1010
f 2355/1207/1010 1093/1210/432 107/1211/437 1095/1212/1005
f 1098/1208/1011 2355/1207/1010 1095/1212/1005 109/1213/1004
f 521/1214/1012 1104/1215/1013 2356/1216/1014 1107/1217/1015
f 1104/1215/1013 517/1205/1008 1098/1208/1011 2356/1216/1014
f 2356/1216/1014 1098/1208/1011 109/1213/1004 1102/1218/1016
f 1107/1217/1015 2356/1216/1014 1102/1218/1016 111/1219/1017
f 111/1220/1017 1102/1221/1016 2357/1222/1018 1173/1223/1019
f 109/1196/1004 1099/1199/1007 2357/1222/1018 1102/1221/1016
f 108/1204/998 1101/1224/1020 2357/1222/1018 1099/1199/1007
f 110/1225/1021 1106/1226/1022 2357/1222/1018 1101/1224/1020
f 234/1227/1023 1336/1228/1024 2357/1222/1018 1106/1226/1022
f 198/1229/1025 1266/1230/1026 2357/1222/1018 1336/1228/1024
f 216/1231/1027 1301/1232/1028 2357/1222/1018 1266/1230/1026
f 178/1233/1029 1224/1234/1030 2357/1222/1018 1301/1232/1028
f 147/1235/1031 1173/1223/1019 2357/1222/1018 1224/1234/1030
f 110/1236/1021 1101/1237/1020 2358/1238/1032 1105/1239/1033
f 1101/1237/1020 108/1240/998 1100/1241/1001 2358/1238/1032
f 2358/1238/1032 1100/1241/1001 516/1242/1003 1103/1243/1034
f 1105/1239/1033 2358/1238/1032 1103/1243/1034 520/1244/1035
f 10/286/266 768/1245/1036 2359/1246/1037 797/287/267
f 768/1245/1036 110/1236/1021 1105/1239/1033 2359/1246/1037
f 2359/1246/1037 1105/1239/1033 520/1244/1035 784/1247/1038
f 797/287/267 2359/1246/1037 784/1247/1038 342/288/268
f 18/861/733 776/1248/1039 2360/1249/1040 1170/862/734
f 776/1248/1039 111/1220/1017 1173/1223/1019 2360/1249/1040
f 2360/1249/1040 1173/1223/1019 147/1235/1031 1176/1250/1041
f 1170/862/734 2360/1249/1040 1176/1250/1041 144/863/735
f 350/1251/1042 792/1252/1043 2361/1253/1044 813/1254/1045
f 792/1252/1043 521/1214/1012 1107/1217/1015 2361/1253/1044
f 2361/1253/1044 1107/1217/1015 111/1219/1017 776/1255/1039
f 813/1254/1045 2361/1253/1044 776/1255/1039 18/1256/733
f 247/1257/944 1380/1258/1046 2362/1259/1047 1120/1260/945
f 1380/1258/1046 248/1261/1048 1121/1262/1049 2362/1259/1047
f 2362/1259/1047 1121/1262/1049 125/1263/1050 1122/1264/1051
f 1120/1260/945 2362/1259/1047 1122/1264/1051 124/1265/946
f 248/1261/1048 1379/1266/1052 2363/1267/1053 1121/1262/1049
f 1379/1266/1052 246/1268/1054 1119/1269/1055 2363/1267/1053
f 2363/1267/1053 1119/1269/1055 123/1270/1056 1123/1271/1057
f 1121/1262/1049 2363/1267/1053 1123/1271/1057 125/1263/1050
f 235/1272/1058 1378/1273/1059 2364/1274/1060 1108/1275/1061
f 1378/1273/1059 245/1276/1062 1118/1277/1063 2364/1274/1060
f 2364/1274/1060 1118/1277/1063 122/1278/1064 1124/1279/1065
f 1108/1275/1061 2364/1274/1060 1124/1279/1065 112/1280/1066
f 245/1276/1062 1377/1281/1067 2365/1282/1068 1118/1277/1063
f 1377/1281/1067 244/1283/1069 1117/1284/1070 2365/1282/1068
f 2365/1282/1068 1117/1284/1070 121/1285/1071 1125/1286/1072
f 1118/1277/1063 2365/1282/1068 1125/1286/1072 122/1278/1064
f 244/1283/1069 1376/1287/1073 2366/1288/1074 1117/1284/1070
f 1376/1287/1073 243/1289/1075 1116/1290/1076 2366/1288/1074
f 2366/1288/1074 1116/1290/1076 120/1291/1077 1126/1292/1078
f 1117/1284/1070 2366/1288/1074 1126/1292/1078 121/1285/1071
f 243/1289/1075 1375/1293/1079 2367/1294/1080 1116/1290/1076
f 1375/1293/1079 242/1295/1081 1115/1296/1082 2367/1294/1080
f 2367/1294/1080 1115/1296/1082 119/1297/1083 1127/1298/1084
f 1116/1290/1076 2367/1294/1080 1127/1298/1084 120/1291/1077
f 242/1295/1081 1374/1299/1085 2368/1300/1086 1115/1296/1082
f 1374/1299/1085 241/1301/1087 1114/1302/1088 2368/1300/1086
f 2368/1300/1086 1114/1302/1088 118/1303/1089 1128/1304/1090
f 1115/1296/1082 2368/1300/1086 1128/1304/1090 119/1297/1083
f 241/1305/1087 1373/1306/1091 2369/1307/1092 1114/1308/1088
f 1373/1306/1091 240/1309/1093 1113/1310/1094 2369/1307/1092
f 2369/1307/1092 1113/1310/1094 117/1311/1095 1129/1312/1096
f 1114/1308/1088 2369/1307/1092 1129/1312/1096 118/1313/1089
f 240/1314/1093 1372/1315/1097 2370/1316/1098 1113/1317/1094
f 1372/1315/1097 239/1318/1099 1112/1319/1100 2370/1316/1098
f 2370/1316/1098 1112/1319/1100 116/1320/1101 1130/1321/1102
f 1113/1317/1094 2370/1316/1098 1130/1321/1102 117/1322/1095
f 236/1323/1103 1371/1324/1104 2371/1325/1105 1109/1326/1106
f 1371/1324/1104 238/1327/1107 1111/1328/1108 2371/1325/1105
f 2371/1325/1105 1111/1328/1108 115/1329/1109 1131/1330/1110
f 1109/1326/1106 2371/1325/1105 1131/1330/1110 113/1331/1111
f 238/1327/1107 1370/1332/1112 2372/1333/1113 1111/1328/1108
f 1370/1332/1112 237/849/722 1110/848/721 2372/1333/1113
f 2372/1333/1113 1110/848/721 114/847/720 1132/1334/1114
f 1111/1328/1108 2372/1333/1113 1132/1334/1114 115/1329/1109
f 239/1318/1099 1369/1335/1115 2373/1336/1116 1112/1319/1100
f 1369/1335/1115 236/1323/1103 1109/1326/1106 2373/1336/1116
f 2373/1336/1116 1109/1326/1106 113/1331/1111 1133/1337/1117
f 1112/1319/1100 2373/1336/1116 1133/1337/1117 116/1320/1101
f 246/1338/1054 1368/1339/1118 2374/1340/1119 1119/1341/1055
f 1368/1339/1118 235/1272/1058 1108/1275/1061 2374/1340/1119
f 2374/1340/1119 1108/1275/1061 112/1280/1066 1134/1342/1120
f 1119/1341/1055 2374/1340/1119 1134/1342/1120 123/1343/1056
f 257/1344/1121 1413/1345/1122 2375/1346/1123 1139/1347/1124
f 1413/1345/1122 266/1348/1125 1148/1349/1126 2375/1346/1123
f 2375/1346/1123 1148/1349/1126 139/1350/866 1149/1351/884
f 1139/1347/1124 2375/1346/1123 1149/1351/884 130/1352/356
f 266/1348/1125 1412/1353/1127 2376/1354/1128 1148/1349/1126
f 1412/1353/1127 265/1355/900 1147/1356/899 2376/1354/1128
f 2376/1354/1128 1147/1356/899 138/1357/870 1150/1358/867
f 1148/1349/1126 2376/1354/1128 1150/1358/867 139/1350/866
f 256/1359/1129 1411/1360/1130 2377/1361/1131 1138/1362/1132
f 1411/1360/1130 264/1363/1133 1146/1364/1134 2377/1361/1131
f 2377/1361/1131 1146/1364/1134 137/390/352 1151/1015/852
f 1138/1362/1132 2377/1361/1131 1151/1015/852 129/385/350
f 254/1365/1135 1410/1366/1136 2378/1367/1137 1136/1368/1138
f 1410/1366/1136 263/1369/1139 1145/1370/1140 2378/1367/1137
f 2378/1367/1137 1145/1370/1140 136/372/340 1152/755/649
f 1136/1368/1138 2378/1367/1137 1152/755/649 127/367/338
f 255/1371/1141 1409/1372/1142 2379/1373/1143 1137/1374/1144
f 1409/1372/1142 262/1375/1145 1144/1376/1146 2379/1373/1143
f 2379/1373/1143 1144/1376/1146 135/713/615 1153/743/641
f 1137/1374/1144 2379/1373/1143 1153/743/641 128/376/344
f 260/1377/1147 1408/1378/1148 2380/1379/1149 1142/1380/1150
f 1408/1378/1148 261/1381/1151 1143/1382/1152 2380/1379/1149
f 2380/1379/1149 1143/1382/1152 134/381/346 1154/734/633
f 1142/1380/1150 2380/1379/1149 1154/734/633 133/717/619
f 262/1375/1145 1407/1383/1153 2381/1384/1154 1144/1376/1146
f 1407/1383/1153 260/1377/1147 1142/1380/1150 2381/1384/1154
f 2381/1384/1154 1142/1380/1150 133/717/619 1155/714/616
f 1144/1376/1146 2381/1384/1154 1155/714/616 135/713/615
f 253/1385/1155 1406/1386/1156 2382/1387/1157 1135/1388/1158
f 1406/1386/1156 258/1389/1159 1140/1390/1160 2382/1387/1157
f 2382/1387/1157 1140/1390/1160 131/363/334 1156/465/424
f 1135/1388/1158 2382/1387/1157 1156/465/424 126/358/332
f 264/1363/1133 1405/1391/1161 2383/1392/1162 1146/1364/1134
f 1405/1391/1161 257/1393/1121 1139/1394/1124 2383/1392/1162
f 2383/1392/1162 1139/1394/1124 130/394/356 1157/391/353
f 1146/1364/1134 2383/1392/1162 1157/391/353 137/390/352
f 261/1381/1151 1404/1395/1163 2384/1396/1164 1143/1382/1152
f 1404/1395/1163 256/1359/1129 1138/1362/1132 2384/1396/1164
f 2384/1396/1164 1138/1362/1132 129/385/350 1158/382/347
f 1143/1382/1152 2384/1396/1164 1158/382/347 134/381/346
f 263/1369/1139 1403/1397/1165 2385/1398/1166 1145/1370/1140
f 1403/1397/1165 255/1371/1141 1137/1374/1144 2385/1398/1166
f 2385/1398/1166 1137/1374/1144 128/376/344 1159/373/341
f 1145/1370/1140 2385/1398/1166 1159/373/341 136/372/340
f 258/1389/1159 1402/1399/1167 2386/1400/1168 1140/1390/1160
f 1402/1399/1167 254/1365/1135 1136/1368/1138 2386/1400/1168
f 2386/1400/1168 1136/1368/1138 127/367/338 1160/364/335
f 1140/1390/1160 2386/1400/1168 1160/364/335 131/363/334
f 259/635/544 1401/1401/1169 2387/1402/1170 1141/636/545
f 1401/1401/1169 253/1385/1155 1135/1388/1158 2387/1402/1170
f 2387/1402/1170 1135/1388/1158 126/358/332 1161/355/329
f 1141/636/545 2387/1402/1170 1161/355/329 132/354/328
f 140/638/547 1163/637/546 2388/1403/1171 885/1404/1172
f 1163/637/546 132/354/328 871/357/331 2388/1403/1171
f 2388/1403/1171 871/357/331 35/362/271 880/1405/551
f 885/1404/1172 2388/1403/1171 880/1405/551 39/1406/550
f 143/607/521 1167/661/567 2389/1407/1173 864/608/522
f 1167/661/567 142/660/566 878/1408/1174 2389/1407/1173
f 2389/1407/1173 878/1408/1174 37/1409/558 861/1410/556
f 864/608/522 2389/1407/1173 861/1410/556 33/609/523
f 142/660/566 1168/700/602 2390/1411/1175 878/1408/1174
f 1168/700/602 141/699/601 892/1412/1176 2390/1411/1175
f 2390/1411/1175 892/1412/1176 41/1413/568 873/1414/594
f 878/1408/1174 2390/1411/1175 873/1414/594 37/1409/558
f 141/699/601 1169/703/605 2391/1415/1177 892/1412/1176
f 1169/703/605 140/638/547 885/1404/1172 2391/1415/1177
f 2391/1415/1177 885/1404/1172 39/1406/550 887/1416/569
f 892/1412/1176 2391/1415/1177 887/1416/569 41/1413/568
f 222/1417/1178 1340/1418/1179 2392/1419/1180 961/1420/1181
f 1340/1418/1179 220/1421/1182 940/1422/1183 2392/1419/1180
f 2392/1419/1180 940/1422/1183 58/1423/262 956/1424/682
f 961/1420/1181 2392/1419/1180 956/1424/682 64/1425/681
f 220/1421/1182 1339/1426/1184 2393/1427/1185 940/1422/1183
f 1339/1426/1184 219/1428/1186 805/1429/1187 2393/1427/1185
f 2393/1427/1185 805/1429/1187 10/1430/266 937/1431/263
f 940/1422/1183 2393/1427/1185 937/1431/263 58/1423/262
f 219/1428/1186 1338/1432/1188 2394/1433/1189 805/1429/1187
f 1338/1432/1188 234/1227/1023 1106/1226/1022 2394/1433/1189
f 2394/1433/1189 1106/1226/1022 110/1225/1021 768/1434/1036
f 805/1429/1187 2394/1433/1189 768/1434/1036 10/1430/266
f 221/823/700 1337/1435/1190 2395/1436/1191 954/824/701
f 1337/1435/1190 222/1417/1178 961/1420/1181 2395/1436/1191
f 2395/1436/1191 961/1420/1181 64/1425/681 949/1437/711
f 954/824/701 2395/1436/1191 949/1437/711 62/825/691
f 360/475/433 829/1438/1192 2396/1439/1193 830/476/434
f 829/1438/1192 561/1440/185 1182/1441/212 2396/1439/1193
f 2396/1439/1193 1182/1441/212 149/1442/195 827/1443/1194
f 830/476/434 2396/1439/1193 827/1443/1194 24/477/435
f 24/477/435 827/1443/1194 2397/1444/1195 831/482/440
f 149/1442/195 1204/1445/198 2397/1444/1195 827/1443/1194
f 160/1446/200 1194/1447/214 2397/1444/1195 1204/1445/198
f 154/1448/201 1198/1449/204 2397/1444/1195 1194/1447/214
f 156/1450/206 1183/1451/208 2397/1444/1195 1198/1449/204
f 148/1452/210 826/1453/1196 2397/1444/1195 1183/1451/208
f 23/483/441 831/482/440 2397/1444/1195 826/1453/1196
f 23/483/441 826/1453/1196 2398/1454/1197 832/488/446
f 826/1453/1196 148/1452/210 1184/1455/216 2398/1454/1197
f 2398/1454/1197 1184/1455/216 560/1456/193 828/1457/1198
f 832/488/446 2398/1454/1197 828/1457/1198 359/489/447
f 114/847/720 1177/846/719 2408/1458/1199 1211/1459/1200
f 1177/846/719 145/845/718 1212/1460/1201 2408/1458/1199
f 2408/1458/1199 1212/1460/1201 166/1461/1202 1225/1462/1203
f 1211/1459/1200 2408/1458/1199 1225/1462/1203 165/1463/1204
f 144/863/735 1176/1250/1041 2409/1464/1205 1209/1465/1206
f 1176/1250/1041 147/1235/1031 1224/1234/1030 2409/1464/1205
f 2409/1464/1205 1224/1234/1030 178/1233/1029 1226/1466/1207
f 1209/1465/1206 2409/1464/1205 1226/1466/1207 163/1467/1208
f 146/857/729 1175/864/736 2410/1468/1209 1210/1469/1210
f 1175/864/736 144/863/735 1209/1465/1206 2410/1468/1209
f 2410/1468/1209 1209/1465/1206 163/1467/1208 1227/1470/1211
f 1210/1469/1210 2410/1468/1209 1227/1470/1211 164/1471/1212
f 145/845/718 1174/858/730 2411/1472/1213 1212/1460/1201
f 1174/858/730 146/857/729 1210/1469/1210 2411/1472/1213
f 2411/1472/1213 1210/1469/1210 164/1471/1212 1228/1473/1214
f 1212/1460/1201 2411/1472/1213 1228/1473/1214 166/1461/1202
f 124/1126/946 1122/1474/1051 2412/1475/1215 1222/1127/947
f 1122/1474/1051 125/1476/1050 1223/1477/1216 2412/1475/1215
f 2412/1475/1215 1223/1477/1216 177/1478/1217 1229/1479/1218
f 1222/1127/947 2412/1475/1215 1229/1479/1218 176/1128/948
f 125/1476/1050 1123/1480/1057 2413/1481/1219 1223/1477/1216
f 1123/1480/1057 123/1343/1056 1221/1482/1220 2413/1481/1219
f 2413/1481/1219 1221/1482/1220 175/1483/1221 1230/1484/1222
f 1223/1477/1216 2413/1481/1219 1230/1484/1222 177/1478/1217
f 112/1280/1066 1124/1279/1065 2414/1485/1223 1207/1486/1224
f 1124/1279/1065 122/1278/1064 1220/1487/1225 2414/1485/1223
f 2414/1485/1223 1220/1487/1225 174/1488/1226 1231/1489/1227
f 1207/1486/1224 2414/1485/1223 1231/1489/1227 161/1490/1228
f 122/1278/1064 1125/1286/1072 2415/1491/1229 1220/1487/1225
f 1125/1286/1072 121/1285/1071 1219/1492/1230 2415/1491/1229
f 2415/1491/1229 1219/1492/1230 173/1493/1231 1232/1494/1232
f 1220/1487/1225 2415/1491/1229 1232/1494/1232 174/1488/1226
f 121/1285/1071 1126/1292/1078 2416/1495/1233 1219/1492/1230
f 1126/1292/1078 120/1291/1077 1218/1496/1234 2416/1495/1233
f 2416/1495/1233 1218/1496/1234 172/1497/1235 1233/1498/1236
f 1219/1492/1230 2416/1495/1233 1233/1498/1236 173/1493/1231
f 120/1291/1077 1127/1298/1084 2417/1499/1237 1218/1496/1234
f 1127/1298/1084 119/1297/1083 1217/1500/1238 2417/1499/1237
f 2417/1499/1237 1217/1500/1238 171/1501/1239 1234/1502/1240
f 1218/1496/1234 2417/1499/1237 1234/1502/1240 172/1497/1235
f 119/1297/1083 1128/1304/1090 2418/1503/1241 1217/1500/1238
f 1128/1304/1090 118/1303/1089 1216/1504/1242 2418/1503/1241
f 2418/1503/1241 1216/1504/1242 170/1505/1243 1235/1506/1244
f 1217/1500/1238 2418/1503/1241 1235/1506/1244 171/1501/1239
f 118/1303/1089 1129/1507/1096 2419/1508/1245 1216/1504/1242
f 1129/1507/1096 117/1322/1095 1215/1509/1246 2419/1508/1245
f 2419/1508/1245 1215/1509/1246 169/1510/1247 1236/1511/1248
f 1216/1504/1242 2419/1508/1245 1236/1511/1248 170/1505/1243
f 117/1322/1095 1130/1321/1102 2420/1512/1249 1215/1509/1246
f 1130/1321/1102 116/1320/1101 1214/1513/1250 2420/1512/1249
f 2420/1512/1249 1214/1513/1250 168/1514/1251 1237/1515/1252
f 1215/1509/1246 2420/1512/1249 1237/1515/1252 169/1510/1247
f 113/1331/1111 1131/1330/1110 2421/1516/1253 1208/1517/1254
f 1131/1330/1110 115/1329/1109 1213/1518/1255 2421/1516/1253
f 2421/1516/1253 1213/1518/1255 167/1519/1256 1238/1520/1257
f 1208/1517/1254 2421/1516/1253 1238/1520/1257 162/1521/1258
f 115/1329/1109 1132/1334/1114 2422/1522/1259 1213/1518/1255
f 1132/1334/1114 114/847/720 1211/1459/1200 2422/1522/1259
f 2422/1522/1259 1211/1459/1200 165/1463/1204 1239/1523/1260
f 1213/1518/1255 2422/1522/1259 1239/1523/1260 167/1519/1256
f 116/1320/1101 1133/1337/1117 2423/1524/1261 1214/1513/1250
f 1133/1337/1117 113/1331/1111 1208/1517/1254 2423/1524/1261
f 2423/1524/1261 1208/1517/1254 162/1521/1258 1240/1525/1262
f 1214/1513/1250 2423/1524/1261 1240/1525/1262 168/1514/1251
f 123/1343/1056 1134/1342/1120 2424/1526/1263 1221/1482/1220
f 1134/1342/1120 112/1280/1066 1207/1486/1224 2424/1526/1263
f 2424/1526/1263 1207/1486/1224 161/1490/1228 1241/1527/1264
f 1221/1482/1220 2424/1526/1263 1241/1527/1264 175/1483/1221
f 364/1528/452 836/1529/1265 2425/1530/1266 837/1531/453
f 836/1529/1265 596/779/664 1246/782/667 2425/1530/1266
f 2425/1530/1266 1246/782/667 180/787/660 834/1532/1267
f 837/1531/453 2425/1530/1266 834/1532/1267 26/1533/454
f 26/505/454 834/1534/1267 2426/1535/1268 838/506/457
f 834/1534/1267 180/773/660 1247/776/663 2426/1535/1268
f 2426/1535/1268 1247/776/663 179/778/654 833/1536/1269
f 838/506/457 2426/1535/1268 833/1536/1269 25/507/458
f 25/1537/458 833/1538/1269 2427/1539/1270 839/1540/461
f 833/1538/1269 179/764/654 1248/767/657 2427/1539/1270
f 2427/1539/1270 1248/767/657 595/772/659 835/1541/1271
f 839/1540/461 2427/1539/1270 835/1541/1271 363/1542/462
f 203/1543/1272 1318/1544/1273 2428/1545/1274 1253/1546/1275
f 1318/1544/1273 204/1547/1276 1254/1548/1277 2428/1545/1274
f 2428/1545/1274 1254/1548/1277 186/1549/1278 1267/1550/1279
f 1253/1546/1275 2428/1545/1274 1267/1550/1279 185/1551/1280
f 201/1552/1281 1317/1553/1282 2429/1554/1283 1251/1555/1284
f 1317/1553/1282 216/1556/1027 1266/1557/1026 2429/1554/1283
f 2429/1554/1283 1266/1557/1026 198/1558/1025 1268/1559/1285
f 1251/1555/1284 2429/1554/1283 1268/1559/1285 183/1560/1286
f 202/1561/1287 1316/1562/1288 2430/1563/1289 1252/1564/1290
f 1316/1562/1288 201/1552/1281 1251/1555/1284 2430/1563/1289
f 2430/1563/1289 1251/1555/1284 183/1560/1286 1269/1565/1291
f 1252/1564/1290 2430/1563/1289 1269/1565/1291 184/1566/1292
f 204/1547/1276 1315/1567/1293 2431/1568/1294 1254/1548/1277
f 1315/1567/1293 202/1569/1287 1252/1570/1290 2431/1568/1294
f 2431/1568/1294 1252/1570/1290 184/1571/1292 1270/1572/1295
f 1254/1548/1277 2431/1568/1294 1270/1572/1295 186/1549/1278
f 214/1573/950 1314/1574/1296 2432/1575/1297 1264/1576/951
f 1314/1574/1296 215/1577/1298 1265/1578/1299 2432/1575/1297
f 2432/1575/1297 1265/1578/1299 197/1579/1300 1271/1580/1301
f 1264/1576/951 2432/1575/1297 1271/1580/1301 196/1581/952
f 215/1577/1298 1313/1582/1302 2433/1583/1303 1265/1578/1299
f 1313/1582/1302 213/1584/1304 1263/1585/1305 2433/1583/1303
f 2433/1583/1303 1263/1585/1305 195/1586/1306 1272/1587/1307
f 1265/1578/1299 2433/1583/1303 1272/1587/1307 197/1579/1300
f 199/1588/1308 1312/1589/1309 2434/1590/1310 1249/1591/1311
f 1312/1589/1309 212/1592/1312 1262/1593/1313 2434/1590/1310
f 2434/1590/1310 1262/1593/1313 194/1594/1314 1273/1595/1315
f 1249/1591/1311 2434/1590/1310 1273/1595/1315 181/1596/1316
f 212/1592/1312 1311/1597/1317 2435/1598/1318 1262/1593/1313
f 1311/1597/1317 211/1599/1319 1261/1600/1320 2435/1598/1318
f 2435/1598/1318 1261/1600/1320 193/1601/1321 1274/1602/1322
f 1262/1593/1313 2435/1598/1318 1274/1602/1322 194/1594/1314
f 211/1599/1319 1310/1603/1323 2436/1604/1324 1261/1600/1320
f 1310/1603/1323 210/1605/1325 1260/1606/1326 2436/1604/1324
f 2436/1604/1324 1260/1606/1326 192/1607/1327 1275/1608/1328
f 1261/1600/1320 2436/1604/1324 1275/1608/1328 193/1601/1321
f 210/1605/1325 1309/1609/1329 2437/1610/1330 1260/1606/1326
f 1309/1609/1329 209/1611/1331 1259/1612/1332 2437/1610/1330
f 2437/1610/1330 1259/1612/1332 191/1613/1333 1276/1614/1334
f 1260/1606/1326 2437/1610/1330 1276/1614/1334 192/1607/1327
f 209/1611/1331 1308/1615/1335 2438/1616/1336 1259/1612/1332
f 1308/1615/1335 208/1617/1337 1258/1618/1338 2438/1616/1336
f 2438/1616/1336 1258/1618/1338 190/1619/1339 1277/1620/1340
f 1259/1612/1332 2438/1616/1336 1277/1620/1340 191/1613/1333
f 208/1617/1337 1307/1621/1341 2439/1622/1342 1258/1618/1338
f 1307/1621/1341 207/1623/1343 1257/1624/1344 2439/1622/1342
f 2439/1622/1342 1257/1624/1344 189/1625/1345 1278/1626/1346
f 1258/1618/1338 2439/1622/1342 1278/1626/1346 190/1619/1339
f 207/1623/1343 1306/1627/1347 2440/1628/1348 1257/1624/1344
f 1306/1627/1347 206/1629/1349 1256/1630/1350 2440/1628/1348
f 2440/1628/1348 1256/1630/1350 188/1631/1351 1279/1632/1352
f 1257/1624/1344 2440/1628/1348 1279/1632/1352 189/1625/1345
f 200/1633/1353 1305/1634/1354 2441/1635/1355 1250/1636/1356
f 1305/1634/1354 205/1637/1357 1255/1638/1358 2441/1635/1355
f 2441/1635/1355 1255/1638/1358 187/1639/1359 1280/1640/1360
f 1250/1636/1356 2441/1635/1355 1280/1640/1360 182/1641/1361
f 205/1637/1357 1304/1642/1362 2442/1643/1363 1255/1638/1358
f 1304/1642/1362 203/1644/1272 1253/1645/1275 2442/1643/1363
f 2442/1643/1363 1253/1645/1275 185/1646/1280 1281/1647/1364
f 1255/1638/1358 2442/1643/1363 1281/1647/1364 187/1639/1359
f 206/1629/1349 1303/1648/1365 2443/1649/1366 1256/1630/1350
f 1303/1648/1365 200/1650/1353 1250/1651/1356 2443/1649/1366
f 2443/1649/1366 1250/1651/1356 182/1652/1361 1282/1653/1367
f 1256/1630/1350 2443/1649/1366 1282/1653/1367 188/1631/1351
f 213/1584/1304 1302/1654/1368 2444/1655/1369 1263/1585/1305
f 1302/1654/1368 199/1656/1308 1249/1657/1311 2444/1655/1369
f 2444/1655/1369 1249/1657/1311 181/1658/1316 1283/1659/1370
f 1263/1585/1305 2444/1655/1369 1283/1659/1370 195/1586/1306
f 175/1483/1221 1241/1527/1264 2445/1660/1371 1298/1661/1372
f 1241/1527/1264 161/1490/1228 1284/1662/1373 2445/1660/1371
f 2445/1660/1371 1284/1662/1373 199/1663/1308 1302/1664/1368
f 1298/1661/1372 2445/1660/1371 1302/1664/1368 213/1665/1304
f 168/1514/1251 1240/1525/1262 2446/1666/1374 1291/1667/1375
f 1240/1525/1262 162/1521/1258 1285/1668/1376 2446/1666/1374
f 2446/1666/1374 1285/1668/1376 200/1669/1353 1303/1670/1365
f 1291/1667/1375 2446/1666/1374 1303/1670/1365 206/1671/1349
f 167/1519/1256 1239/1523/1260 2447/1672/1377 1290/1673/1378
f 1239/1523/1260 165/1463/1204 1288/1674/1379 2447/1672/1377
f 2447/1672/1377 1288/1674/1379 203/1543/1272 1304/1675/1362
f 1290/1673/1378 2447/1672/1377 1304/1675/1362 205/1676/1357
f 162/1521/1258 1238/1520/1257 2448/1677/1380 1285/1668/1376
f 1238/1520/1257 167/1519/1256 1290/1673/1378 2448/1677/1380
f 2448/1677/1380 1290/1673/1378 205/1676/1357 1305/1678/1354
f 1285/1668/1376 2448/1677/1380 1305/1678/1354 200/1669/1353
f 169/1510/1247 1237/1515/1252 2449/1679/1381 1292/1680/1382
f 1237/1515/1252 168/1514/1251 1291/1667/1375 2449/1679/1381
f 2449/1679/1381 1291/1667/1375 206/1671/1349 1306/1681/1347
f 1292/1680/1382 2449/1679/1381 1306/1681/1347 207/1682/1343
f 170/1505/1243 1236/1511/1248 2450/1683/1383 1293/1684/1384
f 1236/1511/1248 169/1510/1247 1292/1680/1382 2450/1683/1383
f 2450/1683/1383 1292/1680/1382 207/1682/1343 1307/1685/1341
f 1293/1684/1384 2450/1683/1383 1307/1685/1341 208/1686/1337
f 171/1501/1239 1235/1506/1244 2451/1687/1385 1294/1688/1386
f 1235/1506/1244 170/1505/1243 1293/1684/1384 2451/1687/1385
f 2451/1687/1385 1293/1684/1384 208/1686/1337 1308/1689/1335
f 1294/1688/1386 2451/1687/1385 1308/1689/1335 209/1690/1331
f 172/1497/1235 1234/1502/1240 2452/1691/1387 1295/1692/1388
f 1234/1502/1240 171/1501/1239 1294/1688/1386 2452/1691/1387
f 2452/1691/1387 1294/1688/1386 209/1690/1331 1309/1693/1329
f 1295/1692/1388 2452/1691/1387 1309/1693/1329 210/1694/1325
f 173/1493/1231 1233/1498/1236 2453/1695/1389 1296/1696/1390
f 1233/1498/1236 172/1497/1235 1295/1692/1388 2453/1695/1389
f 2453/1695/1389 1295/1692/1388 210/1694/1325 1310/1697/1323
f 1296/1696/1390 2453/1695/1389 1310/1697/1323 211/1698/1319
f 174/1488/1226 1232/1494/1232 2454/1699/1391 1297/1700/1392
f 1232/1494/1232 173/1493/1231 1296/1696/1390 2454/1699/1391
f 2454/1699/1391 1296/1696/1390 211/1698/1319 1311/1701/1317
f 1297/1700/1392 2454/1699/1391 1311/1701/1317 212/1702/1312
f 161/1490/1228 1231/1489/1227 2455/1703/1393 1284/1662/1373
f 1231/1489/1227 174/1488/1226 1297/1700/1392 2455/1703/1393
f 2455/1703/1393 1297/1700/1392 212/1702/1312 1312/1704/1309
f 1284/1662/1373 2455/1703/1393 1312/1704/1309 199/1663/1308
f 177/1478/1217 1230/1484/1222 2456/1705/1394 1300/1706/1395
f 1230/1484/1222 175/1483/1221 1298/1661/1372 2456/1705/1394
f 2456/1705/1394 1298/1661/1372 213/1665/1304 1313/1707/1302
f 1300/1706/1395 2456/1705/1394 1313/1707/1302 215/1708/1298
f 176/1128/948 1229/1479/1218 2457/1709/1396 1299/1129/949
f 1229/1479/1218 177/1478/1217 1300/1706/1395 2457/1709/1396
f 2457/1709/1396 1300/1706/1395 215/1708/1298 1314/1710/1296
f 1299/1129/949 2457/1709/1396 1314/1710/1296 214/1130/950
f 166/1461/1202 1228/1473/1214 2458/1711/1397 1289/1712/1398
f 1228/1473/1214 164/1471/1212 1287/1713/1399 2458/1711/1397
f 2458/1711/1397 1287/1713/1399 202/1569/1287 1315/1567/1293
f 1289/1712/1398 2458/1711/1397 1315/1567/1293 204/1547/1276
f 164/1471/1212 1227/1470/1211 2459/1714/1400 1287/1713/1399
f 1227/1470/1211 163/1467/1208 1286/1715/1401 2459/1714/1400
f 2459/1714/1400 1286/1715/1401 201/1716/1281 1316/1717/1288
f 1287/1713/1399 2459/1714/1400 1316/1717/1288 202/1569/1287
f 163/1467/1208 1226/1466/1207 2460/1718/1402 1286/1715/1401
f 1226/1466/1207 178/1233/1029 1301/1232/1028 2460/1718/1402
f 2460/1718/1402 1301/1232/1028 216/1231/1027 1317/1719/1282
f 1286/1715/1401 2460/1718/1402 1317/1719/1282 201/1716/1281
f 165/1463/1204 1225/1462/1203 2461/1720/1403 1288/1674/1379
f 1225/1462/1203 166/1461/1202 1289/1712/1398 2461/1720/1403
f 2461/1720/1403 1289/1712/1398 204/1547/1276 1318/1544/1273
f 1288/1674/1379 2461/1720/1403 1318/1544/1273 203/1543/1272
f 185/1551/1280 1267/1550/1279 2462/1721/1404 1323/1722/1405
f 1267/1550/1279 186/1549/1278 1324/1723/1406 2462/1721/1404
f 2462/1721/1404 1324/1723/1406 222/1417/1178 1337/1435/1190
f 1323/1722/1405 2462/1721/1404 1337/1435/1190 221/823/700
f 183/1724/1286 1268/1725/1285 2463/1726/1407 1321/1727/1408
f 1268/1725/1285 198/1229/1025 1336/1228/1024 2463/1726/1407
f 2463/1726/1407 1336/1228/1024 234/1227/1023 1338/1432/1188
f 1321/1727/1408 2463/1726/1407 1338/1432/1188 219/1428/1186
f 184/1571/1292 1269/1728/1291 2464/1729/1409 1322/1730/1410
f 1269/1728/1291 183/1724/1286 1321/1727/1408 2464/1729/1409
f 2464/1729/1409 1321/1727/1408 219/1428/1186 1339/1426/1184
f 1322/1730/1410 2464/1729/1409 1339/1426/1184 220/1421/1182
f 186/1549/1278 1270/1572/1295 2465/1731/1411 1324/1723/1406
f 1270/1572/1295 184/1571/1292 1322/1730/1410 2465/1731/1411
f 2465/1731/1411 1322/1730/1410 220/1421/1182 1340/1418/1179
f 1324/1723/1406 2465/1731/1411 1340/1418/1179 222/1417/1178
f 196/1732/952 1271/1733/1301 2466/1734/1412 1334/1735/953
f 1271/1733/1301 197/1736/1300 1335/1737/1413 2466/1734/1412
f 2466/1734/1412 1335/1737/1413 233/1738/919 1341/1739/971
f 1334/1735/953 2466/1734/1412 1341/1739/971 232/1740/954
f 197/1736/1300 1272/1741/1307 2467/1742/1414 1335/1737/1413
f 1272/1741/1307 195/1743/1306 1333/1744/1415 2467/1742/1414
f 2467/1742/1414 1333/1744/1415 231/1745/316 1342/1746/920
f 1335/1737/1413 2467/1742/1414 1342/1746/920 233/1738/919
f 181/1747/1316 1273/1748/1315 2468/1749/1416 1319/1750/1417
f 1273/1748/1315 194/1751/1314 1332/1752/1418 2468/1749/1416
f 2468/1749/1416 1332/1752/1418 230/985/831 1343/1003/844
f 1319/1750/1417 2468/1749/1416 1343/1003/844 217/340/320
f 194/1751/1314 1274/1753/1322 2469/1754/1419 1332/1752/1418
f 1274/1753/1322 193/1755/1321 1331/1756/1420 2469/1754/1419
f 2469/1754/1419 1331/1756/1420 229/964/815 1344/986/832
f 1332/1752/1418 2469/1754/1419 1344/986/832 230/985/831
f 193/1755/1321 1275/1757/1328 2470/1758/1421 1331/1756/1420
f 1275/1757/1328 192/1759/1327 1330/1760/1422 2470/1758/1421
f 2470/1758/1421 1330/1760/1422 228/943/799 1345/965/816
f 1331/1756/1420 2470/1758/1421 1345/965/816 229/964/815
f 192/1759/1327 1276/1761/1334 2471/1762/1423 1330/1760/1422
f 1276/1761/1334 191/1763/1333 1329/1764/1424 2471/1762/1423
f 2471/1762/1423 1329/1764/1424 227/925/783 1346/944/800
f 1330/1760/1422 2471/1762/1423 1346/944/800 228/943/799
f 191/1763/1333 1277/1765/1340 2472/1766/1425 1329/1764/1424
f 1277/1765/1340 190/1767/1339 1328/1768/1426 2472/1766/1425
f 2472/1766/1425 1328/1768/1426 226/901/767 1347/926/784
f 1329/1764/1424 2472/1766/1425 1347/926/784 227/925/783
f 190/1767/1339 1278/1769/1346 2473/1770/1427 1328/1768/1426
f 1278/1769/1346 189/1771/1345 1327/1772/1428 2473/1770/1427
f 2473/1770/1427 1327/1772/1428 225/883/751 1348/902/768
f 1328/1768/1426 2473/1770/1427 1348/902/768 226/901/767
f 189/1771/1345 1279/1773/1352 2474/1774/1429 1327/1772/1428
f 1279/1773/1352 188/1775/1351 1326/1776/1430 2474/1774/1429
f 2474/1774/1429 1326/1776/1430 224/345/322 1349/884/752
f 1327/1772/1428 2474/1774/1429 1349/884/752 225/883/751
f 182/1777/1361 1280/1778/1360 2475/1779/1431 1320/1780/1432
f 1280/1778/1360 187/1781/1359 1325/1782/1433 2475/1779/1431
f 2475/1779/1431 1325/1782/1433 223/819/696 1350/868/740
f 1320/1780/1432 2475/1779/1431 1350/868/740 218/349/326
f 187/1781/1359 1281/1783/1364 2476/1784/1434 1325/1782/1433
f 1281/1783/1364 185/1551/1280 1323/1722/1405 2476/1784/1434
f 2476/1784/1434 1323/1722/1405 221/823/700 1351/820/697
f 1325/1782/1433 2476/1784/1434 1351/820/697 223/819/696
f 188/1775/1351 1282/1785/1367 2477/1786/1435 1326/1776/1430
f 1282/1785/1367 182/1777/1361 1320/1780/1432 2477/1786/1435
f 2477/1786/1435 1320/1780/1432 218/349/326 1352/346/323
f 1326/1776/1430 2477/1786/1435 1352/346/323 224/345/322
f 195/1787/1306 1283/1788/1370 2478/1789/1436 1333/1790/1415
f 1283/1788/1370 181/1747/1316 1319/1750/1417 2478/1789/1436
f 2478/1789/1436 1319/1750/1417 217/340/320 1353/337/317
f 1333/1790/1415 2478/1789/1436 1353/337/317 231/336/316
f 96/1791/366 1056/1792/365 2479/1793/1437 1365/1794/1438
f 1056/1792/365 20/1795/364 1354/1796/1439 2479/1793/1437
f 2479/1793/1437 1354/1796/1439 235/1272/1058 1368/1339/1118
f 1365/1794/1438 2479/1793/1437 1368/1339/1118 246/1338/1054
f 71/1797/375 975/1798/374 2480/1799/1440 1358/1800/1441
f 975/1798/374 19/1801/373 1355/1802/1442 2480/1799/1440
f 2480/1799/1440 1355/1802/1442 236/1323/1103 1369/1335/1115
f 1358/1800/1441 2480/1799/1440 1369/1335/1115 239/1318/1099
f 69/1803/710 968/1804/709 2481/1805/1443 1357/1806/1444
f 968/1804/709 63/840/708 1356/843/716 2481/1805/1443
f 2481/1805/1443 1356/843/716 237/849/722 1370/1332/1112
f 1357/1806/1444 2481/1805/1443 1370/1332/1112 238/1327/1107
f 19/1801/373 777/1807/739 2482/1808/1445 1355/1802/1442
f 777/1807/739 69/1803/710 1357/1806/1444 2482/1808/1445
f 2482/1808/1445 1357/1806/1444 238/1327/1107 1371/1324/1104
f 1355/1802/1442 2482/1808/1445 1371/1324/1104 236/1323/1103
f 73/1809/750 982/1810/749 2483/1811/1446 1359/1812/1447
f 982/1810/749 71/1797/375 1358/1800/1441 2483/1811/1446
f 2483/1811/1446 1358/1800/1441 239/1318/1099 1372/1315/1097
f 1359/1812/1447 2483/1811/1446 1372/1315/1097 240/1314/1093
f 75/1813/776 989/1814/775 2484/1815/1448 1360/1816/1449
f 989/1814/775 73/1809/750 1359/1812/1447 2484/1815/1448
f 2484/1815/1448 1359/1812/1447 240/1314/1093 1373/1817/1091
f 1360/1816/1449 2484/1815/1448 1373/1817/1091 241/1301/1087
f 77/1818/782 996/1819/781 2485/1820/1450 1361/1821/1451
f 996/1819/781 75/1813/776 1360/1816/1449 2485/1820/1450
f 2485/1820/1450 1360/1816/1449 241/1301/1087 1374/1299/1085
f 1361/1821/1451 2485/1820/1450 1374/1299/1085 242/1295/1081
f 79/1822/808 1003/1823/807 2486/1824/1452 1362/1825/1453
f 1003/1823/807 77/1818/782 1361/1821/1451 2486/1824/1452
f 2486/1824/1452 1361/1821/1451 242/1295/1081 1375/1293/1079
f 1362/1825/1453 2486/1824/1452 1375/1293/1079 243/1289/1075
f 81/1826/814 1010/1827/813 2487/1828/1454 1363/1829/1455
f 1010/1827/813 79/1830/808 1362/1831/1453 2487/1828/1454
f 2487/1828/1454 1362/1831/1453 243/1832/1075 1376/1833/1073
f 1363/1829/1455 2487/1828/1454 1376/1833/1073 244/1834/1069
f 83/1835/840 1017/1836/839 2488/1837/1456 1364/1838/1457
f 1017/1836/839 81/1839/814 1363/1840/1455 2488/1837/1456
f 2488/1837/1456 1363/1840/1455 244/1283/1069 1377/1281/1067
f 1364/1838/1457 2488/1837/1456 1377/1281/1067 245/1276/1062
f 20/1795/364 778/1841/843 2489/1842/1458 1354/1796/1439
f 778/1841/843 83/1835/840 1364/1838/1457 2489/1842/1458
f 2489/1842/1458 1364/1838/1457 245/1276/1062 1378/1273/1059
f 1354/1796/1439 2489/1842/1458 1378/1273/1059 235/1272/1058
f 100/1843/918 1070/1844/917 2490/1845/1459 1367/1846/1460
f 1070/1844/917 96/1791/366 1365/1794/1438 2490/1845/1459
f 2490/1845/1459 1365/1794/1438 246/1338/1054 1379/1847/1052
f 1367/1846/1460 2490/1845/1459 1379/1847/1052 248/1848/1048
f 98/1122/942 1063/1849/975 2491/1850/1461 1366/1123/943
f 1063/1849/975 100/1843/918 1367/1846/1460 2491/1850/1461
f 2491/1850/1461 1367/1846/1460 248/1848/1048 1380/1851/1046
f 1366/1123/943 2491/1850/1461 1380/1851/1046 247/1124/944
f 4/1852/981 755/1853/980 2492/1854/1462 753/1855/1463
f 755/1853/980 102/1118/938 1382/1121/941 2492/1854/1462
f 2492/1854/1462 1382/1121/941 250/1144/961 1383/1170/983
f 753/1855/1463 2492/1854/1462 1383/1170/983 249/1169/982
f 103/1856/1464 1086/1857/1465 2493/1858/1466 1083/1859/1467
f 1086/1857/1465 105/1142/959 1384/1141/958 2493/1858/1466
f 2493/1858/1466 1384/1141/958 251/1140/957 1386/1182/995
f 1083/1859/1467 2493/1858/1466 1386/1182/995 252/1181/994
f 287/633/542 1467/1860/1468 2494/1861/1469 1393/634/543
f 1467/1860/1468 281/1862/1470 1387/1863/1471 2494/1861/1469
f 2494/1861/1469 1387/1863/1471 253/1385/1155 1401/1401/1169
f 1393/634/543 2494/1861/1469 1401/1401/1169 259/635/544
f 286/1864/1472 1466/1865/1473 2495/1866/1474 1392/1867/1475
f 1466/1865/1473 282/1868/1476 1388/1869/1477 2495/1866/1474
f 2495/1866/1474 1388/1869/1477 254/1365/1135 1402/1399/1167
f 1392/1867/1475 2495/1866/1474 1402/1399/1167 258/1389/1159
f 291/1870/1478 1465/1871/1479 2496/1872/1480 1397/1873/1481
f 1465/1871/1479 283/1874/1482 1389/1875/1483 2496/1872/1480
f 2496/1872/1480 1389/1875/1483 255/1371/1141 1403/1397/1165
f 1397/1873/1481 2496/1872/1480 1403/1397/1165 263/1369/1139
f 289/1876/1484 1464/1877/1485 2497/1878/1486 1395/1879/1487
f 1464/1877/1485 284/1880/1488 1390/1881/1489 2497/1878/1486
f 2497/1878/1486 1390/1881/1489 256/1359/1129 1404/1395/1163
f 1395/1879/1487 2497/1878/1486 1404/1395/1163 261/1381/1151
f 292/1882/1490 1463/1883/1491 2498/1884/1492 1398/1885/1493
f 1463/1883/1491 285/1886/1494 1391/1887/1495 2498/1884/1492
f 2498/1884/1492 1391/1887/1495 257/1393/1121 1405/1391/1161
f 1398/1885/1493 2498/1884/1492 1405/1391/1161 264/1363/1133
f 281/1862/1470 1462/1888/1496 2499/1889/1497 1387/1863/1471
f 1462/1888/1496 286/1864/1472 1392/1867/1475 2499/1889/1497
f 2499/1889/1497 1392/1867/1475 258/1389/1159 1406/1386/1156
f 1387/1863/1471 2499/1889/1497 1406/1386/1156 253/1385/1155
f 290/1890/1498 1461/1891/1499 2500/1892/1500 1396/1893/1501
f 1461/1891/1499 288/1894/1502 1394/1895/1503 2500/1892/1500
f 2500/1892/1500 1394/1895/1503 260/1377/1147 1407/1383/1153
f 1396/1893/1501 2500/1892/1500 1407/1383/1153 262/1375/1145
f 288/1894/1502 1460/1896/1504 2501/1897/1505 1394/1895/1503
f 1460/1896/1504 289/1876/1484 1395/1879/1487 2501/1897/1505
f 2501/1897/1505 1395/1879/1487 261/1381/1151 1408/1378/1148
f 1394/1895/1503 2501/1897/1505 1408/1378/1148 260/1377/1147
f 283/1874/1482 1459/1898/1506 2502/1899/1507 1389/1875/1483
f 1459/1898/1506 290/1890/1498 1396/1893/1501 2502/1899/1507
f 2502/1899/1507 1396/1893/1501 262/1375/1145 1409/1372/1142
f 1389/1875/1483 2502/1899/1507 1409/1372/1142 255/1371/1141
f 282/1868/1476 1458/1900/1508 2503/1901/1509 1388/1869/1477
f 1458/1900/1508 291/1870/1478 1397/1873/1481 2503/1901/1509
f 2503/1901/1509 1397/1873/1481 263/1369/1139 1410/1366/1136
f 1388/1869/1477 2503/1901/1509 1410/1366/1136 254/1365/1135
f 284/1880/1488 1457/1902/1510 2504/1903/1511 1390/1881/1489
f 1457/1902/1510 292/1882/1490 1398/1885/1493 2504/1903/1511
f 2504/1903/1511 1398/1885/1493 264/1363/1133 1411/1360/1130
f 1390/1881/1489 2504/1903/1511 1411/1360/1130 256/1359/1129
f 294/1904/1512 1456/1905/1513 2505/1906/1514 1400/1907/1515
f 1456/1905/1513 293/1077/902 1399/1076/901 2505/1906/1514
f 2505/1906/1514 1399/1076/901 265/1075/900 1412/1908/1127
f 1400/1907/1515 2505/1906/1514 1412/1908/1127 266/1909/1125
f 285/1886/1494 1455/1910/1516 2506/1911/1517 1391/1887/1495
f 1455/1910/1516 294/1904/1512 1400/1907/1515 2506/1911/1517
f 2506/1911/1517 1400/1907/1515 266/1909/1125 1413/1912/1122
f 1391/1887/1495 2506/1911/1517 1413/1912/1122 257/1393/1121
f 299/1913/1518 1494/1914/1519 2507/1915/1520 1418/1916/1521
f 1494/1914/1519 308/1917/1522 1427/1918/1523 2507/1915/1520
f 2507/1915/1520 1427/1918/1523 280/1919/1524 1428/1920/1525
f 1418/1916/1521 2507/1915/1520 1428/1920/1525 271/1921/1526
f 308/1917/1522 1493/1922/1527 2508/1923/1528 1427/1918/1523
f 1493/1922/1527 307/1081/906 1426/1080/905 2508/1923/1528
f 2508/1923/1528 1426/1080/905 279/1079/904 1429/1924/1529
f 1427/1918/1523 2508/1923/1528 1429/1924/1529 280/1919/1524
f 298/1925/1530 1492/1926/1531 2509/1927/1532 1417/1928/1533
f 1492/1926/1531 306/1929/1534 1425/1930/1535 2509/1927/1532
f 2509/1927/1532 1425/1930/1535 278/1931/1536 1430/1932/1537
f 1417/1928/1533 2509/1927/1532 1430/1932/1537 270/1933/1538
f 296/1934/1539 1491/1935/1540 2510/1936/1541 1415/1937/1542
f 1491/1935/1540 305/1938/1543 1424/1939/1544 2510/1936/1541
f 2510/1936/1541 1424/1939/1544 277/1940/1545 1431/1941/1546
f 1415/1937/1542 2510/1936/1541 1431/1941/1546 268/1942/1547
f 297/1943/1548 1490/1944/1549 2511/1945/1550 1416/1946/1551
f 1490/1944/1549 304/1947/1552 1423/1948/1553 2511/1945/1550
f 2511/1945/1550 1423/1948/1553 276/1949/1554 1432/1950/1555
f 1416/1946/1551 2511/1945/1550 1432/1950/1555 269/1951/1556
f 302/1952/1557 1489/1953/1558 2512/1954/1559 1421/1955/1560
f 1489/1953/1558 303/1956/1561 1422/1957/1562 2512/1954/1559
f 2512/1954/1559 1422/1957/1562 275/1958/1563 1433/1959/1564
f 1421/1955/1560 2512/1954/1559 1433/1959/1564 274/1960/1565
f 304/1947/1552 1488/1961/1566 2513/1962/1567 1423/1948/1553
f 1488/1961/1566 302/1952/1557 1421/1955/1560 2513/1962/1567
f 2513/1962/1567 1421/1955/1560 274/1960/1565 1434/1963/1568
f 1423/1948/1553 2513/1962/1567 1434/1963/1568 276/1949/1554
f 295/1964/1569 1487/1965/1570 2514/1966/1571 1414/1967/1572
f 1487/1965/1570 300/1968/1573 1419/1969/1574 2514/1966/1571
f 2514/1966/1571 1419/1969/1574 272/1970/1575 1435/1971/1576
f 1414/1967/1572 2514/1966/1571 1435/1971/1576 267/1972/1577
f 306/1929/1534 1486/1973/1578 2515/1974/1579 1425/1930/1535
f 1486/1973/1578 299/1913/1518 1418/1916/1521 2515/1974/1579
f 2515/1974/1579 1418/1916/1521 271/1921/1526 1436/1975/1580
f 1425/1930/1535 2515/1974/1579 1436/1975/1580 278/1931/1536
f 303/1956/1561 1485/1976/1581 2516/1977/1582 1422/1957/1562
f 1485/1976/1581 298/1925/1530 1417/1928/1533 2516/1977/1582
f 2516/1977/1582 1417/1928/1533 270/1933/1538 1437/1978/1583
f 1422/1957/1562 2516/1977/1582 1437/1978/1583 275/1958/1563
f 305/1938/1543 1484/1979/1584 2517/1980/1585 1424/1939/1544
f 1484/1979/1584 297/1943/1548 1416/1946/1551 2517/1980/1585
f 2517/1980/1585 1416/1946/1551 269/1951/1556 1438/1981/1586
f 1424/1939/1544 2517/1980/1585 1438/1981/1586 277/1940/1545
f 300/1968/1573 1483/1982/1587 2518/1983/1588 1419/1969/1574
f 1483/1982/1587 296/1934/1539 1415/1937/1542 2518/1983/1588
f 2518/1983/1588 1415/1937/1542 268/1942/1547 1439/1984/1589
f 1419/1969/1574 2518/1983/1588 1439/1984/1589 272/1970/1575
f 301/629/538 1482/1985/1590 2519/1986/1591 1420/630/539
f 1482/1985/1590 295/1964/1569 1414/1967/1572 2519/1986/1591
f 2519/1986/1591 1414/1967/1572 267/1972/1577 1440/1987/1592
f 1420/630/539 2519/1986/1591 1440/1987/1592 273/631/540
f 271/1921/1526 1428/1920/1525 2520/1988/1593 1445/1989/1594
f 1428/1920/1525 280/1919/1524 1454/1990/1595 2520/1988/1593
f 2520/1988/1593 1454/1990/1595 294/1904/1512 1455/1910/1516
f 1445/1989/1594 2520/1988/1593 1455/1910/1516 285/1886/1494
f 280/1919/1524 1429/1924/1529 2521/1991/1596 1454/1990/1595
f 1429/1924/1529 279/1079/904 1453/1078/903 2521/1991/1596
f 2521/1991/1596 1453/1078/903 293/1077/902 1456/1905/1513
f 1454/1990/1595 2521/1991/1596 1456/1905/1513 294/1904/1512
f 270/1933/1538 1430/1932/1537 2522/1992/1597 1444/1993/1598
f 1430/1932/1537 278/1931/1536 1452/1994/1599 2522/1992/1597
f 2522/1992/1597 1452/1994/1599 292/1882/1490 1457/1902/1510
f 1444/1993/1598 2522/1992/1597 1457/1902/1510 284/1880/1488
f 268/1942/1547 1431/1941/1546 2523/1995/1600 1442/1996/1601
f 1431/1941/1546 277/1940/1545 1451/1997/1602 2523/1995/1600
f 2523/1995/1600 1451/1997/1602 291/1870/1478 1458/1900/1508
f 1442/1996/1601 2523/1995/1600 1458/1900/1508 282/1868/1476
f 269/1951/1556 1432/1950/1555 2524/1998/1603 1443/1999/1604
f 1432/1950/1555 276/1949/1554 1450/2000/1605 2524/1998/1603
f 2524/1998/1603 1450/2000/1605 290/1890/1498 1459/1898/1506
f 1443/1999/1604 2524/1998/1603 1459/1898/1506 283/1874/1482
f 274/1960/1565 1433/1959/1564 2525/2001/1606 1448/2002/1607
f 1433/1959/1564 275/1958/1563 1449/2003/1608 2525/2001/1606
f 2525/2001/1606 1449/2003/1608 289/1876/1484 1460/1896/1504
f 1448/2002/1607 2525/2001/1606 1460/1896/1504 288/1894/1502
f 276/1949/1554 1434/1963/1568 2526/2004/1609 1450/2000/1605
f 1434/1963/1568 274/1960/1565 1448/2002/1607 2526/2004/1609
f 2526/2004/1609 1448/2002/1607 288/1894/1502 1461/1891/1499
f 1450/2000/1605 2526/2004/1609 1461/1891/1499 290/1890/1498
f 267/1972/1577 1435/1971/1576 2527/2005/1610 1441/2006/1611
f 1435/1971/1576 272/1970/1575 1446/2007/1612 2527/2005/1610
f 2527/2005/1610 1446/2007/1612 286/1864/1472 1462/1888/1496
f 1441/2006/1611 2527/2005/1610 1462/1888/1496 281/1862/1470
f 278/1931/1536 1436/1975/1580 2528/2008/1613 1452/1994/1599
f 1436/1975/1580 271/1921/1526 1445/1989/1594 2528/2008/1613
f 2528/2008/1613 1445/1989/1594 285/1886/1494 1463/1883/1491
f 1452/1994/1599 2528/2008/1613 1463/1883/1491 292/1882/1490
f 275/1958/1563 1437/1978/1583 2529/2009/1614 1449/2003/1608
f 1437/1978/1583 270/1933/1538 1444/1993/1598 2529/2009/1614
f 2529/2009/1614 1444/1993/1598 284/1880/1488 1464/1877/1485
f 1449/2003/1608 2529/2009/1614 1464/1877/1485 289/1876/1484
f 277/1940/1545 1438/1981/1586 2530/2010/1615 1451/1997/1602
f 1438/1981/1586 269/1951/1556 1443/1999/1604 2530/2010/1615
f 2530/2010/1615 1443/1999/1604 283/1874/1482 1465/1871/1479
f 1451/1997/1602 2530/2010/1615 1465/1871/1479 291/1870/1478
f 272/1970/1575 1439/1984/1589 2531/2011/1616 1446/2007/1612
f 1439/1984/1589 268/1942/1547 1442/1996/1601 2531/2011/1616
f 2531/2011/1616 1442/1996/1601 282/1868/1476 1466/1865/1473
f 1446/2007/1612 2531/2011/1616 1466/1865/1473 286/1864/1472
f 273/631/540 1440/1987/1592 2532/2012/1617 1447/632/541
f 1440/1987/1592 267/1972/1577 1441/2006/1611 2532/2012/1617
f 2532/2012/1617 1441/2006/1611 281/1862/1470 1467/1860/1468
f 1447/632/541 2532/2012/1617 1467/1860/1468 287/633/542
f 36/627/384 867/2013/383 2533/2014/1618 1474/628/537
f 867/2013/383 17/2015/382 1468/2016/1619 2533/2014/1618
f 2533/2014/1618 1468/2016/1619 295/1964/1569 1482/1985/1590
f 1474/628/537 2533/2014/1618 1482/1985/1590 301/629/538
f 22/2017/393 820/2018/392 2534/2019/1620 1473/2020/1621
f 820/2018/392 16/2021/391 1469/2022/1622 2534/2019/1620
f 2534/2019/1620 1469/2022/1622 296/1934/1539 1483/1982/1587
f 1473/2020/1621 2534/2019/1620 1483/1982/1587 300/1968/1573
f 55/2023/402 924/2024/401 2535/2025/1623 1478/2026/1624
f 924/2024/401 15/2027/400 1470/2028/1625 2535/2025/1623
f 2535/2025/1623 1470/2028/1625 297/1943/1548 1484/1979/1584
f 1478/2026/1624 2535/2025/1623 1484/1979/1584 305/1938/1543
f 51/2029/411 910/2030/410 2536/2031/1626 1476/2032/1627
f 910/2030/410 14/2033/409 1471/2034/1628 2536/2031/1626
f 2536/2031/1626 1471/2034/1628 298/1925/1530 1485/1976/1581
f 1476/2032/1627 2536/2031/1626 1485/1976/1581 303/1956/1561
f 85/2035/420 1024/2036/419 2537/2037/1629 1479/2038/1630
f 1024/2036/419 13/2039/418 1472/2040/1631 2537/2037/1629
f 2537/2037/1629 1472/2040/1631 299/1913/1518 1486/1973/1578
f 1479/2038/1630 2537/2037/1629 1486/1973/1578 306/1929/1534
f 17/2015/382 775/2041/423 2538/2042/1632 1468/2016/1619
f 775/2041/423 22/2017/393 1473/2020/1621 2538/2042/1632
f 2538/2042/1632 1473/2020/1621 300/1968/1573 1487/1965/1570
f 1468/2016/1619 2538/2042/1632 1487/1965/1570 295/1964/1569
f 53/2043/614 917/2044/613 2539/2045/1633 1477/2046/1634
f 917/2044/613 49/2047/612 1475/2048/1635 2539/2045/1633
f 2539/2045/1633 1475/2048/1635 302/1952/1557 1488/1961/1566
f 1477/2046/1634 2539/2045/1633 1488/1961/1566 304/1947/1552
f 49/710/612 903/733/632 2540/2049/1636 1475/2050/1635
f 903/733/632 51/452/411 1476/2051/1627 2540/2049/1636
f 2540/2049/1636 1476/2051/1627 303/2052/1561 1489/2053/1558
f 1475/2050/1635 2540/2049/1636 1489/2053/1558 302/2054/1557
f 15/2027/400 773/2055/645 2541/2056/1637 1470/2028/1625
f 773/2055/645 53/2043/614 1477/2046/1634 2541/2056/1637
f 2541/2056/1637 1477/2046/1634 304/1947/1552 1490/1944/1549
f 1470/2028/1625 2541/2056/1637 1490/1944/1549 297/1943/1548
f 16/2021/391 774/2057/648 2542/2058/1638 1469/2022/1622
f 774/2057/648 55/2023/402 1478/2026/1624 2542/2058/1638
f 2542/2058/1638 1478/2026/1624 305/1938/1543 1491/1935/1540
f 1469/2022/1622 2542/2058/1638 1491/1935/1540 296/1934/1539
f 14/2033/409 772/2059/851 2543/2060/1639 1471/2034/1628
f 772/2059/851 85/2035/420 1479/2038/1630 2543/2060/1639
f 2543/2060/1639 1479/2038/1630 306/1929/1534 1492/1926/1531
f 1471/2034/1628 2543/2060/1639 1492/1926/1531 298/1925/1530
f 89/2061/880 1038/2062/879 2544/2063/1640 1481/2064/1641
f 1038/2062/879 87/1063/878 1480/1066/894 2544/2063/1640
f 2544/2063/1640 1480/1066/894 307/1081/906 1493/1922/1527
f 1481/2064/1641 2544/2063/1640 1493/1922/1527 308/1917/1522
f 13/2039/418 771/2065/883 2545/2066/1642 1472/2040/1631
f 771/2065/883 89/2061/880 1481/2064/1641 2545/2066/1642
f 2545/2066/1642 1481/2064/1641 308/1917/1522 1494/1914/1519
f 1472/2040/1631 2545/2066/1642 1494/1914/1519 299/1913/1518
f 94/254/234 1053/2067/1643 2546/2068/1644 1496/1069/896
f 1053/2067/1643 93/2069/1645 1495/2070/1646 2546/2068/1644
f 2546/2068/1644 1495/2070/1646 309/1087/911 1497/1085/909
f 1496/1069/896 2546/2068/1644 1497/1085/909 310/1070/897
f 91/1067/225 1045/2071/224 2547/2072/1647 1499/1068/895
f 1045/2071/224 3/2073/223 1498/2074/1648 2547/2072/1647
f 2547/2072/1647 1498/2074/1648 311/250/230 1500/247/227
f 1499/1068/895 2547/2072/1647 1500/247/227 312/246/226
f 487/237/217 1718/2075/1649 2548/2076/1650 1047/238/218
f 1718/2075/1649 485/2077/1651 1715/2078/1652 2548/2076/1650
f 2548/2076/1650 1715/2078/1652 315/2079/1653 1504/2080/1654
f 1047/238/218 2548/2076/1650 1504/2080/1654 319/241/221
f 728/2081/1655 1720/2082/1656 2549/2083/1657 2148/2084/1658
f 1720/2082/1656 490/2085/1659 1722/2086/1660 2549/2083/1657
f 2549/2083/1657 1722/2086/1660 488/2087/1661 1719/2088/1662
f 2148/2084/1658 2549/2083/1657 1719/2088/1662 727/2089/1663
f 484/2090/1664 1716/2091/1665 2550/2092/1666 1714/2093/1667
f 1716/2091/1665 486/263/243 1046/262/242 2550/2092/1666
f 2550/2092/1666 1046/262/242 318/261/241 1508/2094/1668
f 1714/2093/1667 2550/2092/1666 1508/2094/1668 313/2095/1669
f 491/2096/1670 1727/2097/1671 2551/2098/1672 1723/2099/1673
f 1727/2097/1671 493/272/252 1057/271/251 2551/2098/1672
f 2551/2098/1672 1057/271/251 344/270/250 1525/2100/1674
f 1723/2099/1673 2551/2098/1672 1525/2100/1674 328/2101/1675
f 444/2102/1676 1668/2103/1677 2552/2104/1678 1664/2105/1679
f 1668/2103/1677 446/281/261 976/280/260 2552/2104/1678
f 2552/2104/1678 976/280/260 343/279/259 1526/2106/1680
f 1664/2105/1679 2552/2104/1678 1526/2106/1680 327/2107/1681
f 422/2108/1682 1639/2109/1683 2553/2110/1684 1636/2111/1685
f 1639/2109/1683 424/290/270 938/289/269 2553/2110/1684
f 2553/2110/1684 938/289/269 342/288/268 1527/2112/1686
f 1636/2111/1685 2553/2110/1684 1527/2112/1686 326/2113/1687
f 381/2114/1688 1587/2115/1689 2554/2116/1690 1583/2117/1691
f 1587/2115/1689 383/299/279 868/298/278 2554/2116/1690
f 2554/2116/1690 868/298/278 341/297/277 1528/2118/1692
f 1583/2117/1691 2554/2116/1690 1528/2118/1692 325/2119/1693
f 353/2120/1694 1553/2121/1695 2555/2122/1696 1549/2123/1697
f 1553/2121/1695 355/308/288 821/307/287 2555/2122/1696
f 2555/2122/1696 821/307/287 340/306/286 1529/2124/1698
f 1549/2123/1697 2555/2122/1696 1529/2124/1698 324/2125/1699
f 414/2126/1700 1630/2127/1701 2556/2128/1702 1626/2129/1703
f 1630/2127/1701 416/317/297 925/316/296 2556/2128/1702
f 2556/2128/1702 925/316/296 339/315/295 1530/2130/1704
f 1626/2129/1703 2556/2128/1702 1530/2130/1704 323/2131/1705
f 406/2132/1706 1620/2133/1707 2557/2134/1708 1616/2135/1709
f 1620/2133/1707 408/326/306 911/325/305 2557/2134/1708
f 2557/2134/1708 911/325/305 338/324/304 1531/2136/1710
f 1616/2135/1709 2557/2134/1708 1531/2136/1710 322/2137/1711
f 472/2138/1712 1703/2139/1713 2558/2140/1714 1699/2141/1715
f 1703/2139/1713 474/335/315 1025/334/314 2558/2140/1714
f 2558/2140/1714 1025/334/314 337/333/313 1532/2142/1716
f 1699/2141/1715 2558/2140/1714 1532/2142/1716 321/2143/1717
f 647/2144/1718 1726/2145/1719 2559/2146/1720 2001/2147/1721
f 1726/2145/1719 491/2148/1670 1723/2149/1673 2559/2146/1720
f 2559/2146/1720 1723/2149/1673 328/2150/1675 1533/2151/1722
f 2001/2147/1721 2559/2146/1720 1533/2151/1722 633/2152/1723
f 640/2153/1724 1667/2154/1725 2560/2155/1726 2000/2156/1727
f 1667/2154/1725 444/2157/1676 1664/2158/1679 2560/2155/1726
f 2560/2155/1726 1664/2158/1679 327/2159/1681 1534/2160/1728
f 2000/2156/1727 2560/2155/1726 1534/2160/1728 634/2161/1729
f 542/2162/1730 1586/2163/1731 2561/2164/1732 1815/2165/1733
f 1586/2163/1731 381/2166/1688 1583/2167/1691 2561/2164/1732
f 2561/2164/1732 1583/2167/1691 325/2168/1693 1536/2169/1734
f 1815/2165/1733 2561/2164/1732 1536/2169/1734 536/2170/1735
f 541/2171/1736 1552/2172/1737 2562/2173/1738 1814/2174/1739
f 1552/2172/1737 353/2175/1694 1549/2176/1697 2562/2173/1738
f 2562/2173/1738 1549/2176/1697 324/2177/1699 1537/2178/1740
f 1814/2174/1739 2562/2173/1738 1537/2178/1740 537/2179/1741
f 546/2180/1742 1629/2181/1743 2563/2182/1744 1813/2183/1745
f 1629/2181/1743 414/2184/1700 1626/2185/1703 2563/2182/1744
f 2563/2182/1744 1626/2185/1703 323/2186/1705 1538/2187/1746
f 1813/2183/1745 2563/2182/1744 1538/2187/1746 538/2188/1747
f 544/2189/1748 1619/2190/1749 2564/2191/1750 1812/2192/1751
f 1619/2190/1749 406/2193/1706 1616/2194/1709 2564/2191/1750
f 2564/2191/1750 1616/2194/1709 322/2195/1711 1539/2196/1752
f 1812/2192/1751 2564/2191/1750 1539/2196/1752 539/2197/1753
f 547/2198/1754 1702/2199/1755 2565/2200/1756 1811/2201/1757
f 1702/2199/1755 472/2202/1712 1699/2203/1715 2565/2200/1756
f 2565/2200/1756 1699/2203/1715 321/2204/1717 1540/2205/1758
f 1811/2201/1757 2565/2200/1756 1540/2205/1758 540/2206/1759
f 494/399/358 1725/2207/1760 2566/2208/1761 1058/400/359
f 1725/2207/1760 492/2209/1762 1724/2210/1763 2566/2208/1761
f 2566/2208/1761 1724/2210/1763 336/2211/1764 1541/2212/1765
f 1058/400/359 2566/2208/1761 1541/2212/1765 352/403/362
f 447/408/367 1666/2213/1766 2567/2214/1767 977/409/368
f 1666/2213/1766 445/2215/1768 1665/2216/1769 2567/2214/1767
f 2567/2214/1767 1665/2216/1769 335/2217/1770 1542/2218/1771
f 977/409/368 2567/2214/1767 1542/2218/1771 351/412/371
f 384/417/376 1585/2219/1772 2568/2220/1773 869/418/377
f 1585/2219/1772 382/2221/1774 1584/2222/1775 2568/2220/1773
f 2568/2220/1773 1584/2222/1775 333/2223/1776 1544/2224/1777
f 869/418/377 2568/2220/1773 1544/2224/1777 349/421/380
f 356/426/385 1551/2225/1778 2569/2226/1779 822/427/386
f 1551/2225/1778 354/2227/1780 1550/2228/1781 2569/2226/1779
f 2569/2226/1779 1550/2228/1781 332/2229/1782 1545/2230/1783
f 822/427/386 2569/2226/1779 1545/2230/1783 348/430/389
f 417/435/394 1628/2231/1784 2570/2232/1785 926/436/395
f 1628/2231/1784 415/2233/1786 1627/2234/1787 2570/2232/1785
f 2570/2232/1785 1627/2234/1787 331/2235/1788 1546/2236/1789
f 926/436/395 2570/2232/1785 1546/2236/1789 347/439/398
f 409/444/403 1618/2237/1790 2571/2238/1791 912/445/404
f 1618/2237/1790 407/2239/1792 1617/2240/1793 2571/2238/1791
f 2571/2238/1791 1617/2240/1793 330/2241/1794 1547/2242/1795
f 912/445/404 2571/2238/1791 1547/2242/1795 346/448/407
f 475/453/412 1701/2243/1796 2572/2244/1797 1026/454/413
f 1701/2243/1796 473/2245/1798 1700/2246/1799 2572/2244/1797
f 2572/2244/1797 1700/2246/1799 329/2247/1800 1548/2248/1801
f 1026/454/413 2572/2244/1797 1548/2248/1801 345/457/416
f 349/421/380 1544/2224/1777 2573/2249/1802 791/462/421
f 1544/2224/1777 333/2223/1776 1521/2250/1803 2573/2249/1802
f 2573/2249/1802 1521/2250/1803 354/2227/1780 1551/2225/1778
f 791/462/421 2573/2249/1802 1551/2225/1778 356/426/385
f 536/2170/1735 1536/2169/1734 2574/2251/1804 1810/2252/1805
f 1536/2169/1734 325/2168/1693 1513/2253/1806 2574/2251/1804
f 2574/2251/1804 1513/2253/1806 353/2175/1694 1552/2172/1737
f 1810/2252/1805 2574/2251/1804 1552/2172/1737 541/2171/1736
f 325/2119/1693 1528/2118/1692 2575/2254/1807 1513/2255/1806
f 1528/2118/1692 341/297/277 783/470/428 2575/2254/1807
f 2575/2254/1807 783/470/428 355/308/288 1553/2121/1695
f 1513/2255/1806 2575/2254/1807 1553/2121/1695 353/2120/1694
f 513/471/429 1751/2256/1808 2576/2257/1809 1090/472/430
f 1751/2256/1808 511/2258/1810 1748/2259/1811 2576/2257/1809
f 2576/2257/1809 1748/2259/1811 358/2260/1812 1556/2261/1813
f 1090/472/430 2576/2257/1809 1556/2261/1813 360/475/433
f 511/2258/1810 1750/2262/1814 2577/2263/1815 1748/2259/1811
f 1750/2262/1814 510/2264/1816 1747/2265/1817 2577/2263/1815
f 2577/2263/1815 1747/2265/1817 357/2266/1818 1557/2267/1819
f 1748/2259/1811 2577/2263/1815 1557/2267/1819 358/2260/1812
f 510/2264/1816 1749/2268/1820 2578/2269/1821 1747/2265/1817
f 1749/2268/1820 512/491/449 1089/490/448 2578/2269/1821
f 2578/2269/1821 1089/490/448 359/489/447 1558/2270/1822
f 1747/2265/1817 2578/2269/1821 1558/2270/1822 357/2266/1818
f 565/492/50 1841/2271/120 2579/2272/1823 1188/493/450
f 1841/2271/120 563/2273/119 1838/2274/1824 2579/2272/1823
f 2579/2272/1823 1838/2274/1824 362/2275/1825 1561/2276/1826
f 1188/493/450 2579/2272/1823 1561/2276/1826 364/496/452
f 563/2273/119 1853/2277/141 2580/2278/1827 1838/2274/1824
f 573/2279/114 1843/2280/113 2580/2278/1827 1853/2277/141
f 567/2281/112 1849/2282/138 2580/2278/1827 1843/2280/113
f 571/2283/126 1840/2284/125 2580/2278/1827 1849/2282/138
f 562/2285/105 1837/2286/1828 2580/2278/1827 1840/2284/125
f 361/2287/1829 1562/2288/1830 2580/2278/1827 1837/2286/1828
f 362/2275/1825 1838/2274/1824 2580/2278/1827 1562/2288/1830
f 562/2285/105 1839/2289/104 2581/2290/1831 1837/2286/1828
f 1839/2289/104 564/524/34 1187/523/463 2581/2290/1831
f 2581/2290/1831 1187/523/463 363/522/462 1563/2291/1832
f 1837/2286/1828 2581/2290/1831 1563/2291/1832 361/2287/1829
f 421/525/464 1635/2292/1833 2582/2293/1834 933/526/465
f 1635/2292/1833 419/2294/1835 1632/2295/1836 2582/2293/1834
f 2582/2293/1834 1632/2295/1836 366/2296/1837 1566/2297/1838
f 933/526/465 2582/2293/1834 1566/2297/1838 368/529/468
f 419/2298/1835 1634/2299/1839 2583/2300/1840 1632/2301/1836
f 1634/2299/1839 418/2302/1841 1631/2303/1842 2583/2300/1840
f 2583/2300/1840 1631/2303/1842 365/2304/1843 1567/2305/1844
f 1632/2301/1836 2583/2300/1840 1567/2305/1844 366/2306/1837
f 418/2307/1841 1633/2308/1845 2584/2309/1846 1631/2310/1842
f 1633/2308/1845 420/551/484 932/550/483 2584/2309/1846
f 2584/2309/1846 932/550/483 367/549/482 1568/2311/1847
f 1631/2310/1842 2584/2309/1846 1568/2311/1847 365/2312/1843
f 368/552/468 1566/2313/1838 2585/2314/1848 843/553/485
f 1566/2313/1838 366/2315/1837 1565/2316/1849 2585/2314/1848
f 2585/2314/1848 1565/2316/1849 370/2317/1850 1571/2318/1851
f 843/553/485 2585/2314/1848 1571/2318/1851 372/556/487
f 366/2306/1837 1567/2305/1844 2586/2319/1852 1565/2320/1849
f 1567/2305/1844 365/2304/1843 1564/2321/1853 2586/2319/1852
f 2586/2319/1852 1564/2321/1853 369/2322/1854 1572/2323/1855
f 1565/2320/1849 2586/2319/1852 1572/2323/1855 370/2324/1850
f 365/2325/1843 1568/2326/1847 2587/2327/1856 1564/2328/1853
f 1568/2326/1847 367/575/482 842/574/498 2587/2327/1856
f 2587/2327/1856 842/574/498 371/573/497 1573/2329/1857
f 1564/2328/1853 2587/2327/1856 1573/2329/1857 369/2330/1854
f 372/556/487 1571/2318/1851 2588/2331/1858 850/576/499
f 1571/2318/1851 370/2317/1850 1570/2332/1859 2588/2331/1858
f 2588/2331/1858 1570/2332/1859 374/2333/1860 1576/2334/1861
f 850/576/499 2588/2331/1858 1576/2334/1861 376/578/501
f 370/2324/1850 1572/2323/1855 2589/2335/1862 1570/2336/1859
f 1572/2323/1855 369/2322/1854 1569/2337/1863 2589/2335/1862
f 2589/2335/1862 1569/2337/1863 373/2338/1864 1577/2339/1865
f 1570/2336/1859 2589/2335/1862 1577/2339/1865 374/2340/1860
f 369/2341/1854 1573/2342/1857 2590/2343/1866 1569/2344/1863
f 1573/2342/1857 371/596/497 849/595/512 2590/2343/1866
f 2590/2343/1866 849/595/512 375/594/511 1578/2345/1867
f 1569/2344/1863 2590/2343/1866 1578/2345/1867 373/2346/1864
f 376/578/501 1576/2334/1861 2591/2347/1868 857/597/513
f 1576/2334/1861 374/2333/1860 1575/2348/1869 2591/2347/1868
f 2591/2347/1868 1575/2348/1869 378/2349/1870 1580/2350/1871
f 857/597/513 2591/2347/1868 1580/2350/1871 380/599/515
f 374/2340/1860 1577/2339/1865 2592/2351/1872 1575/2352/1869
f 373/2338/1864 1574/2353/1873 2592/2351/1872 1577/2339/1865
f 377/2354/1874 1581/2355/1875 2592/2351/1872 1574/2353/1873
f 553/2356/1876 1820/2357/1877 2592/2351/1872 1581/2355/1875
f 378/2358/1870 1575/2352/1869 2592/2351/1872 1820/2357/1877
f 373/2346/1864 1578/2345/1867 2593/2359/1878 1574/2360/1873
f 1578/2345/1867 375/594/511 856/616/528 2593/2359/1878
f 2593/2359/1878 856/616/528 379/615/527 1582/2361/1879
f 1574/2360/1873 2593/2359/1878 1582/2361/1879 377/2362/1874
f 392/617/529 1597/2363/1880 2594/2364/1881 883/618/530
f 1597/2363/1880 390/2365/1882 1594/2366/1883 2594/2364/1881
f 2594/2364/1881 1594/2366/1883 382/2221/1774 1585/2219/1772
f 883/618/530 2594/2364/1881 1585/2219/1772 384/417/376
f 390/2367/1882 1604/2368/1884 2595/2369/1885 1594/2370/1883
f 399/2371/1886 1816/2372/1887 2595/2369/1885 1604/2368/1884
f 550/2373/1888 1817/2374/1889 2595/2369/1885 1816/2372/1887
f 542/2162/1730 1795/2375/1890 2595/2369/1885 1817/2374/1889
f 675/2376/1891 2041/2377/1892 2595/2369/1885 1795/2375/1890
f 703/2378/1893 2095/2379/1894 2595/2369/1885 2041/2377/1892
f 689/2380/1895 2068/2381/1896 2595/2369/1885 2095/2379/1894
f 717/2382/1897 2122/2383/1898 2595/2369/1885 2068/2381/1896
f 382/2384/1774 1594/2370/1883 2595/2369/1885 2122/2383/1898
f 389/2385/1899 1595/2386/1900 2596/2387/1901 1593/2388/1902
f 1595/2386/1900 391/646/555 882/645/554 2596/2387/1901
f 2596/2387/1901 882/645/554 383/299/279 1587/2115/1689
f 1593/2388/1902 2596/2387/1901 1587/2115/1689 381/2114/1688
f 377/2389/1874 1582/2390/1879 2597/2391/1903 1579/2392/1904
f 1582/2390/1879 379/655/527 862/654/561 2597/2391/1903
f 2597/2391/1903 862/654/561 387/653/560 1590/2393/1905
f 1579/2392/1904 2597/2391/1903 1590/2393/1905 385/2394/1906
f 378/2358/1870 1820/2357/1877 2598/2395/1907 1610/2396/1908
f 1820/2357/1877 553/2356/1876 1821/2397/1909 2598/2395/1907
f 2598/2395/1907 1821/2397/1909 552/2398/1910 1819/2399/1911
f 1610/2396/1908 2598/2395/1907 1819/2399/1911 401/2400/1912
f 393/2401/1913 1602/2402/1914 2599/2403/1915 1598/2404/1916
f 1602/2402/1914 395/667/573 889/666/572 2599/2403/1915
f 2599/2403/1915 889/666/572 391/646/555 1595/2386/1900
f 1598/2404/1916 2599/2403/1915 1595/2386/1900 389/2385/1899
f 394/2405/1917 1603/2406/1918 2600/2407/1919 1599/2408/1920
f 1603/2406/1918 397/2409/1921 1608/2410/1922 2600/2407/1919
f 2600/2407/1919 1608/2410/1922 399/2371/1886 1604/2368/1884
f 1599/2408/1920 2600/2407/1919 1604/2368/1884 390/2367/1882
f 396/674/580 1600/2411/1923 2601/2412/1924 890/675/581
f 1600/2411/1923 394/2413/1917 1599/2414/1920 2601/2412/1924
f 2601/2412/1924 1599/2414/1920 390/2365/1882 1597/2363/1880
f 890/675/581 2601/2412/1924 1597/2363/1880 392/617/529
f 388/680/584 1592/2415/1925 2602/2416/1926 876/681/585
f 1592/2415/1925 386/2417/1927 1589/2418/1928 2602/2416/1926
f 2602/2416/1926 1589/2418/1928 394/2413/1917 1600/2411/1923
f 876/681/585 2602/2416/1926 1600/2411/1923 396/674/580
f 386/2419/1927 1605/2420/1929 2603/2421/1930 1589/2422/1928
f 1605/2420/1929 400/2423/1931 1606/2424/1932 2603/2421/1930
f 2603/2421/1930 1606/2424/1932 397/2409/1921 1603/2406/1918
f 1589/2422/1928 2603/2421/1930 1603/2406/1918 394/2405/1917
f 385/2394/1906 1590/2393/1905 2604/2425/1933 1588/2426/1934
f 1590/2393/1905 387/653/560 875/694/596 2604/2425/1933
f 2604/2425/1933 875/694/596 395/667/573 1602/2402/1914
f 1588/2426/1934 2604/2425/1933 1602/2402/1914 393/2401/1913
f 401/2400/1912 1819/2399/1911 2605/2427/1935 1607/2428/1936
f 1819/2399/1911 552/2398/1910 1822/2429/1937 2605/2427/1935
f 2605/2427/1935 1822/2429/1937 551/2430/1938 1818/2431/1939
f 1607/2428/1936 2605/2427/1935 1818/2431/1939 398/2432/1940
f 398/2432/1940 1818/2431/1939 2606/2433/1941 1609/2434/1942
f 1818/2431/1939 551/2430/1938 1823/2435/1943 2606/2433/1941
f 2606/2433/1941 1823/2435/1943 550/2373/1888 1816/2372/1887
f 1609/2434/1942 2606/2433/1941 1816/2372/1887 399/2371/1886
f 413/704/606 1625/2436/1944 2607/2437/1945 919/705/607
f 1625/2436/1944 411/2438/1946 1622/2439/1947 2607/2437/1945
f 2607/2437/1945 1622/2439/1947 403/2440/1948 1613/2441/1949
f 919/705/607 2607/2437/1945 1613/2441/1949 405/708/610
f 545/2442/1950 1624/2443/1951 2608/2444/1952 1809/2445/1953
f 1624/2443/1951 410/2446/1954 1621/2447/1955 2608/2444/1952
f 2608/2444/1952 1621/2447/1955 402/2448/1956 1614/2449/1957
f 1809/2445/1953 2608/2444/1952 1614/2449/1957 543/2450/1958
f 410/2451/1954 1623/2452/1959 2609/2453/1960 1621/2454/1955
f 1623/2452/1959 412/730/629 918/729/628 2609/2453/1960
f 2609/2453/1960 918/729/628 404/728/627 1615/2455/1961
f 1621/2454/1955 2609/2453/1960 1615/2455/1961 402/2456/1956
f 405/708/610 1613/2441/1949 2610/2457/1962 905/731/630
f 1613/2441/1949 403/2440/1948 1612/2458/1963 2610/2457/1962
f 2610/2457/1962 1612/2458/1963 407/2239/1792 1618/2237/1790
f 905/731/630 2610/2457/1962 1618/2237/1790 409/444/403
f 543/2450/1958 1614/2449/1957 2611/2459/1964 1808/2460/1965
f 1614/2449/1957 402/2448/1956 1611/2461/1966 2611/2459/1964
f 2611/2459/1964 1611/2461/1966 406/2193/1706 1619/2190/1749
f 1808/2460/1965 2611/2459/1964 1619/2190/1749 544/2189/1748
f 402/2456/1956 1615/2455/1961 2612/2462/1967 1611/2463/1966
f 1615/2455/1961 404/728/627 904/739/637 2612/2462/1967
f 2612/2462/1967 904/739/637 408/326/306 1620/2133/1707
f 1611/2463/1966 2612/2462/1967 1620/2133/1707 406/2132/1706
f 323/2131/1705 1530/2130/1704 2613/2464/1968 1511/2465/1969
f 1530/2130/1704 339/315/295 781/742/640 2613/2464/1968
f 2613/2464/1968 781/742/640 412/730/629 1623/2452/1959
f 1511/2465/1969 2613/2464/1968 1623/2452/1959 410/2451/1954
f 538/2188/1747 1538/2187/1746 2614/2466/1970 1807/2467/1971
f 1538/2187/1746 323/2186/1705 1511/2468/1969 2614/2466/1970
f 2614/2466/1970 1511/2468/1969 410/2446/1954 1624/2443/1951
f 1807/2467/1971 2614/2466/1970 1624/2443/1951 545/2442/1950
f 347/439/398 1546/2236/1789 2615/2469/1972 789/746/643
f 1546/2236/1789 331/2235/1788 1519/2470/1973 2615/2469/1972
f 2615/2469/1972 1519/2470/1973 411/2438/1946 1625/2436/1944
f 789/746/643 2615/2469/1972 1625/2436/1944 413/704/606
f 348/430/389 1545/2230/1783 2616/2471/1974 790/749/646
f 1545/2230/1783 332/2229/1782 1520/2472/1975 2616/2471/1974
f 2616/2471/1974 1520/2472/1975 415/2473/1786 1628/2474/1784
f 790/749/646 2616/2471/1974 1628/2474/1784 417/751/394
f 537/2179/1741 1537/2178/1740 2617/2475/1976 1806/2476/1977
f 1537/2178/1740 324/2177/1699 1512/2477/1978 2617/2475/1976
f 2617/2475/1976 1512/2477/1978 414/2184/1700 1629/2181/1743
f 1806/2476/1977 2617/2475/1976 1629/2181/1743 546/2180/1742
f 324/2478/1699 1529/2479/1698 2618/2480/1979 1512/2481/1978
f 1529/2479/1698 340/763/286 782/762/653 2618/2480/1979
f 2618/2480/1979 782/762/653 416/317/297 1630/2127/1701
f 1512/2481/1978 2618/2480/1979 1630/2127/1701 414/2126/1700
f 593/2482/1980 1896/2483/1981 2619/2484/1982 1892/2485/1983
f 1896/2483/1981 595/772/659 1244/771/658 2619/2484/1982
f 2619/2484/1982 1244/771/658 420/770/484 1633/2486/1845
f 1892/2485/1983 2619/2484/1982 1633/2486/1845 418/2487/1841
f 594/2488/1984 1895/2489/1985 2620/2490/1986 1893/2491/1987
f 1895/2489/1985 593/2492/1980 1892/2493/1983 2620/2490/1986
f 2620/2490/1986 1892/2493/1983 418/2302/1841 1634/2299/1839
f 1893/2491/1987 2620/2490/1986 1634/2299/1839 419/2298/1835
f 596/779/664 1894/2494/1988 2621/2495/1989 1245/780/665
f 1894/2494/1988 594/2496/1984 1893/2497/1987 2621/2495/1989
f 2621/2495/1989 1893/2497/1987 419/2498/1835 1635/2499/1833
f 1245/780/665 2621/2495/1989 1635/2499/1833 421/783/464
f 437/788/668 1654/2500/1990 2622/2501/1991 959/789/669
f 1654/2500/1990 435/2502/1992 1651/2503/1993 2622/2501/1991
f 2622/2501/1991 1651/2503/1993 423/2504/1994 1637/2505/1995
f 959/789/669 2622/2501/1991 1637/2505/1995 425/792/672
f 435/2506/1992 1655/2507/1996 2623/2508/1997 1651/2509/1993
f 439/2510/1998 1657/2511/1999 2623/2508/1997 1655/2507/1996
f 423/2512/1994 1651/2509/1993 2623/2508/1997 1657/2511/1999
f 434/2513/2000 1652/2514/2001 2624/2515/2002 1650/2516/2003
f 1652/2514/2001 436/809/686 958/808/685 2624/2515/2002
f 2624/2515/2002 958/808/685 424/290/270 1639/2109/1683
f 1650/2516/2003 2624/2515/2002 1639/2109/1683 422/2108/1682
f 440/2517/2004 1663/2518/2005 2628/2519/2006 1659/2520/2007
f 1663/2518/2005 442/818/695 969/817/694 2628/2519/2006
f 2628/2519/2006 969/817/694 432/816/693 1647/2521/2008
f 1659/2520/2007 2628/2519/2006 1647/2521/2008 430/2522/2009
f 639/2523/2010 1662/2524/2011 2629/2525/2012 1999/2526/2013
f 1662/2524/2011 440/2527/2004 1659/2528/2007 2629/2525/2012
f 2629/2525/2012 1659/2528/2007 430/2529/2009 1648/2530/2014
f 1999/2526/2013 2629/2525/2012 1648/2530/2014 637/2531/2015
f 443/828/702 1661/2532/2016 2630/2533/2017 970/829/703
f 1661/2532/2016 441/2534/2018 1660/2535/2019 2630/2533/2017
f 2630/2533/2017 1660/2535/2019 431/2536/2020 1649/2537/2021
f 970/829/703 2630/2533/2017 1649/2537/2021 433/832/706
f 430/2522/2009 1647/2521/2008 2631/2538/2022 1645/2539/2023
f 1647/2521/2008 432/816/693 951/839/713 2631/2538/2022
f 2631/2538/2022 951/839/713 436/809/686 1652/2514/2001
f 1645/2539/2023 2631/2538/2022 1652/2514/2001 434/2513/2000
f 431/2540/2020 2004/2541/2024 2632/2542/2025 1646/2543/2026
f 653/2544/2027 1764/2545/2028 2632/2542/2025 2004/2541/2024
f 524/2546/2029 1831/2547/2030 2632/2542/2025 1764/2545/2028
f 555/2548/2031 1825/2549/2032 2632/2542/2025 1831/2547/2030
f 439/2510/1998 1655/2507/1996 2632/2542/2025 1825/2549/2032
f 435/2506/1992 1646/2543/2026 2632/2542/2025 1655/2507/1996
f 433/832/706 1649/2537/2021 2633/2550/2033 952/850/723
f 1649/2537/2021 431/2536/2020 1646/2551/2026 2633/2550/2033
f 2633/2550/2033 1646/2551/2026 435/2502/1992 1654/2500/1990
f 952/850/723 2633/2550/2033 1654/2500/1990 437/788/668
f 439/2510/1998 1825/2549/2032 2634/2552/2034 1656/2553/2035
f 1825/2549/2032 555/2548/2031 1828/2554/2036 2634/2552/2034
f 2634/2552/2034 1828/2554/2036 556/2555/2037 1826/2556/2038
f 1656/2553/2035 2634/2552/2034 1826/2556/2038 438/2557/2039
f 438/2557/2039 1826/2556/2038 2635/2558/2040 1658/2559/2041
f 1826/2556/2038 556/2555/2037 1829/2560/2042 2635/2558/2040
f 2635/2558/2040 1829/2560/2042 554/2561/2043 1824/2562/2044
f 1658/2559/2041 2635/2558/2040 1824/2562/2044 334/2563/2045
f 351/412/371 1542/2218/1771 2636/2564/2046 793/865/737
f 1542/2218/1771 335/2217/1770 1523/2565/2047 2636/2564/2046
f 2636/2564/2046 1523/2565/2047 441/2534/2018 1661/2532/2016
f 793/865/737 2636/2564/2046 1661/2532/2016 443/828/702
f 634/2161/1729 1534/2160/1728 2637/2566/2048 1998/2567/2049
f 1534/2160/1728 327/2159/1681 1515/2568/2050 2637/2566/2048
f 2637/2566/2048 1515/2568/2050 440/2527/2004 1662/2524/2011
f 1998/2567/2049 2637/2566/2048 1662/2524/2011 639/2523/2010
f 327/2569/1681 1526/2570/1680 2638/2571/2051 1515/2572/2050
f 1526/2570/1680 343/876/259 785/875/744 2638/2571/2051
f 2638/2571/2051 785/875/744 442/818/695 1663/2518/2005
f 1515/2572/2050 2638/2571/2051 1663/2518/2005 440/2517/2004
f 451/877/745 1673/2573/2052 2639/2574/2053 984/878/746
f 1673/2573/2052 449/2575/2054 1670/2576/2055 2639/2574/2053
f 2639/2574/2053 1670/2576/2055 445/2215/1768 1666/2213/1766
f 984/878/746 2639/2574/2053 1666/2213/1766 447/408/367
f 641/2577/2056 1672/2578/2057 2640/2579/2058 1997/2580/2059
f 1672/2578/2057 448/2581/2060 1669/2582/2061 2640/2579/2058
f 2640/2579/2058 1669/2582/2061 444/2157/1676 1667/2154/1725
f 1997/2580/2059 2640/2579/2058 1667/2154/1725 640/2153/1724
f 448/2583/2060 1671/2584/2062 2641/2585/2063 1669/2586/2061
f 1671/2584/2062 450/894/760 983/893/759 2641/2585/2063
f 2641/2585/2063 983/893/759 446/281/261 1668/2103/1677
f 1669/2586/2061 2641/2585/2063 1668/2103/1677 444/2102/1676
f 452/2587/2064 1678/2588/2065 2642/2589/2066 1674/2590/2067
f 1678/2588/2065 454/900/766 990/899/765 2642/2589/2066
f 2642/2589/2066 990/899/765 450/894/760 1671/2584/2062
f 1674/2590/2067 2642/2589/2066 1671/2584/2062 448/2583/2060
f 642/2591/2068 1677/2592/2069 2643/2593/2070 1996/2594/2071
f 1677/2592/2069 452/2595/2064 1674/2596/2067 2643/2593/2070
f 2643/2593/2070 1674/2596/2067 448/2581/2060 1672/2578/2057
f 1996/2594/2071 2643/2593/2070 1672/2578/2057 641/2577/2056
f 455/907/771 1676/2597/2072 2644/2598/2073 991/908/772
f 1676/2597/2072 453/2599/2074 1675/2600/2075 2644/2598/2073
f 2644/2598/2073 1675/2600/2075 449/2601/2054 1673/2602/2052
f 991/908/772 2644/2598/2073 1673/2602/2052 451/911/745
f 459/916/777 1683/2603/2076 2645/2604/2077 998/917/778
f 1683/2603/2076 457/2605/2078 1680/2606/2079 2645/2604/2077
f 2645/2604/2077 1680/2606/2079 453/2607/2074 1676/2608/2072
f 998/917/778 2645/2604/2077 1676/2608/2072 455/920/771
f 643/2609/2080 1682/2610/2081 2646/2611/2082 1995/2612/2083
f 1682/2610/2081 456/2613/2084 1679/2614/2085 2646/2611/2082
f 2646/2611/2082 1679/2614/2085 452/2595/2064 1677/2592/2069
f 1995/2612/2083 2646/2611/2082 1677/2592/2069 642/2591/2068
f 456/2615/2084 1681/2616/2086 2647/2617/2087 1679/2618/2085
f 1681/2616/2086 458/936/792 997/935/791 2647/2617/2087
f 2647/2617/2087 997/935/791 454/900/766 1678/2588/2065
f 1679/2618/2085 2647/2617/2087 1678/2588/2065 452/2587/2064
f 460/2619/2088 1688/2620/2089 2648/2621/2090 1684/2622/2091
f 1688/2620/2089 462/942/798 1004/941/797 2648/2621/2090
f 2648/2621/2090 1004/941/797 458/936/792 1681/2616/2086
f 1684/2622/2091 2648/2621/2090 1681/2616/2086 456/2615/2084
f 644/2623/2092 1687/2624/2093 2649/2625/2094 1994/2626/2095
f 1687/2624/2093 460/2627/2088 1684/2628/2091 2649/2625/2094
f 2649/2625/2094 1684/2628/2091 456/2613/2084 1682/2610/2081
f 1994/2626/2095 2649/2625/2094 1682/2610/2081 643/2609/2080
f 463/949/803 1686/2629/2096 2650/2630/2097 1005/950/804
f 1686/2629/2096 461/2631/2098 1685/2632/2099 2650/2630/2097
f 2650/2630/2097 1685/2632/2099 457/2605/2078 1683/2603/2076
f 1005/950/804 2650/2630/2097 1683/2603/2076 459/916/777
f 467/955/809 1693/2633/2100 2651/2634/2101 1012/956/810
f 1693/2633/2100 465/2635/2102 1690/2636/2103 2651/2634/2101
f 2651/2634/2101 1690/2636/2103 461/2637/2098 1686/2638/2096
f 1012/956/810 2651/2634/2101 1686/2638/2096 463/959/803
f 645/2639/2104 1692/2640/2105 2652/2641/2106 1993/2642/2107
f 1692/2640/2105 464/2643/2108 1689/2644/2109 2652/2641/2106
f 2652/2641/2106 1689/2644/2109 460/2627/2088 1687/2624/2093
f 1993/2642/2107 2652/2641/2106 1687/2624/2093 644/2623/2092
f 464/2645/2108 1691/2646/2110 2653/2647/2111 1689/2648/2109
f 1691/2646/2110 466/975/824 1011/974/823 2653/2647/2111
f 2653/2647/2111 1011/974/823 462/942/798 1688/2620/2089
f 1689/2648/2109 2653/2647/2111 1688/2620/2089 460/2619/2088
f 468/2649/2112 1698/2650/2113 2654/2651/2114 1694/2652/2115
f 1698/2650/2113 470/984/830 1018/983/829 2654/2651/2114
f 2654/2651/2114 1018/983/829 466/982/824 1691/2653/2110
f 1694/2652/2115 2654/2651/2114 1691/2653/2110 464/2654/2108
f 646/2655/2116 1697/2656/2117 2655/2657/2118 1992/2658/2119
f 1697/2656/2117 468/2659/2112 1694/2660/2115 2655/2657/2118
f 2655/2657/2118 1694/2660/2115 464/2643/2108 1692/2640/2105
f 1992/2658/2119 2655/2657/2118 1692/2640/2105 645/2639/2104
f 471/991/835 1696/2661/2120 2656/2662/2121 1019/992/836
f 1696/2661/2120 469/2663/2122 1695/2664/2123 2656/2662/2121
f 2656/2662/2121 1695/2664/2123 465/2665/2102 1693/2666/2100
f 1019/992/836 2656/2662/2121 1693/2666/2100 467/995/809
f 352/403/362 1541/2212/1765 2657/2667/2124 794/1000/841
f 1541/2212/1765 336/2211/1764 1524/2668/2125 2657/2667/2124
f 2657/2667/2124 1524/2668/2125 469/2663/2122 1696/2661/2120
f 794/1000/841 2657/2667/2124 1696/2661/2120 471/991/835
f 633/2152/1723 1533/2151/1722 2658/2669/2126 1991/2670/2127
f 1533/2151/1722 328/2150/1675 1516/2671/2128 2658/2669/2126
f 2658/2669/2126 1516/2671/2128 468/2659/2112 1697/2656/2117
f 1991/2670/2127 2658/2669/2126 1697/2656/2117 646/2655/2116
f 328/2101/1675 1525/2100/1674 2659/2672/2129 1516/2673/2128
f 1525/2100/1674 344/270/250 786/1008/848 2659/2672/2129
f 2659/2672/2129 786/1008/848 470/984/830 1698/2650/2113
f 1516/2673/2128 2659/2672/2129 1698/2650/2113 468/2649/2112
f 346/1009/407 1547/2674/1795 2660/2675/2130 788/1010/849
f 1547/2674/1795 330/2676/1794 1518/2677/2131 2660/2675/2130
f 2660/2675/2130 1518/2677/2131 473/2245/1798 1701/2243/1796
f 788/1010/849 2660/2675/2130 1701/2243/1796 475/453/412
f 539/2197/1753 1539/2196/1752 2661/2678/2132 1805/2679/2133
f 1539/2196/1752 322/2195/1711 1510/2680/2134 2661/2678/2132
f 2661/2678/2132 1510/2680/2134 472/2202/1712 1702/2199/1755
f 1805/2679/2133 2661/2678/2132 1702/2199/1755 547/2198/1754
f 322/2681/1711 1531/2682/1710 2662/2683/2135 1510/2684/2134
f 1531/2682/1710 338/1023/304 780/1022/856 2662/2683/2135
f 2662/2683/2135 780/1022/856 474/335/315 1703/2139/1713
f 1510/2684/2134 2662/2683/2135 1703/2139/1713 472/2138/1712
f 480/2685/2136 1713/2686/2137 2663/2687/2138 1709/2688/2139
f 1713/2686/2137 482/1032/865 1039/1031/864 2663/2687/2138
f 2663/2687/2138 1039/1031/864 478/1030/863 1706/2689/2140
f 1709/2688/2139 2663/2687/2138 1706/2689/2140 476/2690/2141
f 549/2691/2142 1712/2692/2143 2664/2693/2144 1804/2694/2145
f 1712/2692/2143 480/2695/2136 1709/2696/2139 2664/2693/2144
f 2664/2693/2144 1709/2696/2139 476/2697/2141 1707/2698/2146
f 1804/2694/2145 2664/2693/2144 1707/2698/2146 548/2699/2147
f 483/1042/872 1711/2700/2148 2665/2701/2149 1040/1043/873
f 1711/2700/2148 481/2702/2150 1710/2703/2151 2665/2701/2149
f 2665/2701/2149 1710/2703/2151 477/2704/2152 1708/2705/2153
f 1040/1043/873 2665/2701/2149 1708/2705/2153 479/1046/876
f 345/457/416 1548/2248/1801 2666/2706/2154 787/1051/881
f 1548/2248/1801 329/2247/1800 1517/2707/2155 2666/2706/2154
f 2666/2706/2154 1517/2707/2155 481/2702/2150 1711/2700/2148
f 787/1051/881 2666/2706/2154 1711/2700/2148 483/1042/872
f 540/2206/1759 1540/2205/1758 2667/2708/2156 1803/2709/2157
f 1540/2205/1758 321/2204/1717 1509/2710/2158 2667/2708/2156
f 2667/2708/2156 1509/2710/2158 480/2695/2136 1712/2692/2143
f 1803/2709/2157 2667/2708/2156 1712/2692/2143 549/2691/2142
f 321/2143/1717 1532/2142/1716 2668/2711/2159 1509/2712/2158
f 1532/2142/1716 337/333/313 779/1059/888 2668/2711/2159
f 2668/2711/2159 779/1059/888 482/1032/865 1713/2686/2137
f 1509/2712/2158 2668/2711/2159 1713/2686/2137 480/2685/2136
f 476/2690/2141 1706/2689/2140 2669/2713/2160 1704/2714/2161
f 1706/2689/2140 478/1030/863 1032/1062/891 2669/2713/2160
f 2669/2713/2160 1032/1062/891 486/263/243 1716/2091/1665
f 1704/2714/2161 2669/2713/2160 1716/2091/1665 484/2090/1664
f 477/2715/2152 2128/2716/2162 2670/2717/2163 1705/2718/2164
f 723/2719/2165 2074/2720/2166 2670/2717/2163 2128/2716/2162
f 695/2721/2167 2101/2722/2168 2670/2717/2163 2074/2720/2166
f 709/2723/2169 2047/2724/2170 2670/2717/2163 2101/2722/2168
f 681/2725/2171 1801/2726/2172 2670/2717/2163 2047/2724/2170
f 548/2699/2147 1707/2698/2146 2670/2717/2163 1801/2726/2172
f 476/2697/2141 1704/2727/2161 2670/2717/2163 1707/2698/2146
f 484/2728/1664 1717/2729/2173 2670/2717/2163 1704/2727/2161
f 726/2730/2174 2144/2731/2175 2670/2717/2163 1717/2729/2173
f 490/2085/1659 1720/2082/1656 2670/2717/2163 2144/2731/2175
f 728/2081/1655 2147/2732/2176 2670/2717/2163 1720/2082/1656
f 485/2733/1651 1705/2718/2164 2670/2717/2163 2147/2732/2176
f 479/1046/876 1708/2705/2153 2671/2734/2177 1033/1082/907
f 1708/2705/2153 477/2704/2152 1705/2735/2164 2671/2734/2177
f 2671/2734/2177 1705/2735/2164 485/2077/1651 1718/2075/1649
f 1033/1082/907 2671/2734/2177 1718/2075/1649 487/237/217
f 726/2730/2174 1717/2729/2173 2672/2736/2178 2145/2737/2179
f 1717/2729/2173 484/2728/1664 1714/2738/1667 2672/2736/2178
f 2672/2736/2178 1714/2738/1667 313/2739/1669 1505/2740/2180
f 2145/2737/2179 2672/2736/2178 1505/2740/2180 725/2741/2181
f 502/1091/913 1737/2742/2182 2673/2743/2183 1072/1092/914
f 1737/2742/2182 500/2744/2184 1734/2745/2185 2673/2743/2183
f 2673/2743/2183 1734/2745/2185 492/2209/1762 1725/2207/1760
f 1072/1092/914 2673/2743/2183 1725/2207/1760 494/399/358
f 649/2746/2186 1736/2747/2187 2674/2748/2188 1990/2749/2189
f 1736/2747/2187 499/2750/2190 1733/2751/2191 2674/2748/2188
f 2674/2748/2188 1733/2751/2191 491/2148/1670 1726/2145/1719
f 1990/2749/2189 2674/2748/2188 1726/2145/1719 647/2144/1718
f 499/2752/2190 1735/2753/2192 2675/2754/2193 1733/2755/2191
f 1735/2753/2192 501/1108/928 1071/1107/927 2675/2754/2193
f 2675/2754/2193 1071/1107/927 493/272/252 1727/2097/1671
f 1733/2755/2191 2675/2754/2193 1727/2097/1671 491/2096/1670
f 503/2756/2194 1742/2757/2195 2676/2758/2196 1738/2759/2197
f 1742/2757/2195 505/1117/937 1078/1116/936 2676/2758/2196
f 2676/2758/2196 1078/1116/936 497/1115/935 1730/2760/2198
f 1738/2759/2197 2676/2758/2196 1730/2760/2198 495/2761/2199
f 504/2762/2200 2030/2763/2201 2677/2764/2202 1739/2765/2203
f 666/2766/2204 1744/2767/2205 2677/2764/2202 2030/2763/2201
f 509/2768/2206 2032/2769/2207 2677/2764/2202 1744/2767/2205
f 667/2770/2208 1741/2771/2209 2677/2764/2202 2032/2769/2207
f 503/2772/2194 1738/2773/2197 2677/2764/2202 1741/2771/2209
f 495/2774/2199 1731/2775/2210 2677/2764/2202 1738/2773/2197
f 648/2776/2211 1982/2777/2212 2677/2764/2202 1731/2775/2210
f 612/2778/2213 1912/2779/2214 2677/2764/2202 1982/2777/2212
f 630/2780/2215 1947/2781/2216 2677/2764/2202 1912/2779/2214
f 590/2782/2217 1872/2783/2218 2677/2764/2202 1947/2781/2216
f 534/2784/2219 1774/2785/2220 2677/2764/2202 1872/2783/2218
f 663/2786/2221 2014/2787/2222 2677/2764/2202 1774/2785/2220
f 496/2788/2223 1739/2765/2203 2677/2764/2202 2014/2787/2222
f 506/1145/962 1740/2789/2224 2678/2790/2225 1079/1146/963
f 1740/2789/2224 504/2791/2200 1739/2792/2203 2678/2790/2225
f 2678/2790/2225 1739/2792/2203 496/2793/2223 1732/2794/2226
f 1079/1146/963 2678/2790/2225 1732/2794/2226 498/1149/966
f 495/2761/2199 1730/2760/2198 2679/2795/2227 1728/2796/2228
f 1730/2760/2198 497/1115/935 1064/1156/970 2679/2795/2227
f 2679/2795/2227 1064/1156/970 501/1108/928 1735/2753/2192
f 1728/2796/2228 2679/2795/2227 1735/2753/2192 499/2752/2190
f 648/2797/2211 1731/2798/2210 2680/2799/2229 1989/2800/2230
f 1731/2798/2210 495/2761/2199 1728/2796/2228 2680/2799/2229
f 2680/2799/2229 1728/2796/2228 499/2752/2190 1736/2801/2187
f 1989/2800/2230 2680/2799/2229 1736/2801/2187 649/2802/2186
f 498/1149/966 1732/2794/2226 2681/2803/2231 1065/1160/973
f 1732/2794/2226 496/2793/2223 1729/2804/2232 2681/2803/2231
f 2681/2803/2231 1729/2804/2232 500/2744/2184 1737/2742/2182
f 1065/1160/973 2681/2803/2231 1737/2742/2182 502/1091/913
f 317/1163/976 1507/2805/2233 2682/2806/2234 762/1164/977
f 1507/2805/2233 316/2807/2235 1503/2808/2236 2682/2806/2234
f 2682/2806/2234 1503/2808/2236 504/2791/2200 1740/2789/2224
f 762/1164/977 2682/2806/2234 1740/2789/2224 506/1145/962
f 665/2809/2237 2029/2810/2238 2683/2811/2239 2031/2812/2240
f 2029/2810/2238 508/2813/2241 1745/2814/2242 2683/2811/2239
f 2683/2811/2239 1745/2814/2242 509/2768/2206 1744/2767/2205
f 2031/2812/2240 2683/2811/2239 1744/2767/2205 666/2766/2204
f 314/2815/2243 1506/2816/2244 2684/2817/2245 1502/2818/2246
f 1506/2816/2244 320/1180/993 761/1179/992 2684/2817/2245
f 2684/2817/2245 761/1179/992 505/1117/937 1742/2757/2195
f 1502/2818/2246 2684/2817/2245 1742/2757/2195 503/2756/2194
f 668/2819/2247 2033/2820/2248 2685/2821/2249 2034/2822/2250
f 2033/2820/2248 314/2823/2243 1502/2824/2246 2685/2821/2249
f 2685/2821/2249 1502/2824/2246 503/2772/2194 1741/2771/2209
f 2034/2822/2250 2685/2821/2249 1741/2771/2209 667/2770/2208
f 514/2825/2251 1756/2826/2252 2686/2827/2253 1752/2828/2254
f 1756/2826/2252 516/1195/1003 1096/1194/1002 2686/2827/2253
f 2686/2827/2253 1096/1194/1002 512/1193/449 1749/2829/1820
f 1752/2828/2254 2686/2827/2253 1749/2829/1820 510/2830/1816
f 515/2831/2255 1755/2832/2256 2687/2833/2257 1753/2834/2258
f 1755/2832/2256 514/2835/2251 1752/2836/2254 2687/2833/2257
f 2687/2833/2257 1752/2836/2254 510/2837/1816 1750/2838/1814
f 1753/2834/2258 2687/2833/2257 1750/2838/1814 511/2839/1810
f 517/1205/1008 1754/2840/2259 2688/2841/2260 1097/1206/1009
f 1754/2840/2259 515/2842/2255 1753/2843/2258 2688/2841/2260
f 2688/2841/2260 1753/2843/2258 511/2844/1810 1751/2845/1808
f 1097/1206/1009 2688/2841/2260 1751/2845/1808 513/1209/429
f 521/1214/1012 1761/2846/2261 2689/2847/2262 1104/1215/1013
f 1761/2846/2261 519/2848/2263 1758/2849/2264 2689/2847/2262
f 2689/2847/2262 1758/2849/2264 515/2842/2255 1754/2840/2259
f 1104/1215/1013 2689/2847/2262 1754/2840/2259 517/1205/1008
f 519/2850/2263 1827/2851/2265 2690/2852/2266 1758/2853/2264
f 557/2854/2267 1874/2855/2268 2690/2852/2266 1827/2851/2265
f 592/2856/2269 1949/2857/2270 2690/2852/2266 1874/2855/2268
f 632/2858/2271 1914/2859/2272 2690/2852/2266 1949/2857/2270
f 614/2860/2273 1984/2861/2274 2690/2852/2266 1914/2859/2272
f 650/2862/2275 1760/2863/2276 2690/2852/2266 1984/2861/2274
f 518/2864/2277 1757/2865/2278 2690/2852/2266 1760/2863/2276
f 514/2835/2251 1755/2832/2256 2690/2852/2266 1757/2865/2278
f 515/2831/2255 1758/2853/2264 2690/2852/2266 1755/2832/2256
f 518/2866/2277 1759/2867/2279 2691/2868/2280 1757/2869/2278
f 1759/2867/2279 520/1244/1035 1103/1243/1034 2691/2868/2280
f 2691/2868/2280 1103/1243/1034 516/1242/1003 1756/2870/2252
f 1757/2869/2278 2691/2868/2280 1756/2870/2252 514/2871/2251
f 326/2113/1687 1527/2112/1686 2692/2872/2281 1514/2873/2282
f 1527/2112/1686 342/288/268 784/1247/1038 2692/2872/2281
f 2692/2872/2281 784/1247/1038 520/1244/1035 1759/2867/2279
f 1514/2873/2282 2692/2872/2281 1759/2867/2279 518/2866/2277
f 334/2563/2045 1824/2562/2044 2693/2874/2283 1522/2875/2284
f 1824/2562/2044 554/2561/2043 1830/2876/2285 2693/2874/2283
f 2693/2874/2283 1830/2876/2285 557/2854/2267 1827/2851/2265
f 1522/2875/2284 2693/2874/2283 1827/2851/2265 519/2850/2263
f 350/1251/1042 1543/2877/2286 2694/2878/2287 792/1252/1043
f 1543/2877/2286 334/2879/2045 1522/2880/2284 2694/2878/2287
f 2694/2878/2287 1522/2880/2284 519/2848/2263 1761/2846/2261
f 792/1252/1043 2694/2878/2287 1761/2846/2261 521/1214/1012
f 663/2786/2221 1774/2785/2220 2695/2881/2288 2028/2882/2289
f 1774/2785/2220 534/2784/2219 1776/2883/2290 2695/2881/2288
f 2695/2881/2288 1776/2883/2290 535/2884/2291 1775/2885/2292
f 2028/2882/2289 2695/2881/2288 1775/2885/2292 664/2886/2293
f 664/2886/2293 1775/2885/2292 2696/2887/2294 2027/2888/2295
f 1775/2885/2292 535/2884/2291 1777/2889/2296 2696/2887/2294
f 2696/2887/2294 1777/2889/2296 533/2890/2297 1773/2891/2298
f 2027/2888/2295 2696/2887/2294 1773/2891/2298 662/2892/2299
f 651/2893/2300 1762/2894/2301 2697/2895/2302 2026/2896/2303
f 1762/2894/2301 522/2897/2304 1778/2898/2305 2697/2895/2302
f 2697/2895/2302 1778/2898/2305 532/2899/2306 1772/2900/2307
f 2026/2896/2303 2697/2895/2302 1772/2900/2307 661/2901/2308
f 661/2901/2308 1772/2900/2307 2698/2902/2309 2025/2903/2310
f 1772/2900/2307 532/2899/2306 1779/2904/2311 2698/2902/2309
f 2698/2902/2309 1779/2904/2311 531/2905/2312 1771/2906/2313
f 2025/2903/2310 2698/2902/2309 1771/2906/2313 660/2907/2314
f 660/2908/2314 1771/2909/2313 2699/2910/2315 2024/2911/2316
f 1771/2909/2313 531/2912/2312 1780/2913/2317 2699/2910/2315
f 2699/2910/2315 1780/2913/2317 530/2914/2318 1770/2915/2319
f 2024/2911/2316 2699/2910/2315 1770/2915/2319 659/2916/2320
f 659/2917/2320 1770/2918/2319 2700/2919/2321 2023/2920/2322
f 1770/2918/2319 530/2921/2318 1781/2922/2323 2700/2919/2321
f 2700/2919/2321 1781/2922/2323 529/2923/2324 1769/2924/2325
f 2023/2920/2322 2700/2919/2321 1769/2924/2325 658/2925/2326
f 658/2925/2326 1769/2924/2325 2701/2926/2327 2022/2927/2328
f 1769/2924/2325 529/2923/2324 1782/2928/2329 2701/2926/2327
f 2701/2926/2327 1782/2928/2329 528/2929/2330 1768/2930/2331
f 2022/2927/2328 2701/2926/2327 1768/2930/2331 657/2931/2332
f 657/2932/2332 1768/2933/2331 2702/2934/2333 2021/2935/2334
f 1768/2933/2331 528/2936/2330 1783/2937/2335 2702/2934/2333
f 2702/2934/2333 1783/2937/2335 527/2938/2336 1767/2939/2337
f 2021/2935/2334 2702/2934/2333 1767/2939/2337 656/2940/2338
f 656/2941/2338 1767/2942/2337 2703/2943/2339 2020/2944/2340
f 1767/2942/2337 527/2945/2336 1784/2946/2341 2703/2943/2339
f 2703/2943/2339 1784/2946/2341 526/2947/2342 1766/2948/2343
f 2020/2944/2340 2703/2943/2339 1766/2948/2343 655/2949/2344
f 652/2950/2345 1763/2951/2346 2704/2952/2347 2019/2953/2348
f 1763/2951/2346 523/2954/2349 1785/2955/2350 2704/2952/2347
f 2704/2952/2347 1785/2955/2350 525/2956/2351 1765/2957/2352
f 2019/2953/2348 2704/2952/2347 1765/2957/2352 654/2958/2353
f 654/2958/2353 1765/2957/2352 2705/2959/2354 2018/2960/2355
f 1765/2957/2352 525/2956/2351 1786/2961/2356 2705/2959/2354
f 2705/2959/2354 1786/2961/2356 524/2546/2029 1764/2545/2028
f 2018/2960/2355 2705/2959/2354 1764/2545/2028 653/2544/2027
f 655/2949/2344 1766/2948/2343 2706/2962/2357 2017/2963/2358
f 1766/2948/2343 526/2947/2342 1787/2964/2359 2706/2962/2357
f 2706/2962/2357 1787/2964/2359 523/2954/2349 1763/2951/2346
f 2017/2963/2358 2706/2962/2357 1763/2951/2346 652/2950/2345
f 662/2892/2299 1773/2891/2298 2707/2965/2360 2016/2966/2361
f 1773/2891/2298 533/2890/2297 1788/2967/2362 2707/2965/2360
f 2707/2965/2360 1788/2967/2362 522/2897/2304 1762/2894/2301
f 2016/2966/2361 2707/2965/2360 1762/2894/2301 651/2893/2300
f 673/2968/2363 1793/2969/2364 2708/2970/2365 2061/2971/2366
f 1793/2969/2364 540/2206/1759 1803/2709/2157 2708/2970/2365
f 2708/2970/2365 1803/2709/2157 549/2691/2142 1802/2972/2367
f 2061/2971/2366 2708/2970/2365 1802/2972/2367 682/2973/2368
f 682/2974/2368 1802/2975/2367 2709/2976/2369 2060/2977/2370
f 1802/2975/2367 549/2978/2142 1804/2979/2145 2709/2976/2369
f 2709/2976/2369 1804/2979/2145 548/2980/2147 1801/2981/2172
f 2060/2977/2370 2709/2976/2369 1801/2981/2172 681/2982/2171
f 672/2983/2371 1792/2984/2372 2710/2985/2373 2059/2986/2374
f 1792/2984/2372 539/2197/1753 1805/2679/2133 2710/2985/2373
f 2710/2985/2373 1805/2679/2133 547/2198/1754 1800/2987/2375
f 2059/2986/2374 2710/2985/2373 1800/2987/2375 680/2988/2376
f 670/2989/2377 1790/2990/2378 2711/2991/2379 2058/2992/2380
f 1790/2990/2378 537/2179/1741 1806/2476/1977 2711/2991/2379
f 2711/2991/2379 1806/2476/1977 546/2180/1742 1799/2993/2381
f 2058/2992/2380 2711/2991/2379 1799/2993/2381 679/2994/2382
f 671/2995/2383 1791/2996/2384 2712/2997/2385 2057/2998/2386
f 1791/2996/2384 538/2188/1747 1807/2467/1971 2712/2997/2385
f 2712/2997/2385 1807/2467/1971 545/2442/1950 1798/2999/2387
f 2057/2998/2386 2712/2997/2385 1798/2999/2387 678/3000/2388
f 676/3001/2389 1796/3002/2390 2713/3003/2391 2056/3004/2392
f 1796/3002/2390 543/2450/1958 1808/2460/1965 2713/3003/2391
f 2713/3003/2391 1808/2460/1965 544/2189/1748 1797/3005/2393
f 2056/3004/2392 2713/3003/2391 1797/3005/2393 677/3006/2394
f 678/3000/2388 1798/2999/2387 2714/3007/2395 2055/3008/2396
f 1798/2999/2387 545/2442/1950 1809/2445/1953 2714/3007/2395
f 2714/3007/2395 1809/2445/1953 543/2450/1958 1796/3002/2390
f 2055/3008/2396 2714/3007/2395 1796/3002/2390 676/3001/2389
f 669/3009/2397 1789/3010/2398 2715/3011/2399 2054/3012/2400
f 1789/3010/2398 536/2170/1735 1810/2252/1805 2715/3011/2399
f 2715/3011/2399 1810/2252/1805 541/2171/1736 1794/3013/2401
f 2054/3012/2400 2715/3011/2399 1794/3013/2401 674/3014/2402
f 680/2988/2376 1800/2987/2375 2716/3015/2403 2053/3016/2404
f 1800/2987/2375 547/2198/1754 1811/2201/1757 2716/3015/2403
f 2716/3015/2403 1811/2201/1757 540/2206/1759 1793/2969/2364
f 2053/3016/2404 2716/3015/2403 1793/2969/2364 673/2968/2363
f 677/3006/2394 1797/3005/2393 2717/3017/2405 2052/3018/2406
f 1797/3005/2393 544/2189/1748 1812/2192/1751 2717/3017/2405
f 2717/3017/2405 1812/2192/1751 539/2197/1753 1792/2984/2372
f 2052/3018/2406 2717/3017/2405 1792/2984/2372 672/2983/2371
f 679/2994/2382 1799/2993/2381 2718/3019/2407 2051/3020/2408
f 1799/2993/2381 546/2180/1742 1813/2183/1745 2718/3019/2407
f 2718/3019/2407 1813/2183/1745 538/2188/1747 1791/2996/2384
f 2051/3020/2408 2718/3019/2407 1791/2996/2384 671/2995/2383
f 674/3014/2402 1794/3013/2401 2719/3021/2409 2050/3022/2410
f 1794/3013/2401 541/2171/1736 1814/2174/1739 2719/3021/2409
f 2719/3021/2409 1814/2174/1739 537/2179/1741 1790/2990/2378
f 2050/3022/2410 2719/3021/2409 1790/2990/2378 670/2989/2377
f 675/2376/1891 1795/2375/1890 2720/3023/2411 2049/3024/2412
f 1795/2375/1890 542/2162/1730 1815/2165/1733 2720/3023/2411
f 2720/3023/2411 1815/2165/1733 536/2170/1735 1789/3010/2398
f 2049/3024/2412 2720/3023/2411 1789/3010/2398 669/3009/2397
f 550/2373/1888 1596/3025/2413 2721/3026/2414 1817/2374/1889
f 1596/3025/2413 389/3027/1899 1593/3028/1902 2721/3026/2414
f 2721/3026/2414 1593/3028/1902 381/2166/1688 1586/2163/1731
f 1817/2374/1889 2721/3026/2414 1586/2163/1731 542/2162/1730
f 553/2356/1876 1581/2355/1875 2722/3029/2415 1821/2397/1909
f 1581/2355/1875 377/2354/1874 1579/3030/1904 2722/3029/2415
f 2722/3029/2415 1579/3030/1904 385/3031/1906 1591/3032/2416
f 1821/2397/1909 2722/3029/2415 1591/3032/2416 552/2398/1910
f 552/2398/1910 1591/3032/2416 2723/3033/2417 1822/2429/1937
f 1591/3032/2416 385/3031/1906 1588/3034/1934 2723/3033/2417
f 2723/3033/2417 1588/3034/1934 393/3035/1913 1601/3036/2418
f 1822/2429/1937 2723/3033/2417 1601/3036/2418 551/2430/1938
f 551/2430/1938 1601/3036/2418 2724/3037/2419 1823/2435/1943
f 1601/3036/2418 393/3035/1913 1598/3038/1916 2724/3037/2419
f 2724/3037/2419 1598/3038/1916 389/3027/1899 1596/3025/2413
f 1823/2435/1943 2724/3037/2419 1596/3025/2413 550/2373/1888
f 638/3039/2420 1653/3040/2421 2725/3041/2422 1988/3042/2423
f 1653/3040/2421 434/3043/2000 1650/3044/2003 2725/3041/2422
f 2725/3041/2422 1650/3044/2003 422/3045/1682 1638/3046/2424
f 1988/3042/2423 2725/3041/2422 1638/3046/2424 636/3047/2425
f 636/3047/2425 1638/3046/2424 2726/3048/2426 1987/3049/2427
f 1638/3046/2424 422/3045/1682 1636/3050/1685 2726/3048/2426
f 2726/3048/2426 1636/3050/1685 326/3051/1687 1535/3052/2428
f 1987/3049/2427 2726/3048/2426 1535/3052/2428 635/3053/2429
f 635/3053/2429 1535/3052/2428 2727/3054/2430 1986/3055/2431
f 1535/3052/2428 326/3051/1687 1514/3056/2282 2727/3054/2430
f 2727/3054/2430 1514/3056/2282 518/2864/2277 1760/2863/2276
f 1986/3055/2431 2727/3054/2430 1760/2863/2276 650/2862/2275
f 637/2531/2015 1648/2530/2014 2728/3057/2432 1985/3058/2433
f 1648/2530/2014 430/2529/2009 1645/3059/2023 2728/3057/2432
f 2728/3057/2432 1645/3059/2023 434/3043/2000 1653/3040/2421
f 1985/3058/2433 2728/3057/2432 1653/3040/2421 638/3039/2420
f 360/475/433 1556/2261/1813 2729/3060/2434 829/1438/1192
f 1556/2261/1813 358/2260/1812 1555/3061/2435 2729/3060/2434
f 2729/3060/2434 1555/3061/2435 559/3062/169 1834/3063/186
f 829/1438/1192 2729/3060/2434 1834/3063/186 561/1440/185
f 358/2260/1812 1557/2267/1819 2730/3064/2436 1555/3061/2435
f 357/2266/1818 1554/3065/2437 2730/3064/2436 1557/2267/1819
f 558/3066/183 1835/3067/181 2730/3064/2436 1554/3065/2437
f 570/3068/179 1848/3069/176 2730/3064/2436 1835/3067/181
f 568/3070/175 1844/3071/189 2730/3064/2436 1848/3069/176
f 574/3072/173 1854/3073/170 2730/3064/2436 1844/3071/189
f 559/3062/169 1555/3061/2435 2730/3064/2436 1854/3073/170
f 357/2266/1818 1558/2270/1822 2731/3074/2438 1554/3065/2437
f 1558/2270/1822 359/489/447 828/1457/1198 2731/3074/2438
f 2731/3074/2438 828/1457/1198 560/1456/193 1836/3075/191
f 1554/3065/2437 2731/3074/2438 1836/3075/191 558/3066/183
f 524/2546/2029 1861/3076/2439 2741/3077/2440 1831/2547/2030
f 1861/3076/2439 579/3078/2441 1875/3079/2442 2741/3077/2440
f 2741/3077/2440 1875/3079/2442 580/3080/2443 1862/3081/2444
f 1831/2547/2030 2741/3077/2440 1862/3081/2444 555/2548/2031
f 554/2561/2043 1859/3082/2445 2742/3083/2446 1830/2876/2285
f 1859/3082/2445 577/3084/2447 1876/3085/2448 2742/3083/2446
f 2742/3083/2446 1876/3085/2448 592/2856/2269 1874/2855/2268
f 1830/2876/2285 2742/3083/2446 1874/2855/2268 557/2854/2267
f 556/2555/2037 1860/3086/2449 2743/3087/2450 1829/2560/2042
f 1860/3086/2449 578/3088/2451 1877/3089/2452 2743/3087/2450
f 2743/3087/2450 1877/3089/2452 577/3084/2447 1859/3082/2445
f 1829/2560/2042 2743/3087/2450 1859/3082/2445 554/2561/2043
f 555/2548/2031 1862/3081/2444 2744/3090/2453 1828/2554/2036
f 1862/3081/2444 580/3080/2443 1878/3091/2454 2744/3090/2453
f 2744/3090/2453 1878/3091/2454 578/3088/2451 1860/3086/2449
f 1828/2554/2036 2744/3090/2453 1860/3086/2449 556/2555/2037
f 534/3092/2219 1872/3093/2218 2745/3094/2455 1776/3095/2290
f 1872/3093/2218 590/3096/2217 1879/3097/2456 2745/3094/2455
f 2745/3094/2455 1879/3097/2456 591/3098/2457 1873/3099/2458
f 1776/3095/2290 2745/3094/2455 1873/3099/2458 535/3100/2291
f 535/3100/2291 1873/3099/2458 2746/3101/2459 1777/3102/2296
f 1873/3099/2458 591/3098/2457 1880/3103/2460 2746/3101/2459
f 2746/3101/2459 1880/3103/2460 589/3104/2461 1871/3105/2462
f 1777/3102/2296 2746/3101/2459 1871/3105/2462 533/3106/2297
f 522/2897/2304 1857/3107/2463 2747/3108/2464 1778/2898/2305
f 1857/3107/2463 575/3109/2465 1881/3110/2466 2747/3108/2464
f 2747/3108/2464 1881/3110/2466 588/3111/2467 1870/3112/2468
f 1778/2898/2305 2747/3108/2464 1870/3112/2468 532/2899/2306
f 532/2899/2306 1870/3112/2468 2748/3113/2469 1779/2904/2311
f 1870/3112/2468 588/3111/2467 1882/3114/2470 2748/3113/2469
f 2748/3113/2469 1882/3114/2470 587/3115/2471 1869/3116/2472
f 1779/2904/2311 2748/3113/2469 1869/3116/2472 531/2905/2312
f 531/2905/2312 1869/3116/2472 2749/3117/2473 1780/3118/2317
f 1869/3116/2472 587/3115/2471 1883/3119/2474 2749/3117/2473
f 2749/3117/2473 1883/3119/2474 586/3120/2475 1868/3121/2476
f 1780/3118/2317 2749/3117/2473 1868/3121/2476 530/2921/2318
f 530/2921/2318 1868/3121/2476 2750/3122/2477 1781/2922/2323
f 1868/3121/2476 586/3120/2475 1884/3123/2478 2750/3122/2477
f 2750/3122/2477 1884/3123/2478 585/3124/2479 1867/3125/2480
f 1781/2922/2323 2750/3122/2477 1867/3125/2480 529/2923/2324
f 529/2923/2324 1867/3125/2480 2751/3126/2481 1782/2928/2329
f 1867/3125/2480 585/3124/2479 1885/3127/2482 2751/3126/2481
f 2751/3126/2481 1885/3127/2482 584/3128/2483 1866/3129/2484
f 1782/2928/2329 2751/3126/2481 1866/3129/2484 528/2929/2330
f 528/2929/2330 1866/3129/2484 2752/3130/2485 1783/3131/2335
f 1866/3129/2484 584/3128/2483 1886/3132/2486 2752/3130/2485
f 2752/3130/2485 1886/3132/2486 583/3133/2487 1865/3134/2488
f 1783/3131/2335 2752/3130/2485 1865/3134/2488 527/2945/2336
f 527/2945/2336 1865/3134/2488 2753/3135/2489 1784/2946/2341
f 1865/3134/2488 583/3133/2487 1887/3136/2490 2753/3135/2489
f 2753/3135/2489 1887/3136/2490 582/3137/2491 1864/3138/2492
f 1784/2946/2341 2753/3135/2489 1864/3138/2492 526/2947/2342
f 523/2954/2349 1858/3139/2493 2754/3140/2494 1785/2955/2350
f 1858/3139/2493 576/3141/2495 1888/3142/2496 2754/3140/2494
f 2754/3140/2494 1888/3142/2496 581/3143/2497 1863/3144/2498
f 1785/2955/2350 2754/3140/2494 1863/3144/2498 525/2956/2351
f 525/2956/2351 1863/3144/2498 2755/3145/2499 1786/2961/2356
f 1863/3144/2498 581/3143/2497 1889/3146/2500 2755/3145/2499
f 2755/3145/2499 1889/3146/2500 579/3078/2441 1861/3076/2439
f 1786/2961/2356 2755/3145/2499 1861/3076/2439 524/2546/2029
f 526/2947/2342 1864/3138/2492 2756/3147/2501 1787/2964/2359
f 1864/3138/2492 582/3137/2491 1890/3148/2502 2756/3147/2501
f 2756/3147/2501 1890/3148/2502 576/3141/2495 1858/3139/2493
f 1787/2964/2359 2756/3147/2501 1858/3139/2493 523/2954/2349
f 533/2890/2297 1871/3149/2462 2757/3150/2503 1788/2967/2362
f 1871/3149/2462 589/3151/2461 1891/3152/2504 2757/3150/2503
f 2757/3150/2503 1891/3152/2504 575/3109/2465 1857/3107/2463
f 1788/2967/2362 2757/3150/2503 1857/3107/2463 522/2897/2304
f 364/1528/452 1561/3153/1826 2758/3154/2505 836/1529/1265
f 1561/3153/1826 362/3155/1825 1560/3156/2506 2758/3154/2505
f 2758/3154/2505 1560/3156/2506 594/2496/1984 1894/2494/1988
f 836/1529/1265 2758/3154/2505 1894/2494/1988 596/779/664
f 362/3157/1825 1562/3158/1830 2759/3159/2507 1560/3160/2506
f 1562/3158/1830 361/3161/1829 1559/3162/2508 2759/3159/2507
f 2759/3159/2507 1559/3162/2508 593/2492/1980 1895/2489/1985
f 1560/3160/2506 2759/3159/2507 1895/2489/1985 594/2488/1984
f 361/3163/1829 1563/3164/1832 2760/3165/2509 1559/3166/2508
f 1563/3164/1832 363/1542/462 835/1541/1271 2760/3165/2509
f 2760/3165/2509 835/1541/1271 595/772/659 1896/2483/1981
f 1559/3166/2508 2760/3165/2509 1896/2483/1981 593/2482/1980
f 619/3167/2510 1901/3168/2511 2761/3169/2512 1966/3170/2513
f 1901/3168/2511 601/3171/2514 1915/3172/2515 2761/3169/2512
f 2761/3169/2512 1915/3172/2515 602/3173/2516 1902/3174/2517
f 1966/3170/2513 2761/3169/2512 1902/3174/2517 620/3175/2518
f 617/3176/2519 1899/3177/2520 2762/3178/2521 1965/3179/2522
f 1899/3177/2520 599/3180/2523 1916/3181/2524 2762/3178/2521
f 2762/3178/2521 1916/3181/2524 614/3182/2273 1914/3183/2272
f 1965/3179/2522 2762/3178/2521 1914/3183/2272 632/3184/2271
f 618/3185/2525 1900/3186/2526 2763/3187/2527 1964/3188/2528
f 1900/3186/2526 600/3189/2529 1917/3190/2530 2763/3187/2527
f 2763/3187/2527 1917/3190/2530 599/3180/2523 1899/3177/2520
f 1964/3188/2528 2763/3187/2527 1899/3177/2520 617/3176/2519
f 620/3175/2518 1902/3174/2517 2764/3191/2531 1963/3192/2532
f 1902/3174/2517 602/3173/2516 1918/3193/2533 2764/3191/2531
f 2764/3191/2531 1918/3193/2533 600/3189/2529 1900/3186/2526
f 1963/3192/2532 2764/3191/2531 1900/3186/2526 618/3185/2525
f 630/3194/2215 1912/3195/2214 2765/3196/2534 1962/3197/2535
f 1912/3195/2214 612/3198/2213 1919/3199/2536 2765/3196/2534
f 2765/3196/2534 1919/3199/2536 613/3200/2537 1913/3201/2538
f 1962/3197/2535 2765/3196/2534 1913/3201/2538 631/3202/2539
f 631/3202/2539 1913/3201/2538 2766/3203/2540 1961/3204/2541
f 1913/3201/2538 613/3200/2537 1920/3205/2542 2766/3203/2540
f 2766/3203/2540 1920/3205/2542 611/3206/2543 1911/3207/2544
f 1961/3204/2541 2766/3203/2540 1911/3207/2544 629/3208/2545
f 615/3209/2546 1897/3210/2547 2767/3211/2548 1960/3212/2549
f 1897/3210/2547 597/3213/2550 1921/3214/2551 2767/3211/2548
f 2767/3211/2548 1921/3214/2551 610/3215/2552 1910/3216/2553
f 1960/3212/2549 2767/3211/2548 1910/3216/2553 628/3217/2554
f 628/3217/2554 1910/3216/2553 2768/3218/2555 1959/3219/2556
f 1910/3216/2553 610/3215/2552 1922/3220/2557 2768/3218/2555
f 2768/3218/2555 1922/3220/2557 609/3221/2558 1909/3222/2559
f 1959/3219/2556 2768/3218/2555 1909/3222/2559 627/3223/2560
f 627/3224/2560 1909/3225/2559 2769/3226/2561 1958/3227/2562
f 1909/3225/2559 609/3228/2558 1923/3229/2563 2769/3226/2561
f 2769/3226/2561 1923/3229/2563 608/3230/2564 1908/3231/2565
f 1958/3227/2562 2769/3226/2561 1908/3231/2565 626/3232/2566
f 626/3232/2566 1908/3231/2565 2770/3233/2567 1957/3234/2568
f 1908/3231/2565 608/3230/2564 1924/3235/2569 2770/3233/2567
f 2770/3233/2567 1924/3235/2569 607/3236/2570 1907/3237/2571
f 1957/3234/2568 2770/3233/2567 1907/3237/2571 625/3238/2572
f 625/3238/2572 1907/3237/2571 2771/3239/2573 1956/3240/2574
f 1907/3237/2571 607/3236/2570 1925/3241/2575 2771/3239/2573
f 2771/3239/2573 1925/3241/2575 606/3242/2576 1906/3243/2577
f 1956/3240/2574 2771/3239/2573 1906/3243/2577 624/3244/2578
f 624/3244/2578 1906/3243/2577 2772/3245/2579 1955/3246/2580
f 1906/3243/2577 606/3242/2576 1926/3247/2581 2772/3245/2579
f 2772/3245/2579 1926/3247/2581 605/3248/2582 1905/3249/2583
f 1955/3246/2580 2772/3245/2579 1905/3249/2583 623/3250/2584
f 623/3251/2584 1905/3252/2583 2773/3253/2585 1954/3254/2586
f 1905/3252/2583 605/3255/2582 1927/3256/2587 2773/3253/2585
f 2773/3253/2585 1927/3256/2587 604/3257/2588 1904/3258/2589
f 1954/3254/2586 2773/3253/2585 1904/3258/2589 622/3259/2590
f 616/3260/2591 1898/3261/2592 2774/3262/2593 1953/3263/2594
f 1898/3261/2592 598/3264/2595 1928/3265/2596 2774/3262/2593
f 2774/3262/2593 1928/3265/2596 603/3266/2597 1903/3267/2598
f 1953/3263/2594 2774/3262/2593 1903/3267/2598 621/3268/2599
f 621/3268/2599 1903/3267/2598 2775/3269/2600 1952/3270/2601
f 1903/3267/2598 603/3266/2597 1929/3271/2602 2775/3269/2600
f 2775/3269/2600 1929/3271/2602 601/3171/2514 1901/3168/2511
f 1952/3270/2601 2775/3269/2600 1901/3168/2511 619/3167/2510
f 622/3272/2590 1904/3273/2589 2776/3274/2603 1951/3275/2604
f 1904/3273/2589 604/3276/2588 1930/3277/2605 2776/3274/2603
f 2776/3274/2603 1930/3277/2605 598/3278/2595 1898/3279/2592
f 1951/3275/2604 2776/3274/2603 1898/3279/2592 616/3280/2591
f 629/3208/2545 1911/3207/2544 2777/3281/2606 1950/3282/2607
f 1911/3207/2544 611/3206/2543 1931/3283/2608 2777/3281/2606
f 2777/3281/2606 1931/3283/2608 597/3213/2550 1897/3210/2547
f 1950/3282/2607 2777/3281/2606 1897/3210/2547 615/3209/2546
f 589/3151/2461 1946/3284/2609 2778/3285/2610 1891/3152/2504
f 1946/3284/2609 629/3286/2545 1950/3287/2607 2778/3285/2610
f 2778/3285/2610 1950/3287/2607 615/3288/2546 1932/3289/2611
f 1891/3152/2504 2778/3285/2610 1932/3289/2611 575/3109/2465
f 582/3137/2491 1939/3290/2612 2779/3291/2613 1890/3148/2502
f 1939/3290/2612 622/3292/2590 1951/3293/2604 2779/3291/2613
f 2779/3291/2613 1951/3293/2604 616/3294/2591 1933/3295/2614
f 1890/3148/2502 2779/3291/2613 1933/3295/2614 576/3141/2495
f 581/3143/2497 1938/3296/2615 2780/3297/2616 1889/3146/2500
f 1938/3296/2615 621/3298/2599 1952/3299/2601 2780/3297/2616
f 2780/3297/2616 1952/3299/2601 619/3300/2510 1936/3301/2617
f 1889/3146/2500 2780/3297/2616 1936/3301/2617 579/3078/2441
f 576/3141/2495 1933/3295/2614 2781/3302/2618 1888/3142/2496
f 1933/3295/2614 616/3294/2591 1953/3303/2594 2781/3302/2618
f 2781/3302/2618 1953/3303/2594 621/3298/2599 1938/3296/2615
f 1888/3142/2496 2781/3302/2618 1938/3296/2615 581/3143/2497
f 583/3133/2487 1940/3304/2619 2782/3305/2620 1887/3136/2490
f 1940/3304/2619 623/3306/2584 1954/3307/2586 2782/3305/2620
f 2782/3305/2620 1954/3307/2586 622/3292/2590 1939/3290/2612
f 1887/3136/2490 2782/3305/2620 1939/3290/2612 582/3137/2491
f 584/3128/2483 1941/3308/2621 2783/3309/2622 1886/3132/2486
f 1941/3308/2621 624/3310/2578 1955/3311/2580 2783/3309/2622
f 2783/3309/2622 1955/3311/2580 623/3306/2584 1940/3304/2619
f 1886/3132/2486 2783/3309/2622 1940/3304/2619 583/3133/2487
f 585/3124/2479 1942/3312/2623 2784/3313/2624 1885/3127/2482
f 1942/3312/2623 625/3314/2572 1956/3315/2574 2784/3313/2624
f 2784/3313/2624 1956/3315/2574 624/3310/2578 1941/3308/2621
f 1885/3127/2482 2784/3313/2624 1941/3308/2621 584/3128/2483
f 586/3120/2475 1943/3316/2625 2785/3317/2626 1884/3123/2478
f 1943/3316/2625 626/3318/2566 1957/3319/2568 2785/3317/2626
f 2785/3317/2626 1957/3319/2568 625/3314/2572 1942/3312/2623
f 1884/3123/2478 2785/3317/2626 1942/3312/2623 585/3124/2479
f 587/3115/2471 1944/3320/2627 2786/3321/2628 1883/3119/2474
f 1944/3320/2627 627/3322/2560 1958/3323/2562 2786/3321/2628
f 2786/3321/2628 1958/3323/2562 626/3318/2566 1943/3316/2625
f 1883/3119/2474 2786/3321/2628 1943/3316/2625 586/3120/2475
f 588/3111/2467 1945/3324/2629 2787/3325/2630 1882/3114/2470
f 1945/3324/2629 628/3326/2554 1959/3327/2556 2787/3325/2630
f 2787/3325/2630 1959/3327/2556 627/3322/2560 1944/3320/2627
f 1882/3114/2470 2787/3325/2630 1944/3320/2627 587/3115/2471
f 575/3109/2465 1932/3289/2611 2788/3328/2631 1881/3110/2466
f 1932/3289/2611 615/3288/2546 1960/3329/2549 2788/3328/2631
f 2788/3328/2631 1960/3329/2549 628/3326/2554 1945/3324/2629
f 1881/3110/2466 2788/3328/2631 1945/3324/2629 588/3111/2467
f 591/3330/2457 1948/3331/2632 2789/3332/2633 1880/3333/2460
f 1948/3331/2632 631/3334/2539 1961/3335/2541 2789/3332/2633
f 2789/3332/2633 1961/3335/2541 629/3286/2545 1946/3284/2609
f 1880/3333/2460 2789/3332/2633 1946/3284/2609 589/3151/2461
f 590/2782/2217 1947/2781/2216 2790/3336/2634 1879/3337/2456
f 1947/2781/2216 630/2780/2215 1962/3338/2535 2790/3336/2634
f 2790/3336/2634 1962/3338/2535 631/3334/2539 1948/3331/2632
f 1879/3337/2456 2790/3336/2634 1948/3331/2632 591/3330/2457
f 580/3080/2443 1937/3339/2635 2791/3340/2636 1878/3091/2454
f 1937/3339/2635 620/3341/2518 1963/3342/2532 2791/3340/2636
f 2791/3340/2636 1963/3342/2532 618/3343/2525 1935/3344/2637
f 1878/3091/2454 2791/3340/2636 1935/3344/2637 578/3088/2451
f 578/3088/2451 1935/3344/2637 2792/3345/2638 1877/3089/2452
f 1935/3344/2637 618/3343/2525 1964/3346/2528 2792/3345/2638
f 2792/3345/2638 1964/3346/2528 617/3347/2519 1934/3348/2639
f 1877/3089/2452 2792/3345/2638 1934/3348/2639 577/3084/2447
f 577/3084/2447 1934/3348/2639 2793/3349/2640 1876/3085/2448
f 1934/3348/2639 617/3347/2519 1965/3350/2522 2793/3349/2640
f 2793/3349/2640 1965/3350/2522 632/2858/2271 1949/2857/2270
f 1876/3085/2448 2793/3349/2640 1949/2857/2270 592/2856/2269
f 579/3078/2441 1936/3301/2617 2794/3351/2641 1875/3079/2442
f 1936/3301/2617 619/3300/2510 1966/3352/2513 2794/3351/2641
f 2794/3351/2641 1966/3352/2513 620/3341/2518 1937/3339/2635
f 1875/3079/2442 2794/3351/2641 1937/3339/2635 580/3080/2443
f 601/3353/2514 1971/3354/2642 2795/3355/2643 1915/3356/2515
f 1971/3354/2642 637/2531/2015 1985/3058/2433 2795/3355/2643
f 2795/3355/2643 1985/3058/2433 638/3039/2420 1972/3357/2644
f 1915/3356/2515 2795/3355/2643 1972/3357/2644 602/3358/2516
f 599/3359/2523 1969/3360/2645 2796/3361/2646 1916/3362/2524
f 1969/3360/2645 635/3053/2429 1986/3055/2431 2796/3361/2646
f 2796/3361/2646 1986/3055/2431 650/2862/2275 1984/2861/2274
f 1916/3362/2524 2796/3361/2646 1984/2861/2274 614/2860/2273
f 600/3363/2529 1970/3364/2647 2797/3365/2648 1917/3366/2530
f 1970/3364/2647 636/3047/2425 1987/3049/2427 2797/3365/2648
f 2797/3365/2648 1987/3049/2427 635/3053/2429 1969/3360/2645
f 1917/3366/2530 2797/3365/2648 1969/3360/2645 599/3359/2523
f 602/3358/2516 1972/3357/2644 2798/3367/2649 1918/3368/2533
f 1972/3357/2644 638/3039/2420 1988/3042/2423 2798/3367/2649
f 2798/3367/2649 1988/3042/2423 636/3047/2425 1970/3364/2647
f 1918/3368/2533 2798/3367/2649 1970/3364/2647 600/3363/2529
f 612/2778/2213 1982/2777/2212 2799/3369/2650 1919/3370/2536
f 1982/2777/2212 648/2776/2211 1989/3371/2230 2799/3369/2650
f 2799/3369/2650 1989/3371/2230 649/2746/2186 1983/3372/2651
f 1919/3370/2536 2799/3369/2650 1983/3372/2651 613/3373/2537
f 613/3373/2537 1983/3372/2651 2800/3374/2652 1920/3375/2542
f 1983/3372/2651 649/2746/2186 1990/2749/2189 2800/3374/2652
f 2800/3374/2652 1990/2749/2189 647/2144/1718 1981/3376/2653
f 1920/3375/2542 2800/3374/2652 1981/3376/2653 611/3377/2543
f 597/3378/2550 1967/3379/2654 2801/3380/2655 1921/3381/2551
f 1967/3379/2654 633/2152/1723 1991/2670/2127 2801/3380/2655
f 2801/3380/2655 1991/2670/2127 646/2655/2116 1980/3382/2656
f 1921/3381/2551 2801/3380/2655 1980/3382/2656 610/3383/2552
f 610/3383/2552 1980/3382/2656 2802/3384/2657 1922/3385/2557
f 1980/3382/2656 646/2655/2116 1992/2658/2119 2802/3384/2657
f 2802/3384/2657 1992/2658/2119 645/2639/2104 1979/3386/2658
f 1922/3385/2557 2802/3384/2657 1979/3386/2658 609/3387/2558
f 609/3388/2558 1979/3389/2658 2803/3390/2659 1923/3391/2563
f 1979/3389/2658 645/3392/2104 1993/3393/2107 2803/3390/2659
f 2803/3390/2659 1993/3393/2107 644/3394/2092 1978/3395/2660
f 1923/3391/2563 2803/3390/2659 1978/3395/2660 608/3396/2564
f 608/3397/2564 1978/3398/2660 2804/3399/2661 1924/3400/2569
f 1978/3398/2660 644/2623/2092 1994/2626/2095 2804/3399/2661
f 2804/3399/2661 1994/2626/2095 643/2609/2080 1977/3401/2662
f 1924/3400/2569 2804/3399/2661 1977/3401/2662 607/3402/2570
f 607/3402/2570 1977/3401/2662 2805/3403/2663 1925/3404/2575
f 1977/3401/2662 643/2609/2080 1995/2612/2083 2805/3403/2663
f 2805/3403/2663 1995/2612/2083 642/2591/2068 1976/3405/2664
f 1925/3404/2575 2805/3403/2663 1976/3405/2664 606/3406/2576
f 606/3406/2576 1976/3405/2664 2806/3407/2665 1926/3408/2581
f 1976/3405/2664 642/2591/2068 1996/2594/2071 2806/3407/2665
f 2806/3407/2665 1996/2594/2071 641/2577/2056 1975/3409/2666
f 1926/3408/2581 2806/3407/2665 1975/3409/2666 605/3410/2582
f 605/3410/2582 1975/3409/2666 2807/3411/2667 1927/3412/2587
f 1975/3409/2666 641/2577/2056 1997/2580/2059 2807/3411/2667
f 2807/3411/2667 1997/2580/2059 640/2153/1724 1974/3413/2668
f 1927/3412/2587 2807/3411/2667 1974/3413/2668 604/3414/2588
f 598/3415/2595 1968/3416/2669 2808/3417/2670 1928/3418/2596
f 1968/3416/2669 634/2161/1729 1998/2567/2049 2808/3417/2670
f 2808/3417/2670 1998/2567/2049 639/2523/2010 1973/3419/2671
f 1928/3418/2596 2808/3417/2670 1973/3419/2671 603/3420/2597
f 603/3420/2597 1973/3419/2671 2809/3421/2672 1929/3422/2602
f 1973/3419/2671 639/2523/2010 1999/2526/2013 2809/3421/2672
f 2809/3421/2672 1999/2526/2013 637/2531/2015 1971/3354/2642
f 1929/3422/2602 2809/3421/2672 1971/3354/2642 601/3353/2514
f 604/3414/2588 1974/3413/2668 2810/3423/2673 1930/3424/2605
f 1974/3413/2668 640/2153/1724 2000/2156/1727 2810/3423/2673
f 2810/3423/2673 2000/2156/1727 634/2161/1729 1968/3416/2669
f 1930/3424/2605 2810/3423/2673 1968/3416/2669 598/3415/2595
f 611/3377/2543 1981/3376/2653 2811/3425/2674 1931/3426/2608
f 1981/3376/2653 647/2144/1718 2001/2147/1721 2811/3425/2674
f 2811/3425/2674 2001/2147/1721 633/2152/1723 1967/3379/2654
f 1931/3426/2608 2811/3425/2674 1967/3379/2654 597/3378/2550
f 492/3427/1762 2013/3428/2675 2812/3429/2676 1724/3430/1763
f 2013/3428/2675 662/2892/2299 2016/2966/2361 2812/3429/2676
f 2812/3429/2676 2016/2966/2361 651/2893/2300 2002/3431/2677
f 1724/3430/1763 2812/3429/2676 2002/3431/2677 336/3432/1764
f 445/3433/1768 2006/3434/2678 2813/3435/2679 1665/3436/1769
f 2006/3434/2678 655/2949/2344 2017/2963/2358 2813/3435/2679
f 2813/3435/2679 2017/2963/2358 652/2950/2345 2003/3437/2680
f 1665/3436/1769 2813/3435/2679 2003/3437/2680 335/3438/1770
f 441/3439/2018 2005/3440/2681 2814/3441/2682 1660/3442/2019
f 2005/3440/2681 654/2958/2353 2018/2960/2355 2814/3441/2682
f 2814/3441/2682 2018/2960/2355 653/2544/2027 2004/2541/2024
f 1660/3442/2019 2814/3441/2682 2004/2541/2024 431/2540/2020
f 335/3438/1770 2003/3437/2680 2815/3443/2683 1523/3444/2047
f 2003/3437/2680 652/2950/2345 2019/2953/2348 2815/3443/2683
f 2815/3443/2683 2019/2953/2348 654/2958/2353 2005/3440/2681
f 1523/3444/2047 2815/3443/2683 2005/3440/2681 441/3439/2018
f 449/3445/2054 2007/3446/2684 2816/3447/2685 1670/3448/2055
f 2007/3446/2684 656/2941/2338 2020/2944/2340 2816/3447/2685
f 2816/3447/2685 2020/2944/2340 655/2949/2344 2006/3434/2678
f 1670/3448/2055 2816/3447/2685 2006/3434/2678 445/3433/1768
f 453/3449/2074 2008/3450/2686 2817/3451/2687 1675/3452/2075
f 2008/3450/2686 657/2931/2332 2021/3453/2334 2817/3451/2687
f 2817/3451/2687 2021/3453/2334 656/2941/2338 2007/3446/2684
f 1675/3452/2075 2817/3451/2687 2007/3446/2684 449/3445/2054
f 457/3454/2078 2009/3455/2688 2818/3456/2689 1680/3457/2079
f 2009/3455/2688 658/2925/2326 2022/2927/2328 2818/3456/2689
f 2818/3456/2689 2022/2927/2328 657/2931/2332 2008/3450/2686
f 1680/3457/2079 2818/3456/2689 2008/3450/2686 453/3449/2074
f 461/3458/2098 2010/3459/2690 2819/3460/2691 1685/3461/2099
f 2010/3459/2690 659/2917/2320 2023/2920/2322 2819/3460/2691
f 2819/3460/2691 2023/2920/2322 658/2925/2326 2009/3455/2688
f 1685/3461/2099 2819/3460/2691 2009/3455/2688 457/3454/2078
f 465/3462/2102 2011/3463/2692 2820/3464/2693 1690/3465/2103
f 2011/3463/2692 660/3466/2314 2024/3467/2316 2820/3464/2693
f 2820/3464/2693 2024/3467/2316 659/3468/2320 2010/3469/2690
f 1690/3465/2103 2820/3464/2693 2010/3469/2690 461/3470/2098
f 469/3471/2122 2012/3472/2694 2821/3473/2695 1695/3474/2123
f 2012/3472/2694 661/2901/2308 2025/2903/2310 2821/3473/2695
f 2821/3473/2695 2025/2903/2310 660/2907/2314 2011/3475/2692
f 1695/3474/2123 2821/3473/2695 2011/3475/2692 465/3476/2102
f 336/3432/1764 2002/3431/2677 2822/3477/2696 1524/3478/2125
f 2002/3431/2677 651/2893/2300 2026/2896/2303 2822/3477/2696
f 2822/3477/2696 2026/2896/2303 661/2901/2308 2012/3472/2694
f 1524/3478/2125 2822/3477/2696 2012/3472/2694 469/3471/2122
f 500/3479/2184 2015/3480/2697 2823/3481/2698 1734/3482/2185
f 2015/3480/2697 664/2886/2293 2027/2888/2295 2823/3481/2698
f 2823/3481/2698 2027/2888/2295 662/2892/2299 2013/3428/2675
f 1734/3482/2185 2823/3481/2698 2013/3428/2675 492/3427/1762
f 496/2788/2223 2014/2787/2222 2824/3483/2699 1729/3484/2232
f 2014/2787/2222 663/2786/2221 2028/2882/2289 2824/3483/2699
f 2824/3483/2699 2028/2882/2289 664/2886/2293 2015/3480/2697
f 1729/3484/2232 2824/3483/2699 2015/3480/2697 500/3479/2184
f 316/3485/2235 1501/3486/2700 2825/3487/2701 1503/3488/2236
f 1501/3486/2700 665/2809/2237 2031/2812/2240 2825/3487/2701
f 2825/3487/2701 2031/2812/2240 666/2766/2204 2030/2763/2201
f 1503/3488/2236 2825/3487/2701 2030/2763/2201 504/2762/2200
f 507/3489/2702 1743/3490/2703 2826/3491/2704 1746/3492/2705
f 1743/3490/2703 668/2819/2247 2034/2822/2250 2826/3491/2704
f 2826/3491/2704 2034/2822/2250 667/2770/2208 2032/2769/2207
f 1746/3492/2705 2826/3491/2704 2032/2769/2207 509/2768/2206
f 703/2378/1893 2041/2377/1892 2827/3493/2706 2115/3494/2707
f 2041/2377/1892 675/2376/1891 2049/3024/2412 2827/3493/2706
f 2827/3493/2706 2049/3024/2412 669/3009/2397 2035/3495/2708
f 2115/3494/2707 2827/3493/2706 2035/3495/2708 697/3496/2709
f 702/3497/2710 2040/3498/2711 2828/3499/2712 2114/3500/2713
f 2040/3498/2711 674/3014/2402 2050/3022/2410 2828/3499/2712
f 2828/3499/2712 2050/3022/2410 670/2989/2377 2036/3501/2714
f 2114/3500/2713 2828/3499/2712 2036/3501/2714 698/3502/2715
f 707/3503/2716 2045/3504/2717 2829/3505/2718 2113/3506/2719
f 2045/3504/2717 679/2994/2382 2051/3020/2408 2829/3505/2718
f 2829/3505/2718 2051/3020/2408 671/2995/2383 2037/3507/2720
f 2113/3506/2719 2829/3505/2718 2037/3507/2720 699/3508/2721
f 705/3509/2722 2043/3510/2723 2830/3511/2724 2112/3512/2725
f 2043/3510/2723 677/3006/2394 2052/3018/2406 2830/3511/2724
f 2830/3511/2724 2052/3018/2406 672/2983/2371 2038/3513/2726
f 2112/3512/2725 2830/3511/2724 2038/3513/2726 700/3514/2727
f 708/3515/2728 2046/3516/2729 2831/3517/2730 2111/3518/2731
f 2046/3516/2729 680/2988/2376 2053/3016/2404 2831/3517/2730
f 2831/3517/2730 2053/3016/2404 673/2968/2363 2039/3519/2732
f 2111/3518/2731 2831/3517/2730 2039/3519/2732 701/3520/2733
f 697/3496/2709 2035/3495/2708 2832/3521/2734 2110/3522/2735
f 2035/3495/2708 669/3009/2397 2054/3012/2400 2832/3521/2734
f 2832/3521/2734 2054/3012/2400 674/3014/2402 2040/3498/2711
f 2110/3522/2735 2832/3521/2734 2040/3498/2711 702/3497/2710
f 706/3523/2736 2044/3524/2737 2833/3525/2738 2109/3526/2739
f 2044/3524/2737 678/3000/2388 2055/3008/2396 2833/3525/2738
f 2833/3525/2738 2055/3008/2396 676/3001/2389 2042/3527/2740
f 2109/3526/2739 2833/3525/2738 2042/3527/2740 704/3528/2741
f 704/3528/2741 2042/3527/2740 2834/3529/2742 2108/3530/2743
f 2042/3527/2740 676/3001/2389 2056/3004/2392 2834/3529/2742
f 2834/3529/2742 2056/3004/2392 677/3006/2394 2043/3510/2723
f 2108/3530/2743 2834/3529/2742 2043/3510/2723 705/3509/2722
f 699/3508/2721 2037/3507/2720 2835/3531/2744 2107/3532/2745
f 2037/3507/2720 671/2995/2383 2057/2998/2386 2835/3531/2744
f 2835/3531/2744 2057/2998/2386 678/3000/2388 2044/3524/2737
f 2107/3532/2745 2835/3531/2744 2044/3524/2737 706/3523/2736
f 698/3502/2715 2036/3501/2714 2836/3533/2746 2106/3534/2747
f 2036/3501/2714 670/2989/2377 2058/2992/2380 2836/3533/2746
f 2836/3533/2746 2058/2992/2380 679/2994/2382 2045/3504/2717
f 2106/3534/2747 2836/3533/2746 2045/3504/2717 707/3503/2716
f 700/3514/2727 2038/3513/2726 2837/3535/2748 2105/3536/2749
f 2038/3513/2726 672/2983/2371 2059/2986/2374 2837/3535/2748
f 2837/3535/2748 2059/2986/2374 680/2988/2376 2046/3516/2729
f 2105/3536/2749 2837/3535/2748 2046/3516/2729 708/3515/2728
f 710/3537/2750 2048/3538/2751 2838/3539/2752 2104/3540/2753
f 2048/3538/2751 682/2973/2368 2060/3541/2370 2838/3539/2752
f 2838/3539/2752 2060/3541/2370 681/2725/2171 2047/2724/2170
f 2104/3540/2753 2838/3539/2752 2047/2724/2170 709/2723/2169
f 701/3520/2733 2039/3519/2732 2839/3542/2754 2103/3543/2755
f 2039/3519/2732 673/2968/2363 2061/2971/2366 2839/3542/2754
f 2839/3542/2754 2061/2971/2366 682/2973/2368 2048/3538/2751
f 2103/3543/2755 2839/3542/2754 2048/3538/2751 710/3537/2750
f 715/3544/2756 2066/3545/2757 2840/3546/2758 2142/3547/2759
f 2066/3545/2757 687/3548/2760 2076/3549/2761 2840/3546/2758
f 2840/3546/2758 2076/3549/2761 696/3550/2762 2075/3551/2763
f 2142/3547/2759 2840/3546/2758 2075/3551/2763 724/3552/2764
f 724/3552/2764 2075/3551/2763 2841/3553/2765 2141/3554/2766
f 2075/3551/2763 696/3550/2762 2077/3555/2767 2841/3553/2765
f 2841/3553/2765 2077/3555/2767 695/2721/2167 2074/2720/2166
f 2141/3554/2766 2841/3553/2765 2074/2720/2166 723/2719/2165
f 714/3556/2768 2065/3557/2769 2842/3558/2770 2140/3559/2771
f 2065/3557/2769 686/3560/2772 2078/3561/2773 2842/3558/2770
f 2842/3558/2770 2078/3561/2773 694/3562/2774 2073/3563/2775
f 2140/3559/2771 2842/3558/2770 2073/3563/2775 722/3564/2776
f 712/3565/2777 2063/3566/2778 2843/3567/2779 2139/3568/2780
f 2063/3566/2778 684/3569/2781 2079/3570/2782 2843/3567/2779
f 2843/3567/2779 2079/3570/2782 693/3571/2783 2072/3572/2784
f 2139/3568/2780 2843/3567/2779 2072/3572/2784 721/3573/2785
f 713/3574/2786 2064/3575/2787 2844/3576/2788 2138/3577/2789
f 2064/3575/2787 685/3578/2790 2080/3579/2791 2844/3576/2788
f 2844/3576/2788 2080/3579/2791 692/3580/2792 2071/3581/2793
f 2138/3577/2789 2844/3576/2788 2071/3581/2793 720/3582/2794
f 718/3583/2795 2069/3584/2796 2845/3585/2797 2137/3586/2798
f 2069/3584/2796 690/3587/2799 2081/3588/2800 2845/3585/2797
f 2845/3585/2797 2081/3588/2800 691/3589/2801 2070/3590/2802
f 2137/3586/2798 2845/3585/2797 2070/3590/2802 719/3591/2803
f 720/3582/2794 2071/3581/2793 2846/3592/2804 2136/3593/2805
f 2071/3581/2793 692/3580/2792 2082/3594/2806 2846/3592/2804
f 2846/3592/2804 2082/3594/2806 690/3587/2799 2069/3584/2796
f 2136/3593/2805 2846/3592/2804 2069/3584/2796 718/3583/2795
f 711/3595/2807 2062/3596/2808 2847/3597/2809 2135/3598/2810
f 2062/3596/2808 683/3599/2811 2083/3600/2812 2847/3597/2809
f 2847/3597/2809 2083/3600/2812 688/3601/2813 2067/3602/2814
f 2135/3598/2810 2847/3597/2809 2067/3602/2814 716/3603/2815
f 722/3564/2776 2073/3563/2775 2848/3604/2816 2134/3605/2817
f 2073/3563/2775 694/3562/2774 2084/3606/2818 2848/3604/2816
f 2848/3604/2816 2084/3606/2818 687/3548/2760 2066/3545/2757
f 2134/3605/2817 2848/3604/2816 2066/3545/2757 715/3544/2756
f 719/3591/2803 2070/3590/2802 2849/3607/2819 2133/3608/2820
f 2070/3590/2802 691/3589/2801 2085/3609/2821 2849/3607/2819
f 2849/3607/2819 2085/3609/2821 686/3560/2772 2065/3557/2769
f 2133/3608/2820 2849/3607/2819 2065/3557/2769 714/3556/2768
f 721/3573/2785 2072/3572/2784 2850/3610/2822 2132/3611/2823
f 2072/3572/2784 693/3571/2783 2086/3612/2824 2850/3610/2822
f 2850/3610/2822 2086/3612/2824 685/3578/2790 2064/3575/2787
f 2132/3611/2823 2850/3610/2822 2064/3575/2787 713/3574/2786
f 716/3603/2815 2067/3602/2814 2851/3613/2825 2131/3614/2826
f 2067/3602/2814 688/3601/2813 2087/3615/2827 2851/3613/2825
f 2851/3613/2825 2087/3615/2827 684/3569/2781 2063/3566/2778
f 2131/3614/2826 2851/3613/2825 2063/3566/2778 712/3565/2777
f 717/2382/1897 2068/2381/1896 2852/3616/2828 2130/3617/2829
f 2068/2381/1896 689/2380/1895 2088/3618/2830 2852/3616/2828
f 2852/3616/2828 2088/3618/2830 683/3599/2811 2062/3596/2808
f 2130/3617/2829 2852/3616/2828 2062/3596/2808 711/3595/2807
f 687/3548/2760 2093/3619/2831 2853/3620/2832 2076/3549/2761
f 2093/3619/2831 701/3520/2733 2103/3543/2755 2853/3620/2832
f 2853/3620/2832 2103/3543/2755 710/3537/2750 2102/3621/2833
f 2076/3549/2761 2853/3620/2832 2102/3621/2833 696/3550/2762
f 696/3550/2762 2102/3621/2833 2854/3622/2834 2077/3555/2767
f 2102/3621/2833 710/3537/2750 2104/3540/2753 2854/3622/2834
f 2854/3622/2834 2104/3540/2753 709/2723/2169 2101/2722/2168
f 2077/3555/2767 2854/3622/2834 2101/2722/2168 695/2721/2167
f 686/3560/2772 2092/3623/2835 2855/3624/2836 2078/3561/2773
f 2092/3623/2835 700/3514/2727 2105/3536/2749 2855/3624/2836
f 2855/3624/2836 2105/3536/2749 708/3515/2728 2100/3625/2837
f 2078/3561/2773 2855/3624/2836 2100/3625/2837 694/3562/2774
f 684/3569/2781 2090/3626/2838 2856/3627/2839 2079/3570/2782
f 2090/3626/2838 698/3502/2715 2106/3534/2747 2856/3627/2839
f 2856/3627/2839 2106/3534/2747 707/3503/2716 2099/3628/2840
f 2079/3570/2782 2856/3627/2839 2099/3628/2840 693/3571/2783
f 685/3578/2790 2091/3629/2841 2857/3630/2842 2080/3579/2791
f 2091/3629/2841 699/3508/2721 2107/3532/2745 2857/3630/2842
f 2857/3630/2842 2107/3532/2745 706/3523/2736 2098/3631/2843
f 2080/3579/2791 2857/3630/2842 2098/3631/2843 692/3580/2792
f 690/3587/2799 2096/3632/2844 2858/3633/2845 2081/3588/2800
f 2096/3632/2844 704/3528/2741 2108/3530/2743 2858/3633/2845
f 2858/3633/2845 2108/3530/2743 705/3509/2722 2097/3634/2846
f 2081/3588/2800 2858/3633/2845 2097/3634/2846 691/3589/2801
f 692/3580/2792 2098/3631/2843 2859/3635/2847 2082/3594/2806
f 2098/3631/2843 706/3523/2736 2109/3526/2739 2859/3635/2847
f 2859/3635/2847 2109/3526/2739 704/3528/2741 2096/3632/2844
f 2082/3594/2806 2859/3635/2847 2096/3632/2844 690/3587/2799
f 683/3599/2811 2089/3636/2848 2860/3637/2849 2083/3600/2812
f 2089/3636/2848 697/3496/2709 2110/3522/2735 2860/3637/2849
f 2860/3637/2849 2110/3522/2735 702/3497/2710 2094/3638/2850
f 2083/3600/2812 2860/3637/2849 2094/3638/2850 688/3601/2813
f 694/3562/2774 2100/3625/2837 2861/3639/2851 2084/3606/2818
f 2100/3625/2837 708/3515/2728 2111/3518/2731 2861/3639/2851
f 2861/3639/2851 2111/3518/2731 701/3520/2733 2093/3619/2831
f 2084/3606/2818 2861/3639/2851 2093/3619/2831 687/3548/2760
f 691/3589/2801 2097/3634/2846 2862/3640/2852 2085/3609/2821
f 2097/3634/2846 705/3509/2722 2112/3512/2725 2862/3640/2852
f 2862/3640/2852 2112/3512/2725 700/3514/2727 2092/3623/2835
f 2085/3609/2821 2862/3640/2852 2092/3623/2835 686/3560/2772
f 693/3571/2783 2099/3628/2840 2863/3641/2853 2086/3612/2824
f 2099/3628/2840 707/3503/2716 2113/3506/2719 2863/3641/2853
f 2863/3641/2853 2113/3506/2719 699/3508/2721 2091/3629/2841
f 2086/3612/2824 2863/3641/2853 2091/3629/2841 685/3578/2790
f 688/3601/2813 2094/3638/2850 2864/3642/2854 2087/3615/2827
f 2094/3638/2850 702/3497/2710 2114/3500/2713 2864/3642/2854
f 2864/3642/2854 2114/3500/2713 698/3502/2715 2090/3626/2838
f 2087/3615/2827 2864/3642/2854 2090/3626/2838 684/3569/2781
f 689/2380/1895 2095/2379/1894 2865/3643/2855 2088/3618/2830
f 2095/2379/1894 703/2378/1893 2115/3494/2707 2865/3643/2855
f 2865/3643/2855 2115/3494/2707 697/3496/2709 2089/3636/2848
f 2088/3618/2830 2865/3643/2855 2089/3636/2848 683/3599/2811
f 382/2384/1774 2122/2383/1898 2866/3644/2856 1584/3645/1775
f 2122/2383/1898 717/2382/1897 2130/3617/2829 2866/3644/2856
f 2866/3644/2856 2130/3617/2829 711/3595/2807 2116/3646/2857
f 1584/3645/1775 2866/3644/2856 2116/3646/2857 333/3647/1776
f 354/3648/1780 2121/3649/2858 2867/3650/2859 1550/3651/1781
f 2121/3649/2858 716/3603/2815 2131/3614/2826 2867/3650/2859
f 2867/3650/2859 2131/3614/2826 712/3565/2777 2117/3652/2860
f 1550/3651/1781 2867/3650/2859 2117/3652/2860 332/3653/1782
f 415/3654/1786 2126/3655/2861 2868/3656/2862 1627/3657/1787
f 2126/3655/2861 721/3573/2785 2132/3611/2823 2868/3656/2862
f 2868/3656/2862 2132/3611/2823 713/3574/2786 2118/3658/2863
f 1627/3657/1787 2868/3656/2862 2118/3658/2863 331/3659/1788
f 407/3660/1792 2124/3661/2864 2869/3662/2865 1617/3663/1793
f 2124/3661/2864 719/3591/2803 2133/3608/2820 2869/3662/2865
f 2869/3662/2865 2133/3608/2820 714/3556/2768 2119/3664/2866
f 1617/3663/1793 2869/3662/2865 2119/3664/2866 330/3665/1794
f 473/3666/1798 2127/3667/2867 2870/3668/2868 1700/3669/1799
f 2127/3667/2867 722/3564/2776 2134/3605/2817 2870/3668/2868
f 2870/3668/2868 2134/3605/2817 715/3544/2756 2120/3670/2869
f 1700/3669/1799 2870/3668/2868 2120/3670/2869 329/3671/1800
f 333/3647/1776 2116/3646/2857 2871/3672/2870 1521/3673/1803
f 2116/3646/2857 711/3595/2807 2135/3598/2810 2871/3672/2870
f 2871/3672/2870 2135/3598/2810 716/3603/2815 2121/3649/2858
f 1521/3673/1803 2871/3672/2870 2121/3649/2858 354/3648/1780
f 411/3674/1946 2125/3675/2871 2872/3676/2872 1622/3677/1947
f 2125/3675/2871 720/3582/2794 2136/3593/2805 2872/3676/2872
f 2872/3676/2872 2136/3593/2805 718/3583/2795 2123/3678/2873
f 1622/3677/1947 2872/3676/2872 2123/3678/2873 403/3679/1948
f 403/2440/1948 2123/3680/2873 2873/3681/2874 1612/2458/1963
f 2123/3680/2873 718/3682/2795 2137/3683/2798 2873/3681/2874
f 2873/3681/2874 2137/3683/2798 719/3684/2803 2124/3685/2864
f 1612/2458/1963 2873/3681/2874 2124/3685/2864 407/2239/1792
f 331/3659/1788 2118/3658/2863 2874/3686/2875 1519/3687/1973
f 2118/3658/2863 713/3574/2786 2138/3577/2789 2874/3686/2875
f 2874/3686/2875 2138/3577/2789 720/3582/2794 2125/3675/2871
f 1519/3687/1973 2874/3686/2875 2125/3675/2871 411/3674/1946
f 332/3653/1782 2117/3652/2860 2875/3688/2876 1520/3689/1975
f 2117/3652/2860 712/3565/2777 2139/3568/2780 2875/3688/2876
f 2875/3688/2876 2139/3568/2780 721/3573/2785 2126/3655/2861
f 1520/3689/1975 2875/3688/2876 2126/3655/2861 415/3654/1786
f 330/3665/1794 2119/3664/2866 2876/3690/2877 1518/3691/2131
f 2119/3664/2866 714/3556/2768 2140/3559/2771 2876/3690/2877
f 2876/3690/2877 2140/3559/2771 722/3564/2776 2127/3667/2867
f 1518/3691/2131 2876/3690/2877 2127/3667/2867 473/3666/1798
f 481/3692/2150 2129/3693/2878 2877/3694/2879 1710/3695/2151
f 2129/3693/2878 724/3552/2764 2141/3554/2766 2877/3694/2879
f 2877/3694/2879 2141/3554/2766 723/2719/2165 2128/2716/2162
f 1710/3695/2151 2877/3694/2879 2128/2716/2162 477/2715/2152
f 329/3671/1800 2120/3670/2869 2878/3696/2880 1517/3697/2155
f 2120/3670/2869 715/3544/2756 2142/3547/2759 2878/3696/2880
f 2878/3696/2880 2142/3547/2759 724/3552/2764 2129/3693/2878
f 1517/3697/2155 2878/3696/2880 2129/3693/2878 481/3692/2150
f 490/2085/1659 2144/2731/2175 2879/3698/2881 1721/3699/2882
f 2144/2731/2175 726/2730/2174 2145/2737/2179 2879/3698/2881
f 2879/3698/2881 2145/2737/2179 725/2741/2181 2143/3700/2883
f 1721/3699/2882 2879/3698/2881 2143/3700/2883 489/3701/2884
f 485/2733/1651 2147/2732/2176 2880/3702/2885 1715/3703/1652
f 2147/2732/2176 728/2081/1655 2148/2084/1658 2880/3702/2885
f 2880/3702/2885 2148/2084/1658 727/2089/1663 2146/3704/2886
f 1715/3703/1652 2880/3702/2885 2146/3704/2886 315/3705/1653
f 43/3706/579 2150/3707/2887 2881/3708/2888 897/3709/592
f 2150/3707/2887 397/3710/1921 1606/3711/1932 2881/3708/2888
f 2881/3708/2888 1606/3711/1932 400/3712/1931 2149/3713/2889
f 897/3709/592 2881/3708/2888 2149/3713/2889 46/3714/593
f 45/3715/549 2151/3716/2890 2882/3717/2891 899/3718/578
f 2151/3716/2890 399/3719/1886 1608/3720/1922 2882/3717/2891
f 2882/3717/2891 1608/3720/1922 397/3721/1921 2150/3722/2887
f 899/3718/578 2882/3717/2891 2150/3722/2887 43/3723/579
f 388/3724/584 879/3725/587 2883/3726/2892 1592/3727/1925
f 38/3728/589 896/3729/591 2883/3726/2892 879/3725/587
f 46/3730/593 2149/3731/2889 2883/3726/2892 896/3729/591
f 400/3732/1931 1605/3733/1929 2883/3726/2892 2149/3731/2889
f 386/3734/1927 1592/3727/1925 2883/3726/2892 1605/3733/1929
f 44/3735/599 2152/3736/2893 2884/3737/2894 900/3738/603
f 2152/3736/2893 398/3739/1940 1609/3740/1942 2884/3737/2894
f 2884/3737/2894 1609/3740/1942 399/3741/1886 2151/3742/2890
f 900/3738/603 2884/3737/2894 2151/3742/2890 45/3743/549
f 47/3744/564 2153/3745/2895 2885/3746/2896 898/3747/597
f 2153/3745/2895 401/3748/1912 1607/3749/1936 2885/3746/2896
f 2885/3746/2896 1607/3749/1936 398/3739/1940 2152/3736/2893
f 898/3747/597 2885/3746/2896 2152/3736/2893 44/3735/599
f 380/599/515 1580/2350/1871 2886/3750/2897 863/600/516
f 378/2349/1870 1610/3751/1908 2886/3750/2897 1580/2350/1871
f 401/3748/1912 2153/3745/2895 2886/3750/2897 1610/3751/1908
f 47/3744/564 901/3752/562 2886/3750/2897 2153/3745/2895
f 34/601/517 863/600/516 2886/3750/2897 901/3752/562
f 1/3753/239 757/3754/912 2887/3755/2898 760/3756/240
f 309/3757/911 2154/3758/2899 2887/3755/2898 757/3754/912
f 725/3759/2181 1505/3760/2180 2887/3755/2898 2154/3758/2899
f 313/3761/1669 1508/3762/1668 2887/3755/2898 1505/3760/2180
f 318/3763/241 760/3756/240 2887/3755/2898 1508/3762/1668
f 94/3764/234 2156/3765/2900 2888/3766/2901 1053/3767/1643
f 2156/3765/2900 490/3768/1659 1721/3769/2882 2888/3766/2901
f 2888/3766/2901 1721/3769/2882 489/3770/2884 2155/3771/2902
f 1053/3767/1643 2888/3766/2901 2155/3771/2902 93/3772/1645
f 309/3757/911 1495/3773/1646 2889/3774/2903 2154/3758/2899
f 1495/3773/1646 93/3775/1645 2155/3776/2902 2889/3774/2903
f 2889/3774/2903 2155/3776/2902 489/3777/2884 2143/3778/2883
f 2154/3758/2899 2889/3774/2903 2143/3778/2883 725/3759/2181
f 92/3779/232 2157/3780/2904 2890/3781/2905 1054/3782/233
f 2157/3780/2904 488/3783/1661 1722/3784/1660 2890/3781/2905
f 2890/3781/2905 1722/3784/1660 490/3785/1659 2156/3786/2900
f 1054/3782/233 2890/3781/2905 2156/3786/2900 94/3787/234
f 92/3779/232 1051/3788/231 2891/3789/2906 2157/3780/2904
f 1051/3788/231 311/3790/230 2158/3791/2907 2891/3789/2906
f 2891/3789/2906 2158/3791/2907 727/3792/1663 1719/3793/1662
f 2157/3780/2904 2891/3789/2906 1719/3793/1662 488/3783/1661
f 311/3790/230 1498/3794/1648 2892/3795/2908 2158/3791/2907
f 1498/3794/1648 3/3796/223 2159/3797/2909 2892/3795/2908
f 2892/3795/2908 2159/3797/2909 315/3798/1653 2146/3799/2886
f 2158/3791/2907 2892/3795/2908 2146/3799/2886 727/3792/1663
f 425/3800/672 1637/3801/1995 2893/3802/2910 939/3803/673
f 423/3804/1994 1657/3805/1999 2893/3802/2910 1637/3801/1995
f 439/3806/1998 2160/3807/2911 2893/3802/2910 1657/3805/1999
f 67/3808/680 965/3809/679 2893/3802/2910 2160/3807/2911
f 59/3810/674 939/3803/673 2893/3802/2910 965/3809/679
f 67/3811/680 2160/3812/2911 2894/3813/2912 964/3814/725
f 2160/3812/2911 439/3815/1998 1656/3816/2035 2894/3813/2912
f 2894/3813/2912 1656/3816/2035 438/3817/2039 2161/3818/2913
f 964/3814/725 2894/3813/2912 2161/3818/2913 66/3819/727
f 350/3820/1042 813/3821/1045 2895/3822/2914 1543/3823/2286
f 18/3824/733 966/3825/731 2895/3822/2914 813/3821/1045
f 66/3819/727 2161/3818/2913 2895/3822/2914 966/3825/731
f 438/3817/2039 1658/3826/2041 2895/3822/2914 2161/3818/2913
f 334/3827/2045 1543/3823/2286 2895/3822/2914 1658/3826/2041
f 249/3828/982 1381/3829/985 2896/3830/2915 2163/3831/2916
f 1381/3829/985 104/3832/987 2162/3833/2917 2896/3830/2915
f 2896/3830/2915 2162/3833/2917 508/3834/2241 2029/3835/2238
f 2163/3831/2916 2896/3830/2915 2029/3835/2238 665/3836/2237
f 105/3837/959 2164/3838/2918 2897/3839/2919 1085/3840/986
f 2164/3838/2918 509/3841/2206 1745/3842/2242 2897/3839/2919
f 2897/3839/2919 1745/3842/2242 508/3834/2241 2162/3833/2917
f 1085/3840/986 2897/3839/2919 2162/3833/2917 104/3832/987
f 103/3843/1464 2165/3844/2920 2898/3845/2921 1086/3846/1465
f 2165/3844/2920 507/3847/2702 1746/3848/2705 2898/3845/2921
f 2898/3845/2921 1746/3848/2705 509/3849/2206 2164/3850/2918
f 1086/3846/1465 2898/3845/2921 2164/3850/2918 105/3851/959
f 103/3852/1464 1083/3853/1467 2899/3854/2922 2165/3855/2920
f 1083/3853/1467 252/3856/994 2166/3857/2923 2899/3854/2922
f 2899/3854/2922 2166/3857/2923 668/3858/2247 1743/3859/2703
f 2165/3855/2920 2899/3854/2922 1743/3859/2703 507/3860/2702
f 320/3861/993 1506/3862/2244 2900/3863/2924 758/3864/991
f 314/3865/2243 2033/3866/2248 2900/3863/2924 1506/3862/2244
f 668/3858/2247 2166/3857/2923 2900/3863/2924 2033/3866/2248
f 252/3856/994 1385/3867/997 2900/3863/2924 2166/3857/2923
f 2/3868/988 758/3864/991 2900/3863/2924 1385/3867/997
f 4/3869/981 753/3870/1463 2901/3871/2925 759/3872/979
f 249/3828/982 2163/3831/2916 2901/3871/2925 753/3873/1463
f 665/3836/2237 1501/3874/2700 2901/3871/2925 2163/3831/2916
f 316/3875/2235 1507/3876/2233 2901/3871/2925 1501/3877/2700
f 317/3878/976 759/3872/979 2901/3871/2925 1507/3876/2233
o Cylinder.003
v 69.459511 0.063939 -5.897612
v 67.125412 -0.014089 -0.424044
v 69.460327 0.063978 -5.897264
v 67.126228 -0.014050 -0.423696
v 69.461113 0.064163 -5.896924
v 67.127022 -0.013865 -0.423357
v 69.461845 0.064486 -5.896607
v 67.127754 -0.013541 -0.423040
v 69.462494 0.064936 -5.896325
v 67.128395 -0.013092 -0.422757
v 69.463028 0.065495 -5.896088
v 67.128937 -0.012533 -0.422521
v 69.463440 0.066141 -5.895905
v 67.129341 -0.011887 -0.422338
v 69.463699 0.066849 -5.895785
v 67.129601 -0.011179 -0.422218
v 69.463799 0.067593 -5.895730
v 67.129707 -0.010434 -0.422163
v 69.463745 0.068344 -5.895744
v 67.129646 -0.009684 -0.422177
v 69.463524 0.069073 -5.895825
v 67.129433 -0.008955 -0.422258
v 69.463165 0.069752 -5.895971
v 67.129066 -0.008276 -0.422404
v 69.462662 0.070354 -5.896176
v 67.128563 -0.007673 -0.422609
v 69.462044 0.070858 -5.896433
v 67.127945 -0.007170 -0.422865
v 69.461334 0.071242 -5.896730
v 67.127235 -0.006785 -0.423163
v 69.460556 0.071494 -5.897058
v 67.126465 -0.006534 -0.423490
v 69.459747 0.071602 -5.897402
v 67.125648 -0.006426 -0.423835
v 69.458931 0.071563 -5.897751
v 67.124832 -0.006465 -0.424183
v 69.458138 0.071378 -5.898090
v 67.124046 -0.006650 -0.424522
v 69.457405 0.071055 -5.898407
v 67.123314 -0.006973 -0.424839
v 69.456764 0.070605 -5.898689
v 67.122665 -0.007423 -0.425122
v 69.456223 0.070046 -5.898926
v 67.122131 -0.007982 -0.425358
v 69.455818 0.069400 -5.899108
v 67.121719 -0.008628 -0.425541
v 69.455559 0.068692 -5.899229
v 67.121460 -0.009336 -0.425661
v 69.455452 0.067948 -5.899283
v 67.121361 -0.010080 -0.425716
v 69.455513 0.067197 -5.899270
v 67.121414 -0.010831 -0.425702
v 69.455727 0.066468 -5.899188
v 67.121635 -0.011560 -0.425621
v 69.456093 0.065789 -5.899042
v 67.121994 -0.012239 -0.425475
v 69.456596 0.065186 -5.898837
v 67.122498 -0.012841 -0.425270
v 69.457214 0.064683 -5.898582
v 67.123116 -0.013345 -0.425014
v 69.457924 0.064298 -5.898284
v 67.123825 -0.013729 -0.424716
v 69.458694 0.064047 -5.897956
v 67.124603 -0.013981 -0.424389
vt 1.000000 0.500000
vt 0.968750 0.500000
vt 0.968750 1.000000
vt 1.000000 1.000000
vt 0.937500 0.500000
vt 0.937500 1.000000
vt 0.906250 0.500000
vt 0.906250 1.000000
vt 0.875000 0.500000
vt 0.875000 1.000000
vt 0.843750 0.500000
vt 0.843750 1.000000
vt 0.812500 0.500000
vt 0.812500 1.000000
vt 0.781250 0.500000
vt 0.781250 1.000000
vt 0.750000 0.500000
vt 0.750000 1.000000
vt 0.718750 0.500000
vt 0.718750 1.000000
vt 0.687500 0.500000
vt 0.687500 1.000000
vt 0.656250 0.500000
vt 0.656250 1.000000
vt 0.625000 0.500000
vt 0.625000 1.000000
vt 0.593750 0.500000
vt 0.593750 1.000000
vt 0.562500 0.500000
vt 0.562500 1.000000
vt 0.531250 0.500000
vt 0.531250 1.000000
vt 0.500000 0.500000
vt 0.500000 1.000000
vt 0.468750 0.500000
vt 0.468750 1.000000
vt 0.437500 0.500000
vt 0.437500 1.000000
vt 0.406250 0.500000
vt 0.406250 1.000000
vt 0.375000 0.500000
vt 0.375000 1.000000
vt 0.343750 0.500000
vt 0.343750 1.000000
vt 0.312500 0.500000
vt 0.312500 1.000000
vt 0.281250 0.500000
vt 0.281250 1.000000
vt 0.250000 0.500000
vt 0.250000 1.000000
vt 0.218750 0.500000
vt 0.218750 1.000000
vt 0.187500 0.500000
vt 0.187500 1.000000
vt 0.156250 0.500000
vt 0.156250 1.000000
vt 0.125000 0.500000
vt 0.125000 1.000000
vt 0.093750 0.500000
vt 0.093750 1.000000
vt 0.062500 0.500000
vt 0.062500 1.000000
vt 0.296822 0.485388
vt 0.341844 0.471731
vt 0.383337 0.449553
vt 0.419706 0.419706
vt 0.449553 0.383337
vt 0.471731 0.341844
vt 0.485388 0.296822
vt 0.490000 0.250000
vt 0.485388 0.203178
vt 0.471731 0.158156
vt 0.449553 0.116663
vt 0.419706 0.080294
vt 0.383337 0.050447
vt 0.341844 0.028269
vt 0.296822 0.014612
vt 0.250000 0.010000
vt 0.203178 0.014612
vt 0.158156 0.028269
vt 0.116663 0.050447
vt 0.080294 0.080294
vt 0.050447 0.116663
vt 0.028269 0.158156
vt 0.014611 0.203179
vt 0.010000 0.250000
vt 0.014612 0.296822
vt 0.028269 0.341844
vt 0.050447 0.383337
vt 0.080295 0.419706
vt 0.116663 0.449553
vt 0.158156 0.471731
vt 0.203179 0.485389
vt 0.250000 0.490000
vt 0.031250 0.500000
vt 0.031250 1.000000
vt 0.000000 0.500000
vt 0.000000 1.000000
vt 0.750000 0.490000
vt 0.703179 0.485389
vt 0.658156 0.471731
vt 0.616663 0.449553
vt 0.580295 0.419706
vt 0.550447 0.383337
vt 0.528269 0.341844
vt 0.514612 0.296822
vt 0.510000 0.250000
vt 0.514611 0.203179
vt 0.528269 0.158156
vt 0.550447 0.116663
vt 0.580294 0.080294
vt 0.616663 0.050447
vt 0.658156 0.028269
vt 0.703178 0.014612
vt 0.750000 0.010000
vt 0.796822 0.014612
vt 0.841844 0.028269
vt 0.883337 0.050447
vt 0.919706 0.080294
vt 0.949553 0.116663
vt 0.971731 0.158156
vt 0.985388 0.203178
vt 0.990000 0.250000
vt 0.985388 0.296822
vt 0.971731 0.341844
vt 0.949553 0.383337
vt 0.919706 0.419706
vt 0.883337 0.449553
vt 0.841844 0.471731
vt 0.796822 0.485388
vn -0.0305 -0.9992 -0.0273
vn 0.1219 -0.9918 0.0378
vn 0.1218 -0.9918 0.0378
vn 0.2743 -0.9561 0.1034
vn 0.4266 -0.8885 0.1693
vn 0.4267 -0.8884 0.1693
vn 0.5719 -0.7866 0.2326
vn 0.5719 -0.7866 0.2327
vn 0.7032 -0.6489 0.2906
vn 0.7032 -0.6490 0.2906
vn 0.8114 -0.4759 0.3393
vn 0.8872 -0.2694 0.3745
vn 0.9192 -0.0438 0.3914
vn 0.9018 0.1917 0.3873
vn 0.9018 0.1918 0.3873
vn 0.8371 0.4096 0.3627
vn 0.7400 0.5895 0.3239
vn 0.6205 0.7343 0.2752
vn 0.6205 0.7344 0.2752
vn 0.4822 0.8486 0.2178
vn 0.3322 0.9304 0.1549
vn 0.3323 0.9304 0.1549
vn 0.1826 0.9789 0.0917
vn 0.1826 0.9789 0.0918
vn 0.0297 0.9992 0.0269
vn 0.0296 0.9992 0.0269
vn -0.1221 0.9918 -0.0379
vn -0.2752 0.9558 -0.1038
vn -0.2753 0.9558 -0.1038
vn -0.4289 0.8872 -0.1702
vn -0.4288 0.8872 -0.1701
vn -0.5714 0.7870 -0.2324
vn -0.5714 0.7871 -0.2324
vn -0.7001 0.6528 -0.2893
vn -0.7002 0.6527 -0.2893
vn -0.8129 0.4730 -0.3399
vn -0.8129 0.4729 -0.3399
vn -0.8871 0.2700 -0.3745
vn -0.9192 0.0437 -0.3914
vn -0.9192 0.0438 -0.3914
vn -0.9017 -0.1923 -0.3872
vn -0.9017 -0.1922 -0.3872
vn -0.8404 -0.4013 -0.3641
vn -0.8404 -0.4014 -0.3641
vn -0.7401 -0.5893 -0.3240
vn -0.6163 -0.7386 -0.2733
vn -0.6163 -0.7385 -0.2733
vn -0.4792 -0.8506 -0.2164
vn -0.3329 -0.9301 -0.1552
vn -0.3328 -0.9301 -0.1552
vn -0.3922 -0.0127 0.9198
vn -0.1840 -0.9786 -0.0924
vn -0.1839 -0.9786 -0.0924
vn 0.3923 0.0129 -0.9197
usemtl Material.010
s 1
f 2926/3879/2926 2928/3880/2927 2929/3881/2928 2927/3882/2926
f 2928/3880/2927 2930/3883/2929 2931/3884/2929 2929/3881/2928
f 2930/3883/2929 2932/3885/2930 2933/3886/2931 2931/3884/2929
f 2932/3885/2930 2934/3887/2932 2935/3888/2933 2933/3886/2931
f 2934/3887/2932 2936/3889/2934 2937/3890/2935 2935/3888/2933
f 2936/3889/2934 2938/3891/2936 2939/3892/2936 2937/3890/2935
f 2938/3891/2936 2940/3893/2937 2941/3894/2937 2939/3892/2936
f 2940/3893/2937 2942/3895/2938 2943/3896/2938 2941/3894/2937
f 2942/3895/2938 2944/3897/2939 2945/3898/2940 2943/3896/2938
f 2944/3897/2939 2946/3899/2941 2947/3900/2941 2945/3898/2940
f 2946/3899/2941 2948/3901/2942 2949/3902/2942 2947/3900/2941
f 2948/3901/2942 2950/3903/2943 2951/3904/2944 2949/3902/2942
f 2950/3903/2943 2952/3905/2945 2953/3906/2945 2951/3904/2944
f 2952/3905/2945 2954/3907/2946 2955/3908/2947 2953/3906/2945
f 2954/3907/2946 2956/3909/2948 2957/3910/2949 2955/3908/2947
f 2956/3909/2948 2958/3911/2950 2959/3912/2951 2957/3910/2949
f 2958/3911/2950 2960/3913/2952 2961/3914/2952 2959/3912/2951
f 2960/3913/2952 2962/3915/2953 2963/3916/2954 2961/3914/2952
f 2962/3915/2953 2964/3917/2955 2965/3918/2956 2963/3916/2954
f 2964/3917/2955 2966/3919/2957 2967/3920/2958 2965/3918/2956
f 2966/3919/2957 2968/3921/2959 2969/3922/2960 2967/3920/2958
f 2968/3921/2959 2970/3923/2961 2971/3924/2962 2969/3922/2960
f 2970/3923/2961 2972/3925/2963 2973/3926/2963 2971/3924/2962
f 2972/3925/2963 2974/3927/2964 2975/3928/2965 2973/3926/2963
f 2974/3927/2964 2976/3929/2966 2977/3930/2967 2975/3928/2965
f 2976/3929/2966 2978/3931/2968 2979/3932/2969 2977/3930/2967
f 2978/3931/2968 2980/3933/2970 2981/3934/2970 2979/3932/2969
f 2980/3933/2970 2982/3935/2971 2983/3936/2972 2981/3934/2970
f 2982/3935/2971 2984/3937/2973 2985/3938/2973 2983/3936/2972
f 2984/3937/2973 2986/3939/2974 2987/3940/2975 2985/3938/2973
f 2929/3941/2976 2931/3942/2976 2933/3943/2976 2935/3944/2976 2937/3945/2976 2939/3946/2976 2941/3947/2976 2943/3948/2976 2945/3949/2976 2947/3950/2976 2949/3951/2976 2951/3952/2976 2953/3953/2976 2955/3954/2976 2957/3955/2976 2959/3956/2976 2961/3957/2976 2963/3958/2976 2965/3959/2976 2967/3960/2976 2969/3961/2976 2971/3962/2976 2973/3963/2976 2975/3964/2976 2977/3965/2976 2979/3966/2976 2981/3967/2976 2983/3968/2976 2985/3969/2976 2987/3970/2976 2989/3971/2976 2927/3972/2976
f 2986/3939/2974 2988/3973/2977 2989/3974/2978 2987/3940/2975
f 2988/3973/2977 2926/3975/2926 2927/3976/2926 2989/3974/2978
f 2926/3977/2979 2988/3978/2979 2986/3979/2979 2984/3980/2979 2982/3981/2979 2980/3982/2979 2978/3983/2979 2976/3984/2979 2974/3985/2979 2972/3986/2979 2970/3987/2979 2968/3988/2979 2966/3989/2979 2964/3990/2979 2962/3991/2979 2960/3992/2979 2958/3993/2979 2956/3994/2979 2954/3995/2979 2952/3996/2979 2950/3997/2979 2948/3998/2979 2946/3999/2979 2944/4000/2979 2942/4001/2979 2940/4002/2979 2938/4003/2979 2936/4004/2979 2934/4005/2979 2932/4006/2979 2930/4007/2979 2928/4008/2979
o Cylinder.002
v 69.217537 -0.047176 -2.775970
v 67.826736 -0.025403 -3.213653
v 69.217590 -0.045953 -2.776080
v 67.826805 -0.023831 -3.213793
v 69.217712 -0.044777 -2.776415
v 67.826965 -0.022319 -3.214224
v 69.217903 -0.043693 -2.776962
v 67.827209 -0.020926 -3.214928
v 69.218155 -0.042743 -2.777701
v 67.827530 -0.019705 -3.215878
v 69.218452 -0.041964 -2.778604
v 67.827911 -0.018702 -3.217038
v 69.218781 -0.041384 -2.779635
v 67.828339 -0.017958 -3.218363
v 69.219147 -0.041028 -2.780754
v 67.828804 -0.017499 -3.219803
v 69.219513 -0.040907 -2.781920
v 67.829277 -0.017344 -3.221302
v 69.219879 -0.041028 -2.783087
v 67.829750 -0.017499 -3.222801
v 69.220230 -0.041384 -2.784210
v 67.830200 -0.017958 -3.224245
v 69.220551 -0.041964 -2.785246
v 67.830612 -0.018702 -3.225577
v 69.220825 -0.042743 -2.786155
v 67.830963 -0.019705 -3.226746
v 69.221046 -0.043693 -2.786903
v 67.831245 -0.020926 -3.227708
v 69.221207 -0.044777 -2.787460
v 67.831451 -0.022319 -3.228424
v 69.221298 -0.045953 -2.787806
v 67.831566 -0.023831 -3.228868
v 69.221313 -0.047176 -2.787926
v 67.831596 -0.025403 -3.229023
v 69.221260 -0.048399 -2.787817
v 67.831528 -0.026975 -3.228882
v 69.221138 -0.049575 -2.787482
v 67.831367 -0.028487 -3.228452
v 69.006691 -0.047303 -2.854649
v 67.831123 -0.029880 -3.227748
v 69.006447 -0.048253 -2.853910
v 67.830803 -0.031102 -3.226798
v 69.220398 -0.052388 -2.785293
v 67.830421 -0.032104 -3.225637
v 69.220062 -0.052967 -2.784262
v 67.829987 -0.032849 -3.224312
v 69.219704 -0.053324 -2.783142
v 67.829529 -0.033307 -3.222872
v 69.219337 -0.053444 -2.781976
v 67.829048 -0.033462 -3.221374
v 69.218971 -0.053324 -2.780810
v 67.828575 -0.033307 -3.219874
v 69.218620 -0.052967 -2.779687
v 67.828133 -0.032849 -3.218430
v 69.218300 -0.052388 -2.778651
v 67.827721 -0.032104 -3.217098
v 69.218025 -0.051608 -2.777741
v 67.827370 -0.031102 -3.215929
v 69.217804 -0.050658 -2.776994
v 67.827080 -0.029880 -3.214968
v 69.217644 -0.049575 -2.776436
v 67.826874 -0.028487 -3.214252
v 69.217552 -0.048399 -2.776091
v 67.826759 -0.026975 -3.213807
v 67.826607 -0.022996 -3.209363
v 67.826500 -0.025420 -3.209146
v 67.826851 -0.020665 -3.210027
v 67.827232 -0.018517 -3.211112
v 67.827721 -0.016634 -3.212578
v 67.828316 -0.015088 -3.214366
v 67.828979 -0.013940 -3.216410
v 67.829689 -0.013233 -3.218629
v 67.830421 -0.012994 -3.220940
v 67.831146 -0.013233 -3.223253
v 67.831841 -0.013940 -3.225479
v 67.832474 -0.015088 -3.227533
v 67.833015 -0.016634 -3.229336
v 67.833458 -0.018517 -3.230818
v 67.833771 -0.020665 -3.231922
v 67.833954 -0.022996 -3.232607
v 67.833992 -0.025420 -3.232846
v 67.833885 -0.027844 -3.232629
v 67.833641 -0.030175 -3.231965
v 67.833260 -0.032324 -3.230880
v 67.832771 -0.034207 -3.229414
v 67.832176 -0.035752 -3.227626
v 67.831512 -0.036900 -3.225582
v 67.830803 -0.037607 -3.223363
v 67.830070 -0.037846 -3.221052
v 67.829338 -0.037607 -3.218739
v 67.828651 -0.036900 -3.216513
v 67.828018 -0.035752 -3.214459
v 67.827469 -0.034207 -3.212656
v 67.827034 -0.032324 -3.211174
v 67.826721 -0.030175 -3.210070
v 67.826538 -0.027844 -3.209385
v 67.803673 -0.022637 -3.216612
v 67.803566 -0.025061 -3.216395
v 67.803917 -0.020306 -3.217276
v 67.804298 -0.018157 -3.218361
v 67.804787 -0.016274 -3.219826
v 67.805374 -0.014729 -3.221615
v 67.806038 -0.013581 -3.223658
v 67.806755 -0.012874 -3.225878
v 67.807487 -0.012635 -3.228189
v 67.808212 -0.012874 -3.230501
v 67.808907 -0.013581 -3.232728
v 67.809540 -0.014729 -3.234782
v 67.810081 -0.016274 -3.236584
v 67.810524 -0.018157 -3.238066
v 67.810837 -0.020306 -3.239171
v 67.811020 -0.022637 -3.239856
v 67.811058 -0.025061 -3.240094
v 67.810951 -0.027485 -3.239877
v 67.810699 -0.029816 -3.239214
v 67.810326 -0.031964 -3.238128
v 67.809837 -0.033847 -3.236663
v 67.809242 -0.035393 -3.234874
v 67.808578 -0.036541 -3.232831
v 67.807869 -0.037248 -3.230611
v 67.807137 -0.037487 -3.228301
v 67.806404 -0.037248 -3.225988
v 67.805717 -0.036541 -3.223762
v 67.805084 -0.035393 -3.221708
v 67.804535 -0.033847 -3.219905
v 67.804100 -0.031964 -3.218423
v 67.803780 -0.029816 -3.217318
v 67.803604 -0.027485 -3.216634
v 67.772247 -0.024482 -3.239164
v 67.772247 -0.024513 -3.239162
v 67.772247 -0.024452 -3.239173
v 67.772255 -0.024425 -3.239187
v 67.772263 -0.024401 -3.239205
v 67.772270 -0.024381 -3.239228
v 67.772278 -0.024367 -3.239254
v 67.772285 -0.024358 -3.239282
v 67.772293 -0.024355 -3.239312
v 67.772301 -0.024358 -3.239341
v 67.772308 -0.024367 -3.239369
v 67.772324 -0.024381 -3.239395
v 67.772324 -0.024401 -3.239418
v 67.772331 -0.024425 -3.239437
v 67.772339 -0.024452 -3.239451
v 67.772339 -0.024482 -3.239460
v 67.772339 -0.024513 -3.239463
v 67.772339 -0.024543 -3.239460
v 67.772331 -0.024573 -3.239452
v 67.772331 -0.024600 -3.239438
v 67.772324 -0.024624 -3.239419
v 67.772316 -0.024644 -3.239397
v 67.772308 -0.024658 -3.239371
v 67.772301 -0.024667 -3.239342
v 67.772293 -0.024670 -3.239313
v 67.772278 -0.024667 -3.239284
v 67.772270 -0.024658 -3.239255
v 67.772263 -0.024644 -3.239229
v 67.772255 -0.024624 -3.239206
v 67.772247 -0.024600 -3.239187
v 67.772247 -0.024573 -3.239173
v 67.772247 -0.024543 -3.239165
v 67.809731 -0.044766 -3.241304
v 67.808464 -0.046959 -3.237403
v 67.806374 -0.001317 -3.228540
v 67.807762 -0.001773 -3.232955
v 67.807106 -0.048309 -3.233165
v 67.809090 -0.003123 -3.237205
v 67.805702 -0.048765 -3.228753
v 67.810295 -0.005316 -3.241127
v 67.804314 -0.048309 -3.224338
v 67.811333 -0.008266 -3.244568
v 67.802994 -0.046959 -3.220088
v 67.812172 -0.011861 -3.247398
v 67.801788 -0.044766 -3.216166
v 67.812775 -0.015962 -3.249507
v 67.798889 -0.025041 -3.206023
v 67.799095 -0.020413 -3.206437
v 67.800743 -0.041816 -3.212725
v 67.813118 -0.020413 -3.250814
v 67.799561 -0.015962 -3.207705
v 67.799904 -0.038221 -3.209895
v 67.813187 -0.025041 -3.251270
v 67.800285 -0.011861 -3.209777
v 67.799301 -0.034120 -3.207786
v 67.812988 -0.029669 -3.250856
v 67.801224 -0.008266 -3.212574
v 67.798958 -0.029669 -3.206479
v 67.812515 -0.034120 -3.249588
v 67.802345 -0.005316 -3.215989
v 67.811798 -0.038221 -3.247516
v 67.803612 -0.003123 -3.219890
v 67.810860 -0.041816 -3.244719
v 67.804977 -0.001773 -3.224128
vt 0.244593 0.675598
vt 0.269136 0.676029
vt 0.279719 0.000554
vt 0.248166 0.000000
vt 0.319383 0.676875
vt 0.309441 0.001642
vt 0.915307 0.676029
vt 0.939850 0.675598
vt 0.936276 0.000000
vt 0.904724 0.000554
vt 0.964874 0.675598
vt 0.968447 0.000000
vt 0.989417 0.676029
vt 1.000000 0.000554
vt 0.686387 0.676476
vt 0.721137 0.675831
vt 0.714173 0.000280
vt 0.684446 0.001109
vt 0.745682 0.675613
vt 0.745728 0.000000
vt 0.770705 0.675831
vt 0.777898 0.000280
vt 0.802221 0.675701
vt 0.809447 0.001109
vt 0.562936 0.675701
vt 0.596135 0.675831
vt 0.589171 0.000280
vt 0.559444 0.001109
vt 0.620680 0.675613
vt 0.620726 0.000000
vt 0.645704 0.675831
vt 0.652896 0.000280
vt 0.677995 0.676476
vt 0.684446 0.001109
vt 0.323010 0.676476
vt 0.346133 0.675831
vt 0.339168 0.000280
vt 0.309441 0.001109
vt 0.370678 0.675613
vt 0.370723 0.000000
vt 0.395701 0.675831
vt 0.402893 0.000280
vt 0.429543 0.673375
vt 0.434443 0.001109
vt 0.151486 0.000000
vt 0.114415 0.000931
vt 0.124999 0.676373
vt 0.154721 0.675176
vt 0.092198 0.002663
vt 0.093446 0.676983
vt 0.067174 0.002663
vt 0.061275 0.676983
vt 0.029454 0.000156
vt 0.029722 0.676373
vt -0.000641 0.000000
vt 0.000000 0.675176
vt 0.894140 0.000000
vt 0.869597 0.000431
vt 0.873171 0.676029
vt 0.915575 0.676250
vt 0.844573 0.000431
vt 0.841000 0.676029
vt 0.820030 0.000000
vt 0.804796 0.675475
vt 0.435609 0.674926
vt 0.471134 0.675831
vt 0.464170 0.000280
vt 0.434443 0.001109
vt 0.495678 0.675613
vt 0.495725 0.000000
vt 0.520702 0.675831
vt 0.527895 0.000280
vt 0.556868 0.676476
vt 0.559444 0.001109
vt 0.161830 0.675325
vt 0.195026 0.676029
vt 0.184443 0.000554
vt 0.154721 0.001642
vt 0.219569 0.675598
vt 0.215996 0.000000
vt 0.309441 0.854635
vt 0.314312 0.885860
vt 0.323868 0.915255
vt 0.337740 0.941690
vt 0.355396 0.964150
vt 0.376157 0.981771
vt 0.399226 0.993876
vt 0.423716 1.000000
vt 0.448686 0.999908
vt 0.473175 0.993602
vt 0.496244 0.981326
vt 0.517006 0.963552
vt 0.540035 0.945521
vt 0.553907 0.918983
vt 0.558089 0.884957
vt 0.562961 0.853696
vt 0.562961 0.821841
vt 0.558089 0.790616
vt 0.548534 0.761221
vt 0.534662 0.734785
vt 0.517006 0.712326
vt 0.496244 0.694705
vt 0.473175 0.682600
vt 0.448686 0.676476
vt 0.423716 0.676568
vt 0.399226 0.682874
vt 0.376158 0.695150
vt 0.355396 0.712924
vt 0.337740 0.735515
vt 0.323868 0.762053
vt 0.314312 0.791519
vt 0.309441 0.822780
vt 0.322922 0.465936
vt 0.252484 0.245311
vt 0.250839 0.245622
vt 0.274623 0.475064
vt 0.255428 0.231248
vt 0.254033 0.230363
vt 0.252484 0.229753
vt 0.250839 0.229442
vt 0.249161 0.229442
vt 0.247516 0.229753
vt 0.245967 0.230363
vt 0.244572 0.231248
vt 0.243386 0.232375
vt 0.242455 0.233700
vt 0.241813 0.235172
vt 0.241486 0.236735
vt 0.241486 0.238329
vt 0.241813 0.239892
vt 0.242455 0.241364
vt 0.243386 0.242689
vt 0.244572 0.243816
vt 0.245967 0.244701
vt 0.247516 0.245311
vt 0.249161 0.245622
vt 0.254033 0.244701
vt 0.255428 0.243816
vt 0.256614 0.242689
vt 0.257545 0.241364
vt 0.258187 0.239892
vt 0.258514 0.238329
vt 0.258514 0.236735
vt 0.258187 0.235172
vt 0.257545 0.233700
vt 0.256614 0.232375
vt 0.055812 0.086114
vt 0.090634 0.053029
vt 0.368420 0.448030
vt 0.028453 0.125018
vt 0.409366 0.422035
vt 0.009607 0.168246
vt 0.444188 0.388950
vt 0.000000 0.214137
vt 0.471547 0.350046
vt 0.000000 0.260927
vt 0.490393 0.306817
vt 0.009607 0.306817
vt 0.409366 0.053029
vt 0.444188 0.086114
vt 0.500000 0.260927
vt 0.028453 0.350046
vt 0.368420 0.027034
vt 0.500000 0.214137
vt 0.055812 0.388950
vt 0.322923 0.009128
vt 0.490393 0.168246
vt 0.090634 0.422035
vt 0.274623 0.000000
vt 0.471547 0.125018
vt 0.131581 0.448030
vt 0.225377 0.000000
vt 0.177078 0.465936
vt 0.177078 0.009128
vt 0.225377 0.475064
vt 0.131581 0.027034
vt 0.833474 0.334172
vt 0.909366 0.422035
vt 0.944188 0.388950
vt 0.851713 0.316842
vt 0.624087 0.201241
vt 0.509607 0.168246
vt 0.500000 0.214137
vt 0.619054 0.225278
vt 0.971547 0.350046
vt 0.866043 0.296465
vt 0.500000 0.260927
vt 0.619054 0.249786
vt 0.990393 0.306818
vt 0.875914 0.273823
vt 0.509607 0.306818
vt 0.624087 0.273823
vt 0.851713 0.158222
vt 0.944188 0.086114
vt 0.909366 0.053029
vt 0.833474 0.140892
vt 1.000000 0.260927
vt 0.880946 0.249786
vt 0.528453 0.350046
vt 0.633958 0.296465
vt 0.868420 0.027034
vt 0.812027 0.127277
vt 1.000000 0.214137
vt 0.880946 0.225278
vt 0.555812 0.388950
vt 0.648288 0.316842
vt 0.822923 0.009128
vt 0.788196 0.117898
vt 0.990393 0.168247
vt 0.875914 0.201241
vt 0.590634 0.422035
vt 0.666527 0.334172
vt 0.774623 0.000000
vt 0.762898 0.113117
vt 0.971547 0.125018
vt 0.866043 0.178599
vt 0.631581 0.448030
vt 0.687974 0.347788
vt 0.725378 0.000000
vt 0.737104 0.113117
vt 0.677078 0.465936
vt 0.711805 0.357166
vt 0.677078 0.009128
vt 0.711805 0.117898
vt 0.725377 0.475064
vt 0.737103 0.361948
vt 0.631581 0.027034
vt 0.687974 0.127276
vt 0.774623 0.475064
vt 0.762897 0.361948
vt 0.590635 0.053029
vt 0.666527 0.140892
vt 0.822922 0.465936
vt 0.788196 0.357166
vt 0.555813 0.086114
vt 0.648288 0.158222
vt 0.868419 0.448030
vt 0.812027 0.347788
vt 0.528453 0.125018
vt 0.633958 0.178599
vt 0.049284 0.623016
vt 0.005032 0.635770
vt 0.014903 0.658412
vt 0.055686 0.637701
vt 0.171173 0.670986
vt 0.192972 0.709735
vt 0.214419 0.696119
vt 0.185083 0.662156
vt 0.196912 0.548043
vt 0.232658 0.520169
vt 0.214419 0.502840
vt 0.185083 0.536804
vt 0.055686 0.561259
vt 0.014903 0.540547
vt 0.005032 0.563189
vt 0.049284 0.575943
vt 0.106174 0.677069
vt 0.092750 0.719114
vt 0.118049 0.723895
vt 0.122581 0.680170
vt 0.215871 0.607427
vt 0.261892 0.611733
vt 0.261892 0.587226
vt 0.215871 0.591532
vt 0.106174 0.521891
vt 0.092750 0.479845
vt 0.068920 0.489224
vt 0.090719 0.527973
vt 0.122581 0.518790
vt 0.118049 0.475064
vt 0.029234 0.678790
vt 0.064980 0.650917
vt 0.232658 0.678790
vt 0.196912 0.650917
vt 0.192972 0.489224
vt 0.171173 0.527973
vt 0.000000 0.587225
vt 0.046020 0.591532
vt 0.143843 0.723895
vt 0.139310 0.680170
vt 0.256860 0.563189
vt 0.212608 0.575943
vt 0.047473 0.502840
vt 0.076809 0.536804
vt 0.047473 0.696119
vt 0.076809 0.662156
vt 0.246989 0.658412
vt 0.206206 0.637701
vt 0.169142 0.479845
vt 0.155718 0.521891
vt 0.000000 0.611733
vt 0.046020 0.607427
vt 0.169142 0.719114
vt 0.155718 0.677069
vt 0.246989 0.540547
vt 0.206206 0.561259
vt 0.029234 0.520169
vt 0.064980 0.548043
vt 0.068920 0.709735
vt 0.090719 0.670986
vt 0.256860 0.635770
vt 0.212608 0.623016
vt 0.143843 0.475064
vt 0.139310 0.518790
vt 0.394981 0.512772
vt 0.399516 0.512771
vt 0.399006 0.492394
vt 0.394472 0.492394
vt 0.416677 0.590666
vt 0.412142 0.590665
vt 0.412493 0.613307
vt 0.417028 0.613308
vt 0.404579 0.566624
vt 0.400045 0.566608
vt 0.400141 0.590648
vt 0.404676 0.590664
vt 0.410673 0.542131
vt 0.406139 0.542116
vt 0.406048 0.566624
vt 0.410583 0.566639
vt 0.394981 0.630637
vt 0.399516 0.630637
vt 0.399866 0.607995
vt 0.395331 0.607995
vt 0.417537 0.475065
vt 0.413002 0.475064
vt 0.412493 0.495441
vt 0.417027 0.495442
vt 0.411377 0.633698
vt 0.406842 0.633684
vt 0.407428 0.651015
vt 0.411963 0.651030
vt 0.395331 0.535414
vt 0.399866 0.535413
vt 0.416498 0.566629
vt 0.411963 0.566628
vt 0.404676 0.542117
vt 0.400141 0.542100
vt 0.410942 0.518095
vt 0.406407 0.518080
vt 0.394472 0.651015
vt 0.399006 0.651014
vt 0.405424 0.633700
vt 0.400890 0.633684
vt 0.401514 0.651025
vt 0.406048 0.651042
vt 0.410942 0.613319
vt 0.406407 0.613304
vt 0.395510 0.559451
vt 0.400045 0.559450
vt 0.416498 0.542121
vt 0.411963 0.542120
vt 0.404961 0.518083
vt 0.400427 0.518067
vt 0.411377 0.495454
vt 0.406842 0.495440
vt 0.393824 0.668344
vt 0.398358 0.668344
vt 0.404961 0.613313
vt 0.400427 0.613296
vt 0.410673 0.590676
vt 0.406139 0.590661
vt 0.395510 0.583958
vt 0.400045 0.583958
vt 0.416677 0.518084
vt 0.412142 0.518084
vt 0.405424 0.495448
vt 0.400890 0.495432
vt 0.398358 0.475064
vt 0.393824 0.475065
vt 0.411963 0.475079
vt 0.407428 0.475064
vt 0.413002 0.633685
vt 0.417537 0.633685
vt 0.406048 0.475081
vt 0.401514 0.475064
vn -0.3002 0.0006 0.9539
vn -0.2916 0.1948 0.9365
vn -0.3002 0.0005 0.9539
vn -0.2718 0.3823 0.8832
vn -0.2415 0.5554 0.7957
vn -0.2415 0.5553 0.7958
vn -0.2018 0.7071 0.6777
vn -0.1545 0.8313 0.5340
vn -0.1544 0.8314 0.5338
vn -0.1010 0.9238 0.3694
vn -0.0436 0.9807 0.1907
vn 0.0154 0.9999 0.0048
vn 0.0155 0.9999 0.0047
vn 0.0739 0.9807 -0.1812
vn 0.1296 0.9238 -0.3603
vn 0.1296 0.9238 -0.3602
vn 0.1805 0.8313 -0.5257
vn 0.1804 0.8313 -0.5257
vn 0.2243 0.7070 -0.6707
vn 0.2244 0.7069 -0.6708
vn 0.2596 0.5557 -0.7898
vn 0.2850 0.3827 -0.8788
vn 0.2995 0.1961 -0.9338
vn 0.3025 0.0011 -0.9531
vn 0.3025 0.0012 -0.9531
vn 0.3716 -0.4175 -0.8292
vn 0.2939 -0.1958 -0.9356
vn 0.3651 -0.4690 -0.8042
vn 0.2670 -0.4312 -0.8618
vn 0.2860 -0.5982 -0.7485
vn 0.2342 -0.5985 -0.7661
vn 0.2678 -0.6689 -0.6935
vn 0.2158 -0.6690 -0.7113
vn 0.2861 -0.7710 -0.5690
vn 0.1701 -0.8011 -0.5738
vn 0.2698 -0.8062 -0.5265
vn 0.1033 -0.9239 -0.3685
vn 0.0459 -0.9808 -0.1898
vn 0.0459 -0.9807 -0.1899
vn -0.0131 -0.9999 -0.0041
vn -0.0716 -0.9807 0.1820
vn -0.0716 -0.9807 0.1819
vn -0.1273 -0.9238 0.3611
vn -0.1781 -0.8314 0.5264
vn -0.1781 -0.8313 0.5265
vn -0.2221 -0.7068 0.6716
vn -0.2574 -0.5552 0.7909
vn -0.2574 -0.5550 0.7910
vn -0.2827 -0.3829 0.8795
vn -0.2972 -0.1947 0.9347
vn -0.2972 -0.1949 0.9347
vn 0.4270 -0.6224 -0.6559
vn -0.4434 -0.7608 -0.4740
vn -0.4430 -0.7601 -0.4754
vn -0.3988 -0.6834 -0.6116
vn -0.3989 -0.6836 -0.6112
vn -0.9544 0.0243 -0.2977
vn -0.4679 0.8244 -0.3184
vn -0.4674 0.8240 -0.3202
vn -0.5162 0.8404 -0.1650
vn -0.5169 0.8404 -0.1629
vn -0.4912 -0.8080 -0.3254
vn -0.4906 -0.8076 -0.3274
vn -0.4213 0.7770 -0.4677
vn -0.4224 0.7787 -0.4639
vn -0.5403 -0.8239 -0.1712
vn -0.5409 -0.8239 -0.1691
vn -0.3790 0.7005 -0.6047
vn -0.3789 0.7003 -0.6050
vn -0.5887 -0.8082 -0.0160
vn -0.5895 -0.8076 -0.0133
vn -0.3427 0.5970 -0.7254
vn -0.3419 0.5940 -0.7282
vn -0.6351 -0.7608 0.1335
vn -0.6349 -0.7611 0.1327
vn -0.3132 0.4707 -0.8249
vn -0.3138 0.4742 -0.8226
vn -0.6772 -0.6843 0.2704
vn -0.6773 -0.6841 0.2706
vn -0.2920 0.3272 -0.8987
vn -0.2921 0.3280 -0.8984
vn -0.7720 0.1709 0.6122
vn -0.7719 0.1730 0.6118
vn -0.7792 0.0101 0.6266
vn -0.7792 0.0096 0.6266
vn -0.7136 -0.5813 0.3909
vn -0.7139 -0.5802 0.3920
vn -0.2801 0.1706 -0.9447
vn -0.2800 0.1684 -0.9451
vn -0.7558 0.3261 0.5678
vn -0.7558 0.3262 0.5677
vn -0.7437 -0.4537 0.4909
vn -0.7436 -0.4546 0.4904
vn -0.2776 0.0078 -0.9607
vn -0.2776 0.0085 -0.9607
vn -0.7303 0.4711 0.4947
vn -0.7307 0.4693 0.4959
vn -0.7650 -0.3088 0.5652
vn -0.7647 -0.3119 0.5639
vn -0.2847 -0.1537 -0.9462
vn -0.2848 -0.1559 -0.9458
vn -0.6976 0.5963 0.3972
vn -0.6978 0.5958 0.3977
vn -0.7768 -0.1540 0.6107
vn -0.7767 -0.1554 0.6104
vn -0.3012 -0.3104 -0.9016
vn -0.3011 -0.3101 -0.9018
vn -0.6576 0.7005 0.2772
vn -0.6575 0.7007 0.2769
vn -0.3264 -0.4545 -0.8288
vn -0.3259 -0.4524 -0.8301
vn -0.6131 0.7775 0.1399
vn -0.6127 0.7780 0.1387
vn -0.3595 -0.5798 -0.7311
vn -0.3597 -0.5807 -0.7304
vn -0.5659 0.8245 -0.0083
vn -0.5653 0.8248 -0.0102
vn 0.9487 0.1021 0.2992
vn 0.9415 0.1004 0.3217
vn 0.9650 -0.1118 0.2372
vn 0.9705 -0.0980 0.2201
vn 0.9346 0.0939 0.3430
vn 0.9754 -0.0795 0.2058
vn 0.9287 0.0828 0.3614
vn 0.9789 -0.0587 0.1960
vn 0.9115 -0.0149 0.4111
vn 0.9119 -0.0371 0.4088
vn 0.9233 0.0680 0.3781
vn 0.9811 -0.0379 0.1896
vn 0.9134 -0.0602 0.4025
vn 0.9184 0.0498 0.3925
vn 0.9822 -0.0156 0.1872
vn 0.9164 -0.0806 0.3920
vn 0.9148 0.0290 0.4029
vn 0.9818 0.0074 0.1897
vn 0.9206 -0.0977 0.3782
vn 0.9126 0.0067 0.4088
vn 0.9801 0.0312 0.1962
vn 0.9256 -0.1123 0.3614
vn 0.9771 0.0512 0.2067
vn 0.9318 -0.1235 0.3412
vn 0.9731 0.0676 0.2204
vn 0.9383 -0.1299 0.3204
vn 0.9679 0.0824 0.2374
vn 0.9451 -0.1319 0.2991
vn 0.9617 0.0936 0.2576
vn 0.9522 -0.1294 0.2767
vn 0.9553 0.1001 0.2783
vn 0.9590 -0.1226 0.2557
vn 0.9263 0.2359 0.2939
vn 0.9117 0.2324 0.3389
vn 0.8477 -0.0628 0.5267
vn 0.8513 -0.1115 0.5126
vn 0.9485 -0.2470 0.1982
vn 0.9485 -0.2470 0.1983
vn 0.9618 -0.2239 0.1575
vn 0.9787 0.1636 0.1237
vn 0.9678 0.1941 0.1604
vn 0.8621 0.1248 0.4912
vn 0.8543 0.0818 0.5133
vn 0.8904 -0.2460 0.3829
vn 0.9047 -0.2602 0.3375
vn 0.9985 -0.0165 0.0522
vn 0.9978 0.0347 0.0566
vn 0.9964 -0.0628 0.0567
vn 0.8974 0.2178 0.3838
vn 0.8578 -0.1545 0.4902
vn 0.9743 -0.1893 0.1218
vn 0.9551 0.2185 0.2002
vn 0.8494 0.0347 0.5266
vn 0.9196 -0.2650 0.2900
vn 0.9941 0.0826 0.0699
vn 0.8837 0.1933 0.4263
vn 0.8671 -0.1918 0.4597
vn 0.9836 -0.1553 0.0920
vn 0.9415 0.2308 0.2455
vn 0.8471 -0.0149 0.5312
vn 0.9343 -0.2607 0.2432
vn 0.9876 0.1264 0.0929
vn 0.8719 0.1628 0.4618
vn 0.8778 -0.2239 0.4234
vn 0.9910 -0.1140 0.0703
vn -0.2729 0.3832 0.8824
vn -0.2729 0.3831 0.8825
vn -0.2928 0.1950 0.9361
vn -0.2928 0.1949 0.9361
vn 0.1793 0.8313 -0.5261
vn 0.1284 0.9238 -0.3606
vn 0.1285 0.9238 -0.3607
vn 0.2030 -0.7072 -0.6772
vn 0.2426 -0.5556 -0.7953
vn 0.2426 -0.5556 -0.7952
vn -0.2585 -0.5554 0.7904
vn -0.2585 -0.5555 0.7903
vn -0.2231 -0.7071 0.6710
vn -0.0448 0.9807 0.1904
vn -0.1022 0.9237 0.3692
vn 0.3014 0.0002 -0.9535
vn 0.3014 0.0003 -0.9535
vn 0.2983 0.1957 -0.9342
vn 0.2983 0.1956 -0.9342
vn -0.0728 -0.9807 0.1817
vn -0.0142 -0.9999 -0.0045
vn -0.0142 -0.9999 -0.0046
vn -0.2426 0.5559 0.7951
vn 0.2231 0.7072 -0.6709
vn 0.1555 -0.8315 -0.5333
vn 0.1555 -0.8316 -0.5332
vn -0.2838 -0.3827 0.8792
vn 0.0142 0.9999 0.0045
vn 0.0143 0.9999 0.0044
vn 0.2928 -0.1950 -0.9361
vn -0.1285 -0.9238 0.3608
vn -0.1285 -0.9238 0.3607
vn -0.2030 0.7072 0.6772
vn -0.2030 0.7073 0.6772
vn 0.2585 0.5554 -0.7904
vn 0.2585 0.5555 -0.7903
vn 0.1022 -0.9238 -0.3690
vn 0.1022 -0.9238 -0.3691
vn -0.2983 -0.1950 0.9343
vn 0.0727 0.9807 -0.1815
vn 0.2729 -0.3829 -0.8826
vn -0.1791 -0.8317 0.5256
vn -0.1792 -0.8316 0.5257
vn -0.1555 0.8315 0.5333
vn -0.1555 0.8315 0.5334
vn 0.2839 0.3828 -0.8792
vn 0.0448 -0.9807 -0.1904
vn 0.0449 -0.9807 -0.1905
vn -0.3014 -0.0002 0.9535
vn -0.3014 -0.0003 0.9535
usemtl Material.009
s 1
f 2990/4009/2980 2992/4010/2981 2993/4011/2981 2991/4012/2982
f 2992/4010/2981 2994/4013/2983 2995/4014/2983 2993/4011/2981
f 2994/4015/2983 2996/4016/2984 2997/4017/2985 2995/4018/2983
f 2996/4016/2984 2998/4019/2986 2999/4020/2986 2997/4017/2985
f 2998/4019/2986 3000/4021/2987 3001/4022/2988 2999/4020/2986
f 3000/4023/2987 3002/4024/2989 3003/4025/2989 3001/4026/2988
f 3002/4024/2989 3004/4027/2990 3005/4028/2990 3003/4025/2989
f 3004/4027/2990 3006/4029/2991 3007/4030/2992 3005/4028/2990
f 3006/4029/2991 3008/4031/2993 3009/4032/2993 3007/4030/2992
f 3008/4033/2993 3010/4034/2994 3011/4035/2995 3009/4036/2993
f 3010/4034/2994 3012/4037/2996 3013/4038/2997 3011/4035/2995
f 3012/4037/2996 3014/4039/2998 3015/4040/2999 3013/4038/2997
f 3014/4039/2998 3016/4041/3000 3017/4042/3000 3015/4040/2999
f 3016/4043/3000 3018/4044/3001 3019/4045/3001 3017/4046/3000
f 3018/4044/3001 3020/4047/3002 3021/4048/3002 3019/4045/3001
f 3020/4047/3002 3022/4049/3003 3023/4050/3004 3021/4048/3002
f 3022/4049/3003 3024/4051/3005 3025/4052/3006 3023/4050/3004
f 3024/4053/3005 3026/4054/3007 3027/4055/3008 3025/4056/3006
f 3026/4054/3007 3028/4057/3009 3029/4058/3010 3027/4055/3008
f 3028/4057/3009 3030/4059/3011 3031/4060/3012 3029/4058/3010
f 3030/4059/3011 3032/4061/3013 3033/4062/3014 3031/4060/3012
f 3032/4061/3013 3034/4063/3015 3035/4064/3016 3033/4062/3014
f 3034/4065/3015 3036/4066/3017 3037/4067/3018 3035/4068/3016
f 3036/4066/3017 3038/4069/3019 3039/4070/3019 3037/4067/3018
f 3038/4069/3019 3040/4071/3020 3041/4072/3021 3039/4070/3019
f 3040/4073/3020 3042/4074/3022 3043/4075/3022 3041/4076/3021
f 3042/4074/3022 3044/4077/3023 3045/4078/3024 3043/4075/3022
f 3044/4077/3023 3046/4079/3025 3047/4080/3025 3045/4078/3024
f 3046/4079/3025 3048/4081/3026 3049/4082/3027 3047/4080/3025
f 3048/4083/3026 3050/4084/3028 3051/4085/3028 3049/4086/3027
f 3050/4084/3028 3052/4087/3029 3053/4088/3030 3051/4085/3028
f 3052/4087/3029 2990/4009/2980 2991/4012/2982 3053/4088/3030
f 2990/4089/3031 3052/4090/3031 3050/4091/3031 3048/4092/3031 3046/4093/3031 3044/4094/3031 3042/4095/3031 3040/4096/3031 3038/4097/3031 3036/4098/3031 3034/4099/3015 3032/4100/3013 3030/4101/3011 3028/4102/3009 3026/4103/3007 3024/4104/3005 3022/4105/3031 3020/4106/3031 3018/4107/3031 3016/4108/3031 3014/4109/3031 3012/4110/3031 3010/4111/3031 3008/4112/3031 3006/4113/3031 3004/4114/3031 3002/4115/3031 3000/4116/3031 2998/4117/3031 2996/4118/3031 2994/4119/3031 2992/4120/3031
usemtl uç.001
f 3151/4121/3032 3140/4122/3033 3139/4123/3034 3150/4124/3035
f 3118/4125/3036 3120/4126/3036 3121/4127/3036 3122/4128/3036 3123/4129/3036 3124/4130/3036 3125/4131/3036 3126/4132/3036 3127/4133/3036 3128/4134/3036 3129/4135/3036 3130/4136/3036 3131/4137/3036 3132/4138/3036 3133/4139/3036 3134/4140/3036 3135/4141/3036 3136/4142/3036 3137/4143/3036 3138/4144/3036 3139/4123/3036 3140/4122/3036 3141/4145/3036 3142/4146/3036 3143/4147/3036 3144/4148/3036 3145/4149/3036 3146/4150/3036 3147/4151/3036 3148/4152/3036 3149/4153/3036 3119/4154/3036
f 3153/4155/3037 3127/4133/3038 3126/4132/3039 3152/4156/3040
f 3154/4157/3041 3141/4145/3042 3140/4122/3033 3151/4121/3032
f 3155/4158/3043 3128/4134/3044 3127/4133/3038 3153/4155/3037
f 3156/4159/3045 3142/4146/3046 3141/4145/3042 3154/4157/3041
f 3157/4160/3047 3129/4135/3048 3128/4134/3044 3155/4158/3043
f 3158/4161/3049 3143/4147/3050 3142/4146/3046 3156/4159/3045
f 3159/4162/3051 3130/4136/3052 3129/4135/3048 3157/4160/3047
f 3160/4163/3053 3144/4148/3054 3143/4147/3050 3158/4161/3049
f 3161/4164/3055 3131/4137/3056 3130/4136/3052 3159/4162/3051
f 3162/4165/3057 3145/4149/3058 3144/4148/3054 3160/4163/3053
f 3163/4166/3059 3132/4138/3060 3131/4137/3056 3161/4164/3055
f 3165/4167/3061 3118/4125/3062 3119/4154/3063 3164/4168/3064
f 3166/4169/3065 3146/4150/3066 3145/4149/3058 3162/4165/3057
f 3167/4170/3067 3133/4139/3068 3132/4138/3060 3163/4166/3059
f 3168/4171/3069 3120/4126/3070 3118/4125/3062 3165/4167/3061
f 3169/4172/3071 3147/4151/3072 3146/4150/3066 3166/4169/3065
f 3170/4173/3073 3134/4140/3074 3133/4139/3068 3167/4170/3067
f 3171/4174/3075 3121/4127/3076 3120/4126/3070 3168/4171/3069
f 3172/4175/3077 3148/4152/3078 3147/4151/3072 3169/4172/3071
f 3173/4176/3079 3135/4141/3080 3134/4140/3074 3170/4173/3073
f 3174/4177/3081 3122/4128/3082 3121/4127/3076 3171/4174/3075
f 3175/4178/3083 3149/4153/3084 3148/4152/3078 3172/4175/3077
f 3176/4179/3085 3136/4142/3086 3135/4141/3080 3173/4176/3079
f 3177/4180/3087 3123/4129/3088 3122/4128/3082 3174/4177/3081
f 3164/4168/3064 3119/4154/3063 3149/4153/3084 3175/4178/3083
f 3178/4181/3089 3137/4143/3090 3136/4142/3086 3176/4179/3085
f 3179/4182/3091 3124/4130/3092 3123/4129/3088 3177/4180/3087
f 3180/4183/3093 3138/4144/3094 3137/4143/3090 3178/4181/3089
f 3181/4184/3095 3125/4131/3096 3124/4130/3092 3179/4182/3091
f 3150/4124/3035 3139/4123/3034 3138/4144/3094 3180/4183/3093
f 3152/4156/3040 3126/4132/3039 3125/4131/3096 3181/4184/3095
f 3094/4185/3097 3152/4186/3097 3181/4187/3098 3093/4188/3098
f 3107/4189/3099 3150/4190/3099 3180/4191/3100 3106/4192/3100
f 3093/4188/3098 3181/4187/3098 3179/4193/3101 3092/4194/3101
f 3106/4192/3100 3180/4191/3100 3178/4195/3102 3105/4196/3102
f 3092/4194/3101 3179/4193/3101 3177/4197/3103 3091/4198/3103
f 3105/4196/3102 3178/4195/3102 3176/4199/3104 3104/4200/3104
f 3087/4201/3105 3164/4202/3105 3175/4203/3106 3117/4204/3106
f 3091/4198/3103 3177/4197/3103 3174/4205/3107 3090/4206/3107
f 3104/4200/3104 3176/4199/3104 3173/4207/3108 3103/4208/3108
f 3117/4204/3106 3175/4203/3106 3172/4209/3109 3116/4210/3109
f 3090/4206/3107 3174/4205/3107 3171/4211/3110 3089/4212/3110
f 3103/4208/3108 3173/4207/3108 3170/4213/3111 3102/4214/3111
f 3116/4210/3109 3172/4209/3109 3169/4215/3112 3115/4216/3112
f 3089/4212/3110 3171/4211/3110 3168/4217/3113 3088/4218/3113
f 3102/4214/3111 3170/4213/3111 3167/4219/3114 3101/4220/3114
f 3115/4216/3112 3169/4215/3112 3166/4221/3115 3114/4222/3115
f 3088/4218/3113 3168/4217/3113 3165/4223/3116 3086/4224/3116
f 3101/4220/3114 3167/4219/3114 3163/4225/3117 3100/4226/3117
f 3114/4222/3115 3166/4221/3115 3162/4227/3118 3113/4228/3118
f 3086/4224/3116 3165/4223/3116 3164/4202/3105 3087/4201/3105
f 3100/4226/3117 3163/4225/3117 3161/4229/3119 3099/4230/3119
f 3113/4228/3118 3162/4227/3118 3160/4231/3120 3112/4232/3120
f 3099/4230/3119 3161/4229/3119 3159/4233/3121 3098/4234/3121
f 3112/4232/3120 3160/4231/3120 3158/4235/3122 3111/4236/3122
f 3098/4234/3121 3159/4233/3121 3157/4237/3123 3097/4238/3123
f 3111/4236/3122 3158/4235/3122 3156/4239/3124 3110/4240/3124
f 3097/4238/3123 3157/4237/3123 3155/4241/3125 3096/4242/3125
f 3110/4240/3124 3156/4239/3124 3154/4243/3126 3109/4244/3126
f 3096/4242/3125 3155/4241/3125 3153/4245/3127 3095/4246/3127
f 3109/4244/3126 3154/4243/3126 3151/4247/3128 3108/4248/3128
f 3095/4246/3127 3153/4245/3127 3152/4186/3097 3094/4185/3097
f 3108/4248/3128 3151/4247/3128 3150/4190/3099 3107/4189/3099
usemtl öncü.001
f 3039/4249/3129 3078/4250/3129 3077/4251/3130 3037/4252/3130
f 3021/4253/3131 3069/4254/3131 3068/4255/3132 3019/4256/3132
f 3003/4257/3133 3060/4258/3134 3059/4259/3135 3001/4260/3135
f 3047/4261/3136 3082/4262/3136 3081/4263/3137 3045/4264/3137
f 3029/4265/3138 3073/4266/3138 3072/4267/3139 3027/4268/3139
f 3011/4269/3140 3064/4270/3140 3063/4271/3141 3009/4272/3141
f 2991/4273/3142 3055/4274/3142 3085/4275/3143 3053/4276/3143
f 2993/4277/3144 3054/4278/3144 3055/4274/3142 2991/4273/3142
f 3037/4252/3130 3077/4251/3130 3076/4279/3145 3035/4280/3145
f 3019/4256/3132 3068/4255/3132 3067/4281/3146 3017/4282/3146
f 3001/4260/3135 3059/4259/3135 3058/4283/3147 2999/4284/3147
f 3045/4264/3137 3081/4263/3137 3080/4285/3148 3043/4286/3148
f 3027/4268/3139 3072/4267/3139 3071/4287/3149 3025/4288/3149
f 3009/4272/3141 3063/4271/3141 3062/4289/3150 3007/4290/3150
f 3053/4276/3143 3085/4275/3143 3084/4291/3151 3051/4292/3151
f 3035/4280/3145 3076/4279/3145 3075/4293/3152 3033/4294/3152
f 3017/4282/3146 3067/4281/3146 3066/4295/3153 3015/4296/3153
f 2999/4284/3147 3058/4283/3147 3057/4297/3154 2997/4298/3154
f 3043/4286/3148 3080/4285/3148 3079/4299/3155 3041/4300/3155
f 3025/4288/3149 3071/4287/3149 3070/4301/3156 3023/4302/3156
f 3007/4290/3150 3062/4289/3150 3061/4303/3157 3005/4304/3157
f 3051/4292/3151 3084/4291/3151 3083/4305/3158 3049/4306/3158
f 3033/4294/3152 3075/4293/3152 3074/4307/3159 3031/4308/3159
f 3015/4296/3153 3066/4295/3153 3065/4309/3160 3013/4310/3160
f 2997/4298/3154 3057/4297/3154 3056/4311/3161 2995/4312/3161
f 3041/4300/3155 3079/4299/3155 3078/4250/3129 3039/4249/3129
f 3023/4302/3156 3070/4301/3156 3069/4254/3131 3021/4253/3131
f 3005/4304/3157 3061/4303/3157 3060/4258/3134 3003/4257/3133
f 3049/4306/3158 3083/4305/3158 3082/4262/3136 3047/4261/3136
f 3031/4308/3159 3074/4307/3159 3073/4266/3138 3029/4265/3138
f 3013/4310/3160 3065/4309/3160 3064/4270/3140 3011/4269/3140
f 2995/4312/3161 3056/4311/3161 3054/4278/3144 2993/4277/3144
f 3056/4313/3162 3088/4314/3163 3086/4315/3164 3054/4316/3165
f 3065/4317/3166 3097/4318/3166 3096/4319/3167 3064/4320/3168
f 3074/4321/3169 3106/4322/3169 3105/4323/3170 3073/4324/3171
f 3083/4325/3172 3115/4326/3173 3114/4327/3174 3082/4328/3174
f 3061/4329/3175 3093/4330/3175 3092/4331/3176 3060/4332/3176
f 3070/4333/3177 3102/4334/3178 3101/4335/3179 3069/4336/3180
f 3079/4337/3181 3111/4338/3181 3110/4339/3182 3078/4340/3183
f 3057/4341/3184 3089/4342/3184 3088/4314/3163 3056/4313/3162
f 3066/4343/3185 3098/4344/3185 3097/4318/3166 3065/4317/3166
f 3075/4345/3186 3107/4346/3187 3106/4322/3169 3074/4321/3169
f 3084/4347/3188 3116/4348/3188 3115/4326/3173 3083/4325/3172
f 3062/4349/3189 3094/4350/3190 3093/4330/3175 3061/4329/3175
f 3071/4351/3191 3103/4352/3191 3102/4353/3178 3070/4354/3177
f 3080/4355/3192 3112/4356/3193 3111/4338/3181 3079/4337/3181
f 3058/4357/3194 3090/4358/3195 3089/4342/3184 3057/4341/3184
f 3067/4359/3196 3099/4360/3197 3098/4344/3185 3066/4343/3185
f 3076/4361/3198 3108/4362/3199 3107/4346/3187 3075/4345/3186
f 3085/4363/3200 3117/4364/3200 3116/4348/3188 3084/4347/3188
f 3063/4365/3201 3095/4366/3201 3094/4350/3190 3062/4349/3189
f 3072/4367/3202 3104/4368/3202 3103/4352/3191 3071/4351/3191
f 3081/4369/3203 3113/4370/3204 3112/4356/3193 3080/4355/3192
f 3059/4371/3205 3091/4372/3206 3090/4358/3195 3058/4357/3194
f 3068/4373/3207 3100/4374/3207 3099/4360/3197 3067/4359/3196
f 3077/4375/3208 3109/4376/3209 3108/4362/3199 3076/4361/3198
f 3054/4316/3165 3086/4315/3164 3087/4377/3210 3055/4378/3211
f 3055/4379/3211 3087/4380/3210 3117/4364/3200 3085/4363/3200
f 3064/4320/3168 3096/4319/3167 3095/4381/3201 3063/4382/3201
f 3073/4324/3171 3105/4323/3170 3104/4368/3202 3072/4367/3202
f 3082/4328/3174 3114/4327/3174 3113/4370/3204 3081/4369/3203
f 3060/4332/3176 3092/4331/3176 3091/4372/3206 3059/4371/3205
f 3069/4336/3180 3101/4335/3179 3100/4374/3207 3068/4373/3207
f 3078/4383/3183 3110/4384/3182 3109/4376/3209 3077/4375/3208
